alpha,sigma_d,sigma_e,var_disease,var_residual,prop_disease,prop_residual,delta_COVID-19,delta_Ebola,delta_HIV
0.027986347466890327,0.12792803309958073,0.30515581228040956,0.01636558165272742,0.09312006976851656,0.14947695374036873,0.8505230462596313,0.05590647505004213,-0.023041101701307305,0.0637038983188845
-0.06373305270565544,0.12020057650301129,0.2539670284436968,0.01444817859165627,0.06449925153652149,0.18301011911595402,0.8169898808840459,0.07252651535035165,0.01508564184274732,0.02051371388045161
-0.1351821121954308,0.1264706434162854,0.2263539120389213,0.01599482364612921,0.05123609349532372,0.2379087527911648,0.7620912472088351,0.026713951894004717,0.055035151030082705,-0.033253962688948
-0.14439177707487066,0.0972208002958028,0.26913443520423375,0.00945188401015637,0.0724333442127019,0.11542843825790151,0.8845715617420985,-0.08022747863977905,0.062174970946451684,-0.03205554609331425
-0.13356105712782723,0.0921797324891757,0.2720830790252583,0.008497103081775995,0.07402920189186496,0.10296235951058252,0.8970376404894175,-0.13860138604286854,0.03987187805364297,0.08138766344467244
-0.0330656725639533,0.08869761044172894,0.17326788122048184,0.007867266098072702,0.030021758662635005,0.20763970959293054,0.7923602904070696,-0.22321769671063707,-0.017515940506555527,0.11492961795754861
-0.03746125004380427,0.07803781926414141,0.20351017511716568,0.0060899012355028,0.04141639137621944,0.12819146476608256,0.8718085352339174,-0.23790711216105345,0.06805436779850896,0.050059152008559135
0.006353751805463038,0.09360865264046797,0.17862408413152636,0.008762579849163791,0.03190656343182661,0.2154601533802066,0.7845398466197933,-0.17654421547583235,0.05504015447890724,0.01826009148907075
0.012964077422190048,0.07329609151377019,0.21292016053343663,0.005372317031194974,0.045334994761584424,0.10594758115258596,0.894052418847414,-0.15898718864319145,-0.008977071690658138,-0.052440442929960494
-0.009714567428679594,0.09931533629922805,0.21572783541752458,0.009863536024228764,0.04653849897393057,0.17487908059612844,0.8251209194038716,-0.13632215451838617,-0.1381192362763485,-0.023488371652275006
-0.06980598472732116,0.14772161314533866,0.16426498872949086,0.02182167499026109,0.02698298652229976,0.4471227606945875,0.5528772393054124,-0.035227920163733537,-0.14025696466804746,0.06127768226834143
-0.15813511722510057,0.12898569715397626,0.1789092731883511,0.01663731007029728,0.03200852803278404,0.34200891009509493,0.6579910899049052,-0.04250834049948758,-0.15315012513641105,0.18302137110648492
-0.15673669179008887,0.16095033643287635,0.17063770290668107,0.025905010797856082,0.02911722565326875,0.4708098483213599,0.5291901516786401,-0.03536438100091802,-0.18376495057636066,0.17145275995682296
-0.18330413110951732,0.16078013926975382,0.23552662419164835,0.025850253183601433,0.05547279070311396,0.3178711955200711,0.6821288044799289,-0.16919357907033214,-0.14547040415098006,0.19078734130163616
-0.18243415647390868,0.16859627161440616,0.27001036775392695,0.028424702802278615,0.07290559869461087,0.2805153284099442,0.7194846715900558,-0.05663000721537003,-0.022271306407489706,0.22823736440718417
-0.17478943195340724,0.2297624845316961,0.3019876882429414,0.052790799298177885,0.09119656385031598,0.36663494728863705,0.633365052711363,-0.07553195060166147,0.020722412179960355,0.22544503838243668
-0.21895526921513625,0.20918160472486394,0.30266500913597244,0.04375694375526922,0.09160610775527828,0.32325618599001277,0.6767438140099872,-0.07936796559694669,0.038122842651023836,0.12260750355425828
-0.16877364112195115,0.29405610078256955,0.31124113438323925,0.0864689904074487,0.0968710437321656,0.4716318005133682,0.5283681994866317,-0.10480578188442788,-0.08148465096235265,0.15381984052738978
-0.16001125963089508,0.5213527507437817,0.4016432901467813,0.2718086907081078,0.16131733251993155,0.6275510501131941,0.3724489498868058,-0.19321896881344294,-0.02598979993768736,0.22172843450014837
-0.18009424520871836,0.45196270661505,0.28204661250745094,0.20427028817080176,0.07955029162692819,0.7197162669330702,0.2802837330669298,-0.1521947889639983,0.04813673262667337,0.239140578066117
-0.20901324963198636,0.24500556089424558,0.2845140417500348,0.06002772486910388,0.08094823995294055,0.4258011281914442,0.5741988718085557,-0.08453703009866018,-0.07622298940224444,0.3631785235586211
-0.1756151387509638,0.2593580568440338,0.19277746262759266,0.06726660164991306,0.037163150097132884,0.6441325438831743,0.3558674561168258,0.021433595186229337,-0.10804935485879062,0.3567945035299339
-0.3119508787246944,0.17891382888181967,0.19610021892076893,0.03201015816515305,0.0384552958607735,0.4542673939683332,0.5457326060316667,0.007425831923907599,-0.10062424717602327,0.4031317481101547
-0.2225695132777775,0.251145224057954,0.17348764986210713,0.06307392356711991,0.03009796465467708,0.6769630279142947,0.3230369720857052,0.11842919665944715,-0.034828499661107,0.3712100409369591
-0.27558096325984616,0.2040349508238798,0.1335190611353551,0.04163026115770305,0.017827339686466697,0.7001671874855878,0.2998328125144121,0.14735817585446828,-0.05061094700154389,0.28675532396768133
-0.2058057315556872,0.23229434674357954,0.17638221788275762,0.05396066352902636,0.031110686785240583,0.634298895335353,0.36570110466464695,0.0445915475631052,-0.015814709406681744,0.2709572256566731
-0.23937688888581513,0.18425681652873752,0.1762738253412101,0.033950574437304835,0.03107246150042345,0.522131486905946,0.47786851309405387,0.13947838974222967,0.005704417846823694,0.22522255545728845
-0.28379903026427905,0.23779235875579766,0.20892374478517334,0.05654520588264598,0.04364913113506024,0.5643553075524955,0.4356446924475045,0.25392343631935393,0.0671765155810507,0.21760459625437933
-0.2417601165782878,0.2116172754262648,0.19823467992235863,0.044781871258835614,0.03929698832391998,0.5326174912584124,0.46738250874158754,0.2039477281813213,0.08360963784151343,0.24621516233846172
-0.2328447490619439,0.308406392168526,0.21353520562927547,0.09511450273040666,0.04559728404313696,0.6759526327633124,0.32404736723668753,0.20164871327296013,0.0699066649645326,0.3305298959660855
-0.2601747830654707,0.312222990133674,0.20250433251651254,0.09748319556801228,0.041008004687958274,0.7038945101770799,0.29610548982292006,0.04086861947457529,0.019851018476908896,0.2869321371601202
-0.2813365175011578,0.15076478534815754,0.17883906218165643,0.022730020501076018,0.03198341016201438,0.41543767637311874,0.5845623236268813,0.04711654337134356,0.11634272597251147,0.1987224339586342
-0.29323999194747546,0.1470505187260293,0.20675976476376792,0.021623855057594298,0.04274960032516865,0.3359126044892169,0.6640873955107832,0.06976285020321463,0.06047797212196231,0.13100791947770563
-0.28926434585401156,0.19825489867110452,0.2228001131071277,0.03930500484708992,0.04963989040054889,0.4419028741071381,0.5580971258928619,0.09333033493023013,0.09428089878544693,0.1265603396857516
-0.35409175736965326,0.22906732853815653,0.1992724977493963,0.052471841003607744,0.039709528359283146,0.5692239263341984,0.4307760736658015,0.13959676868954654,0.1405485994202864,0.22133784900425077
-0.2977892903426398,0.35800348514946906,0.1910817839502037,0.1281664953791661,0.036512248157592325,0.7782819605406917,0.22171803945930835,0.08021017578605313,0.08331069453973544,0.29910975748831803
-0.19233860287273602,0.3062575622117756,0.21857931993834673,0.0937936944118996,0.04777691910471014,0.6625223419046303,0.3374776580953696,0.23441161822203777,0.04225851355707265,0.30702094300612953
-0.12945044267453631,0.2960625273144703,0.2975936582746824,0.08765302007983147,0.08856198544530847,0.49742086276146524,0.5025791372385348,0.23638434724072616,0.05082709116844505,0.26099690558357047
-0.1390009740758464,0.19643296826930215,0.3075230936274481,0.03858591102308866,0.09457045311419622,0.28977894727815184,0.7102210527218482,0.18687439127622674,0.007611529412606403,0.15683818344099693
-0.13124543294605637,0.16618132301504113,0.39155642526817974,0.027616232119029437,0.15331643416879562,0.1526326488501415,0.8473673511498585,0.17743000637750223,0.09134072465864773,0.07710060638419244
-0.10931017947376379,0.16533943802436524,0.39757751486984116,0.027337129766212914,0.15806788033007876,0.14744547492009596,0.852554525079904,0.14647591644037314,0.20100992944224222,0.04484405693727824
-0.022791283661498393,0.17557815328205137,0.3825606864280419,0.030827687909935526,0.14635267880029462,0.17399042841102538,0.8260095715889746,0.11275370770758142,0.15833570869528632,0.0144922033239247
-0.12483825741991629,0.1772055677350146,0.35585980064896133,0.03140181323628885,0.1266361977179185,0.19869785152755276,0.8013021484724473,-0.005496813501207606,0.03259734702301809,0.11578061542396914
-0.13223007423781957,0.20608326059576676,0.2763303307741018,0.04247031029778271,0.07635845170572451,0.3574076644552537,0.6425923355447463,0.005342287030898691,0.023548672703622903,0.022270259711870063
-0.08206138519822218,0.15206837541284574,0.2155565059439454,0.023124790800702184,0.04646460725476217,0.33230336009331757,0.6676966399066824,0.060178869308127984,0.20063634701890856,0.0441949069142611
-0.09239513061774916,0.14394076745072734,0.3369076774014152,0.020718944534304368,0.11350678309201605,0.15435896605444496,0.8456410339455551,0.0073184411785448995,0.19440709260890165,-0.010402171564147883
-0.19918680996253846,0.1610389270721955,0.3465543137298866,0.0259335360325639,0.12009989236479267,0.177586298679497,0.8224137013205031,-0.08080263132343925,0.13337576644962298,0.11289937519546442
-0.10618496131907781,0.13266279694616026,0.3128541353156171,0.01759941769357815,0.09787770998408246,0.152406091556976,0.8475939084430241,-0.1340409645934093,0.08636747426367843,0.0036869227726891753
-0.1079829650220552,0.11725230508588082,0.32169718925046303,0.013748103047952473,0.10348908157164823,0.11726742750229734,0.8827325724977026,0.10438551892840493,0.10487536378148077,0.055155443269040295
-0.0936813487501222,0.11725606083661168,0.325816519287732,0.013748983802919178,0.10615640424077302,0.11466527090433334,0.8853347290956667,0.036615605862681845,0.07101086456779707,0.07032014800808245
-0.07567410465340428,0.12148757671303391,0.3288271415814602,0.014759231295605298,0.10812728904063368,0.12010455870360284,0.8798954412963972,0.014646753876159654,0.1464183737593986,-0.01413149398907345
-0.11438866704869129,0.09883286060194801,0.2592139057080873,0.009767934334764089,0.06719184891244116,0.12692258115369376,0.8730774188463063,0.02631473108804301,-0.01692105662689257,-0.02829144755985776
-0.05558803803747626,0.1434951709603668,0.2727227503760806,0.020590864088944894,0.07437769857269398,0.21681768694665382,0.7831823130533462,0.04832403957415782,0.0308262767887163,0.07553608981439808
-0.09205749472149646,0.1259072483816812,0.34629057964621845,0.01585263519504637,0.11991716555171397,0.11676112882138581,0.8832388711786142,0.13634247919966974,-0.023072827297514538,-0.014535996085048658
-0.06829514343065424,0.11363360011962462,0.3041231019759878,0.012912595076146751,0.09249086115549707,0.122506372540279,0.8774936274597209,0.10431508611193788,-0.03873501849786016,-0.03789038048720458
-0.03098482291353468,0.10399305686638914,0.21330864531862542,0.010814555876416046,0.04550057816766714,0.19203640477798506,0.8079635952220149,0.01869965089802242,0.023993792673629766,-0.10380751953666383
-0.03732941527862148,0.08521532925174037,0.1696455428213456,0.007261652339482518,0.028779610199149007,0.20148163044230138,0.7985183695576986,0.033487850830369766,0.03534949768399382,-0.058363292855459416
-0.005994852450204211,0.07930932527114548,0.29664786068838817,0.006289969074964355,0.08799995325099735,0.06670881595617223,0.9332911840438277,-0.03723779504137627,-0.02753310125040566,-0.03185123779025009
-0.004015250475647079,0.052042433449253016,0.2636420116296346,0.002708414879319929,0.06950711029612038,0.03750460683821255,0.9624953931617874,-0.05736078373231763,-0.05770511579108424,-0.05428429997827225
-0.023578099065341727,0.06034150834037598,0.2945225292139898,0.003641097628791664,0.08674352021460548,0.04028448330777178,0.9597155166922282,-0.07299381802151213,-0.05087305809350831,-0.029476843978399662
-0.030528128740329917,0.06482519489552341,0.376594515923547,0.004202305893242594,0.14182342942369067,0.028777844426682315,0.9712221555733178,-0.04031648941501074,-0.03478561652604183,0.006726684065565203
-0.006164609787814159,0.03644272923652869,0.42641043870510614,0.001328072514206943,0.1818258622366811,0.007251127397362692,0.9927488726026373,0.04768707747651641,0.02240241751917509,0.0448088007068881
-0.13051537040745356,0.03950544790667865,0.35782976813174494,0.0015606804143073003,0.12804214296121835,0.012042024808249827,0.9879579751917502,0.03284400801107519,0.03727820633970788,0.032775637752046574
-0.1043504346901716,0.03327683670112681,0.38046422451767054,0.0011073478608334606,0.14475302613783242,0.007591834783335938,0.992408165216664,0.03284400801107519,0.03727820633970788,0.032775637752046574
0.04100300270826879,0.04913805718474912,0.2979542667936828,0.0024145486638916746,0.08877674510056112,0.02647784195417225,0.9735221580458276,0.005484723928130805,-0.04272442389145382,-0.008098029468743906
-0.010713256056823245,0.06094931646471881,0.19422541581113467,0.0037148191775164432,0.03772351214700816,0.08964692975747042,0.9103530702425296,0.006117472618982961,0.11696920206214172,-0.021313263460634432
-0.00630189531795014,0.059402538671955635,0.27058372493658883,0.0035286616006731846,0.07321555220055956,0.045979513319563174,0.9540204866804369,0.027474626066876735,0.10508926230437786,0.035790812155838514
-0.0014619004543332675,0.05568027064426387,0.20867231448848322,0.003100292539018473,0.043544134833980445,0.06646651515788873,0.9335334848421113,-0.0724607237839727,0.07286968135410837,0.05427305424118964
-0.06644625993496162,0.05637118497898546,0.31024492923090735,0.003177710495934996,0.09625191611349071,0.03195939283185195,0.968040607168148,-0.04509361737178766,0.033682530896474466,0.08522084165245278
-0.19038967269911813,0.06581005557359945,0.30580945591717906,0.004330963414600248,0.09351942332836108,0.044261076105678115,0.9557389238943219,-0.05828334391464594,0.16776460745980076,-0.0013792945025523917
-0.17028558067440092,0.07215310573725385,0.2680005115923576,0.005206070667531334,0.0718242742137654,0.06758467296951423,0.9324153270304858,-0.05775758131856971,0.11862046845039115,-0.04670873348952333
-0.0884155124346874,0.11358333557824135,0.23072789279349082,0.012901174121079387,0.053235360512924594,0.19506879506877384,0.804931204931226,-0.024856266818393175,0.04568437020135717,-0.010513062694473291
-0.18731800916647365,0.13580003492094292,0.24506967753358935,0.018441649484529317,0.06005914684641747,0.23492308800005388,0.7650769119999462,0.03208059194629019,0.04903581606208015,0.03840165793614268
-0.1699986163270371,0.0845421920972926,0.19385027979945768,0.007147382244615525,0.03757793097832803,0.15980619764444717,0.8401938023555529,-0.010557111743402264,0.07854372050405085,0.04469401043572763
-0.12210908038215215,0.08161628570884391,0.15636613059814017,0.006661218092907639,0.024450366798234625,0.21410732099360663,0.7858926790063934,-0.056887272688581986,0.06297303506827628,-0.017794598080708657
-0.06003174946015566,0.09300277253721871,0.20017271654613317,0.008649515699609643,0.040069116449458576,0.17754020008492932,0.8224597999150707,0.0167410356898215,-0.007898829634261112,-0.06158722259844316
-0.09868256634176542,0.058268988653793194,0.16333762522493034,0.00339527503873588,0.0266791798141198,0.11289564699835238,0.8871043530016477,-0.01336145518055076,0.04446737149785784,-0.030286497524826202
-0.11393341713249075,0.03977355929641746,0.16910731680583665,0.0015819360191056358,0.028597284597269606,0.05241805410466026,0.9475819458953397,-0.0029690521386921834,0.06303644472531869,0.019286835031905366
-0.14187263017011748,0.06209595298621126,0.20414418097208042,0.0038559073772657594,0.04167484662476152,0.08468797545268135,0.9153120245473186,-0.011762733390855123,0.021344814762456043,0.040500924402585084
-0.07686317300693116,0.04646987875980638,0.18610659580902555,0.0021594496319511038,0.03463566500362401,0.058688487679374,0.941311512320626,-0.03021414994654774,-0.05106958834649194,0.05609918753118643
-0.09459256511348396,0.04481361004011136,0.20938552097788782,0.00200825964482717,0.0438422963951815,0.043800115380820806,0.9561998846191793,-0.09249143606478963,-0.08723010160443576,-0.0007542675727220949
-0.0423088826168071,0.06702234148008777,0.2251661667149937,0.004491994257473494,0.05069980263312434,0.08138880251312719,0.9186111974868728,-0.04672948835432309,-0.062363313937392674,-0.07799167355489899
-0.030668809984003585,0.0664048102496535,0.2763312437421218,0.0044095988242924865,0.07635895626806793,0.05459548978250291,0.9454045102174972,-0.11301534137373968,-0.06911817820993275,-0.0204912945898473
-0.042256986015441714,0.06120512727395733,0.25477736738932644,0.003746067604621315,0.06491150693383582,0.05456160707400218,0.9454383929259977,-0.005759950769205879,-0.06426122685428431,-0.055977025252469406
-0.05379124325542784,0.04339430747775366,0.3436486435261011,0.0018830659214738275,0.1180943901973293,0.01569516459499852,0.9843048354050015,0.020023708626309582,-0.003047132345877059,0.04906549486105163
-0.15793989688062715,0.048715153501826626,0.33563901965746357,0.002373166180706531,0.11265355151662322,0.020631434402492925,0.9793685655975071,0.06987831640028472,0.02553509647713236,0.02420900215295251
-0.22039892332898728,0.037703355233085635,0.3709995058363292,0.001421542995832246,0.13764063333080045,0.01022235544835204,0.989777644551648,0.03127114784229653,0.06144611366231595,0.023361518654593245
-0.24616066794119176,0.03740692895300992,0.3826174140298438,0.0013992783336955318,0.1463960855188849,0.009467674067850007,0.9905323259321501,0.008256593604449282,0.04405910572973225,-0.010358596536593722
-0.3394828793530464,0.025538368358352805,0.3758023461774022,0.0006522082584069157,0.14122740339244005,0.004596913191529886,0.9954030868084701,-0.021715833837073494,0.008361299679120929,0.02527170905555577
-0.4053607437413135,0.018246597188983357,0.25216770408682443,0.0003329383089770153,0.06358855098442025,0.005208550561906354,0.9947914494380936,0.042731350910117594,0.010051859860750936,-0.007146222499782941
-0.3212099318961954,0.020967633258663996,0.3213661515835679,0.00043964164446983254,0.10327620338363275,0.004238905293118022,0.995761094706882,0.031716975558428645,-0.0035014131936777024,0.0020023878526843897
-0.32519491885121143,0.023685812596142223,0.2559514504725378,0.0005610177183395696,0.06551114499899598,0.008490984633569044,0.991509015366431,0.02787426645995803,-0.021557490178334276,-0.0021043658185060836
-0.3373247285097835,0.02769836585294266,0.22242380381667412,0.0007671994709234599,0.049472348504278334,0.015270827502312501,0.9847291724976874,0.02787426645995803,-0.021557490178334276,-0.0021043658185060836
-0.3220511031159247,0.03156532872213433,0.21156021314625978,0.0009963699773363984,0.04475772378649087,0.021776630141107037,0.978223369858893,0.0446434542893173,-0.06488591821445684,0.028386727094081476
-0.27405810140722636,0.04327138261219631,0.3063829107077431,0.0018724125531710853,0.09387048797374888,0.01955667253515701,0.980443327464843,0.09559295333632462,-0.004204459186341651,0.027734120912576002
-0.2897397693174671,0.02726591049763456,0.283982217650139,0.0007434298752650184,0.0806458999414909,0.00913424249761995,0.99086575750238,0.01725007666126957,-0.019298206809635284,0.06907008022438142
-0.29183830091567664,0.025621693551770748,0.235190199764618,0.0006564711804608507,0.05531443006532092,0.011728794174282221,0.9882712058257177,0.03520501724010809,-0.010507704042125362,0.009317403615160848
-0.2957999091363998,0.034389166384122476,0.23992596192605162,0.0011826147645948592,0.05756446720614117,0.020130612873401284,0.9798693871265988,0.03520501724010809,-0.010507704042125362,0.009317403615160848
-0.238018394951707,0.05388139930078682,0.28430159611135153,0.002903205190610831,0.08082739755146205,0.03467316722362529,0.9653268327763748,0.0347426976578636,-0.047985236465055175,0.008344707216935374
-0.2888355999261434,0.03360529498513103,0.2962114579871094,0.001129315851037673,0.08774122784284909,0.012707425926498032,0.9872925740735019,0.01159689164299254,0.0029564590299146,0.019941564440637816
-0.31085475202539975,0.0352414170994358,0.2978081293351766,0.0012419574791764057,0.08868968189811727,0.013810017117179123,0.9861899828828209,0.05043591941912716,0.030686224837334873,0.027875004098342752
-0.32928529397940726,0.03889159424901591,0.32889955747639604,0.0015125561032300872,0.10817491890816915,0.013789688413129168,0.9862103115868708,0.03619326431462652,0.04063993789386027,0.05824944839619299
-0.24128992402152732,0.0434939395867514,0.3467205188777351,0.0018917227807759805,0.12021511821084585,0.01549235706544712,0.9845076429345528,0.015307839050843219,-0.043774791128767705,-0.005333730593344459
-0.2696843997523913,0.039566733656836106,0.39129654260554164,0.001565526412271007,0.15311298425505046,0.010121162956101257,0.9898788370438988,-0.017473946901509874,0.04200905423550274,-0.044640966353350436
-0.2819051986913113,0.03097402976952769,0.29525925845793405,0.0009593905201635876,0.0871780297051291,0.010885166796478036,0.989114833203522,-0.05909161390026813,0.05389874324887603,-0.0924806821256143
-0.21238958172578626,0.03301409757011586,0.24067037670120847,0.0010899306383691301,0.057922230221501586,0.01846959376656722,0.9815304062334328,0.008604549090600835,0.023942433009343074,-0.0951565245718739
-0.16711207311204035,0.04144198712610588,0.2332451461090932,0.0017174382969603256,0.05440329818345223,0.030602561631737524,0.9693974383682624,0.023499265397850026,0.02435460023847577,0.023203184319542214
-0.09665410715615819,0.03245646684447675,0.16088714265051268,0.0010534222400266184,0.02588467267024642,0.039105298408644636,0.9608947015913554,0.020098012279979722,-0.027673494731254647,0.0016427639645222453
-0.11059719277741392,0.049294439871483506,0.19005628809573974,0.0024299418022433027,0.03612139264473082,0.06303132789308744,0.9369686721069125,-0.0052122792893566396,0.020741031442708814,0.008761650251306648
-0.08067211540087284,0.041150240954446714,0.1724130913998868,0.0016933423306090237,0.02972627408606572,0.05389443041419015,0.9461055695858097,-0.022779758866962353,0.08505942931707533,0.012950278523163723
-0.13770999302844314,0.0470821888136948,0.1851874418027142,0.002216732503488408,0.03429438860143366,0.060713898571292294,0.9392861014287076,-0.015744314463666198,0.08125638259899971,0.0016409548873607543
-0.0629061879444969,0.07627942240086223,0.16871012967534077,0.005818550281809163,0.028463107855070297,0.1697277960878355,0.8302722039121646,-0.03788066519279129,0.038016167107554955,-0.05037946617783184
-0.06516639102167539,0.10811878889879098,0.18122785953420395,0.011689672512941328,0.032843537071349155,0.26249337566419134,0.7375066243358087,-0.17905299991289972,0.05002704823758875,-0.03384761134116091
-0.01537976548471403,0.06296086131358272,0.20925614456111213,0.0039640700573481975,0.04378813403658106,0.08301334216009833,0.9169866578399017,-0.09673157714287178,-0.033110418013790124,-0.033331295839607034
0.08490703849924655,0.06691203786310965,0.15483081032333273,0.004477220810994219,0.023972579825379838,0.1573726602944956,0.8426273397055044,-0.05598781828771347,-0.06149290514644823,-0.0242634221120651
0.08770541523332528,0.03793710712151462,0.305441864972922,0.0014392240967492755,0.0932947328781367,0.015192272577939658,0.9848077274220604,-0.09451146141430769,-0.03887988589116538,-0.021779862292773042
0.07169913396717881,0.04079425851005237,0.24717688182366,0.00166417152738498,0.061096410908067576,0.026516189984319094,0.9734838100156809,-0.060486968844335576,-0.017525162423342292,-0.07049022135215943
-0.020409590207224722,0.04661325155568248,0.2707057139872237,0.002172795220593335,0.07328158358533257,0.028796144835834123,0.9712038551641659,-0.11734228866158689,-0.04256883850493473,-0.036601360490998394
-0.06214421352055755,0.06530023179956929,0.20453719375368792,0.00426412027307748,0.041835463628633676,0.09249802085348542,0.9075019791465145,-0.06336213455749912,-0.021139320770617476,0.0063161280534738615
-0.06680730865177724,0.05138874930815207,0.25615288804006275,0.0026408035554561,0.06561430205126492,0.03869019807356452,0.9613098019264356,-0.10525047652282112,0.009785376260463951,-0.014520255495630172
-0.12736211804960365,0.051965209542334086,0.18575333114345594,0.0027003830027786894,0.034504300030890396,0.0725818037566649,0.9274181962433351,-0.05822712587085998,0.00950948136358629,0.029402533017557582
-0.0490434841121893,0.06483103570021312,0.21108530380946264,0.004203063189962308,0.04455700548433314,0.08619887757003943,0.9138011224299606,-0.0355806752862947,-0.003953138172602212,0.10646343567495381
-0.11177061546025933,0.06966272651604491,0.2205788102996652,0.004852895465649267,0.04865501155321569,0.09069492222781787,0.9093050777721822,0.03994233438887766,0.00968237568123278,0.1046753888694739
-0.17479783801142543,0.0645288713897862,0.15225101220071435,0.004163975242839568,0.02318037071614207,0.15227920423058616,0.8477207957694138,0.004973210368780984,0.027880506868470815,0.03561157266786473
-0.17402408786178147,0.054772304047299374,0.14772548517777376,0.003000005290649807,0.021822818971008653,0.12085672681829522,0.8791432731817048,-0.01844317949692272,0.01576752581744715,0.06500326456045546
-0.22855224378490188,0.05176058487914212,0.19136167996791756,0.002679158147030876,0.0366192925601437,0.06817465062412122,0.9318253493758788,0.02246479195492465,-0.0072696405253306964,0.06930134100303315
-0.32114361854406603,0.05511894303441505,0.20538535021179236,0.0030380978812310916,0.04218314208162059,0.0671829848922061,0.9328170151077939,0.08435938351108811,0.05699143417389169,0.061546649995633834
-0.3311297078608986,0.055112446246005996,0.23197565152850505,0.0030373817312189006,0.053812702902074405,0.053427919251330516,0.9465720807486694,-0.031224562381802365,0.014997025465228159,0.09550073666302547
-0.30682231197494875,0.05193912510937561,0.28574271459061584,0.0026976727171273717,0.08164889894161415,0.03198319343721411,0.9680168065627859,0.08358672450691672,0.02306794537433364,0.012760104866470574
-0.2760904312739672,0.04733741473872112,0.2513189070622298,0.0022408308341456914,0.06316119304695371,0.03426240812087883,0.9657375918791211,0.0027857103948276812,-0.033701241023290654,0.015046161891028895
-0.28722432629275,0.032946854187010044,0.24650290666677901,0.0010854952008201013,0.060763682995170765,0.017550681067747223,0.9824493189322527,0.05337629524195679,-0.07155672482214764,-0.0022903465659435615
-0.22656855212264013,0.03298925438592655,0.22503225562042914,0.001088290904939374,0.05063951606961816,0.021038798444995996,0.978961201555004,0.12474126896213494,-0.007463405070516252,0.022052764862057185
-0.25423986226774803,0.036563556293051094,0.2614191820137312,0.0013368936487951162,0.06833998872472832,0.019187047457552765,0.9808129525424472,-0.010436641748437732,0.029780982070682978,-0.0787197764491759
-0.32511756198672503,0.038365952139364466,0.24302325128772642,0.001471946283560005,0.05906030066645742,0.024316729639582316,0.9756832703604177,0.016817732305944747,0.004214986053286237,0.010115621607485806
-0.2690101471621726,0.0368837171793827,0.25299079947248065,0.0013604085929686904,0.06400434461772492,0.020812571395834915,0.979187428604165,-0.035503592319625764,-0.0867348537559137,0.011915301403487125
-0.17591782453521884,0.040709668190215396,0.279667285499002,0.0016572770841574353,0.0782137905783803,0.020749404417123564,0.9792505955828765,-0.006974524642727644,-0.0372120558348943,0.029138272474606063
-0.1679784382146097,0.035823408618168344,0.30067479360601607,0.001283316605024258,0.09040533151002036,0.013996461191292081,0.986003538808708,-0.013559631361548547,-0.0009984480543401703,0.06832691631679652
-0.11695750872939766,0.03146997433634391,0.19926375116422537,0.0009903592847301443,0.039706042528038325,0.024335303383490273,0.9756646966165097,-0.011866347634718553,0.027765924545532873,0.00763218948810699
-0.16911522446294106,0.027682228720240787,0.29043941452230193,0.0007663057869197238,0.08435505350805753,0.009002508809383419,0.9909974911906166,0.012732709544833774,-0.020309555239319564,-0.03859500609661376
-0.18218286028621983,0.03342899077747105,0.3048983253980569,0.0011174974244002446,0.09296298883053938,0.011878100006541699,0.9881218999934582,-0.016622911950386645,-0.019280045512780807,-0.04169009580048654
-0.21095257550556373,0.03960428233454481,0.32754533940041786,0.0015684991792343384,0.10728594936293492,0.014409141750662727,0.9855908582493373,0.04970973658465186,-0.050375007553641146,-0.024103026564664804
-0.20915584823601346,0.029528263915422244,0.2798455225562248,0.0008719183698588274,0.07831351649476652,0.011011095302430942,0.9889889046975691,0.0029426710059462374,-0.0750956018680658,-0.03728242554520651
-0.19527425159664888,0.04138693063370392,0.26140437253321097,0.00171287802727902,0.06833224597948175,0.02445392240455871,0.9755460775954414,-0.011527639297816902,0.02424235357556289,0.009050806796232717
-0.1330540032545173,0.055782204979184284,0.24605524839911608,0.003111654392339732,0.060543185264750714,0.048883233531060014,0.9511167664689401,0.031985069104658495,0.010129096158470463,-0.002484418161101249
-0.14704479628354375,0.0671735056389905,0.22866501956861277,0.004512279859831487,0.05228769117431406,0.07944158734022788,0.9205584126597721,-0.027348266487178287,0.007452750017754757,0.04656910742663445
-0.10093571581590144,0.036329849914683604,0.2278248339857302,0.0013198579948234363,0.051904154980625526,0.02479816761340895,0.975201832386591,-0.027348266487178287,0.007452750017754757,0.04656910742663445
-0.06696489159916444,0.04857894327948297,0.34502996108073813,0.0023599137301512237,0.11904567404337567,0.019438262879246278,0.9805617371207538,-0.05798468189423899,0.001971352940910394,-0.02001014920975909
-0.18790151541942707,0.06220545542295625,0.3054929286286651,0.0038695186843773974,0.09332592944211868,0.039811727390169235,0.9601882726098306,0.05403386483828604,0.017220178964855046,0.02242124107887507
-0.2329843392842,0.06450051775243842,0.20456445942355314,0.004160316790332625,0.041846618059250516,0.09042803664131345,0.9095719633586866,0.11234698324646575,-0.022086224722559566,-0.032566837699724835
-0.2295656701146732,0.07182898039709819,0.19761141147057873,0.005159402424886716,0.039050269943394375,0.11670302330917992,0.8832969766908201,0.1022902933759086,0.033121440421649,0.03243223846778116
-0.1746010152852375,0.059302954057215466,0.22911117378977688,0.0035168403599122084,0.05249192995532934,0.06279088685786015,0.9372091131421398,0.07993905841486484,0.05416005686264899,0.07447472908684429
-0.06894948059873209,0.08097549071604376,0.16160149221641998,0.006557030096704089,0.026115042286573648,0.2006922003533549,0.799307799646645,0.02619714394531744,0.05262703053224507,0.03820046230323877
-0.07959833708727412,0.09530752661759224,0.17867911834885147,0.009083524629963055,0.03192622733392287,0.22149669761383103,0.7785033023861689,0.02687895380499259,-0.04037736670768328,0.032931816278725504
-0.10906916206203042,0.08289922653641386,0.1272366357554257,0.006872281760335664,0.016189161478358877,0.2979987717683141,0.702001228231686,-0.030725091312788555,0.00958360325216185,-0.00028266007360951487
-0.050301578413944274,0.09370609490242413,0.21234842660368536,0.008780832221862116,0.045091854281060745,0.16299228406561297,0.837007715934387,-0.04653723230922552,0.04517013056128078,-0.04462681070642103
-0.00802114653225125,0.14056274067176025,0.2547360706527094,0.019757884065156522,0.06489046569158216,0.23341133196260141,0.7665886680373986,-0.1283096270630686,-0.004643044345573735,0.06756750980698459
-0.06998891596225716,0.14808575558025733,0.19083261308780197,0.021929391005775713,0.036417086217918726,0.37584772979010656,0.6241522702098935,-0.14717211779699876,-0.002652395763217616,0.03423958077770143
-0.03381155302762415,0.14985861108948917,0.30268040147139585,0.022457603317670768,0.09161542543488538,0.19687040454045573,0.8031295954595442,-0.06559613189743892,0.05165208388162447,0.05965220904240259
-0.0788935112950162,0.1515074857033161,0.2785561374518551,0.022954518224140533,0.07759352171209678,0.22829403973162654,0.7717059602683735,-0.04569560326088111,-0.027178340555569343,0.0664993276025339
-0.08903862684358096,0.1375132845210676,0.22799538817737194,0.018909903419772087,0.05198189703015051,0.2667431677536514,0.7332568322463485,-0.055982265955822674,-0.012133382435459146,-0.007918555922585679
-0.07072699668162032,0.11545313681111898,0.22734104919817139,0.013329426799526955,0.05168395265052538,0.20502590254929787,0.7949740974507021,-0.044655591187318114,0.10128595933528531,-0.05407737837527663
-0.036497689793036255,0.07288091820938722,0.2964103345609735,0.00531162823904339,0.08785908643454823,0.05700963288359235,0.9429903671164076,-0.07356090076372938,0.016866930140874883,-0.16867228057389394
-0.02880659851145524,0.0720461955452368,0.2851884063676275,0.005190654292542498,0.08133242712650703,0.05999155609591694,0.9400084439040831,-0.17216281055102053,0.008115933239664919,-0.12522884545474836
-0.12703365827346474,0.06532765922523043,0.3207392815230177,0.0042677030598478344,0.10287368671190163,0.039832440748991685,0.9601675592510083,-0.20932870898424885,0.030604325300822813,-0.1156687612750121
-0.08493350670104738,0.05852465450847579,0.34581062950789143,0.003425135185336456,0.11958499148064415,0.0278443350817531,0.9721556649182469,-0.08891869797769936,-0.07611289711203947,-0.02223251726537162
-0.2007546235588495,0.064566731681868,0.35833705894158313,0.0041688628400783365,0.12840544781090363,0.03144548004517539,0.9685545199548247,-0.022402341620069786,0.02068569618285823,0.040337614308357646
-0.18251810925635487,0.0689380585815219,0.34611453491847044,0.004752455920989345,0.1197952712818291,0.03815770891788541,0.9618422910821146,-0.024964958743372925,0.042721904878421715,-0.01690955224989544
-0.10529864111070557,0.050960402624977676,0.2728164709176249,0.0025969626356998317,0.07442882680394727,0.03371549522039835,0.9662845047796016,0.04732759211745953,0.05631481011354762,0.025035550930519172
-0.05793580953474726,0.040163119304149925,0.2600727414025195,0.0016130761522393804,0.06763783082062179,0.023293213370787057,0.976706786629213,-0.03469507409159102,0.053758730295637464,0.04882499947604686
-0.06652650210100966,0.057828950864439066,0.28606347566717655,0.003344187558081708,0.08183231211078532,0.03926185709770422,0.9607381429022959,-0.009726993143347209,0.06943826771893359,0.017374689887909398
-0.10467389610332994,0.048856595205071636,0.28068018190871796,0.002386966895032229,0.078781364516311,0.029407613209831877,0.9705923867901681,-0.029448887658665875,0.06400048198996294,0.09934352036814982
-0.06221315453801234,0.046966256205884634,0.3249352703581179,0.0022058292219967967,0.10558292992270318,0.02046437160516527,0.9795356283948347,0.019347476247682113,-0.003964187897426218,0.04422332730571583
-0.10279151297862314,0.049879457527212415,0.23296645445439926,0.002487960283208987,0.054273368901053685,0.043831959521814456,0.9561680404781855,0.010783616160478432,-0.03440863101294335,-0.004333093320313553
-0.07131259360984532,0.03840858837544072,0.21528836770571108,0.0014752196609940402,0.04634908126938946,0.030846653945689164,0.9691533460543109,0.015502106014626423,-0.04667669015340803,0.001094759447681025
-0.12575453769691278,0.04329107479678426,0.20335554777297116,0.0018741171570607696,0.041353478810045155,0.04335464684380969,0.9566453531561904,0.02247023280040578,-0.06070834471872753,0.0020476445678662206
0.039242492801868326,0.04435754476731269,0.2629831216153114,0.0019675917777841495,0.06916012225453366,0.027662800703677166,0.9723371992963229,0.008940666415691675,0.018674947909475537,-0.05300621831212235
-0.10644805747716055,0.02299430712892366,0.30047917297397336,0.0005287381603392694,0.090287733391123,0.00582205134494411,0.9941779486550559,0.015480620744771988,-0.03263079493517536,0.027127467006217515
-0.24818677519811924,0.030406205089330195,0.2652155569911504,0.0009245373079344094,0.07033929167012615,0.012973444188903177,0.9870265558110969,0.039814171868766735,0.024135270140167933,-0.012004451449570887
-0.32848330295326983,0.02790098823721928,0.2935264909019381,0.0007784651446134487,0.08615780086120556,0.008954435017502854,0.9910455649824971,0.039814171868766735,0.024135270140167933,-0.012004451449570887
-0.3775859697052944,0.028579904312605688,0.4508438516921312,0.0008168109305176971,0.2032601786085964,0.0040024646206433005,0.9959975353793568,-0.01075287284392908,0.052433213785177915,0.012495250957557914
-0.38702601935076886,0.036577787374457896,0.3965153062617896,0.0013379345292110515,0.1572243880998808,0.008437909504773975,0.991562090495226,0.051570539276154806,0.012856316466735372,0.016276073143586145
-0.32507771475676145,0.030875841738324784,0.3613365983627678,0.0009533176030500788,0.1305641373163762,0.007248601363477764,0.9927513986365222,-0.01913099825484431,0.01417167237373202,0.02146358355462044
-0.2562009460872779,0.02767135095654654,0.2532393163569319,0.0007657036637603691,0.06413015134892625,0.011798961021635052,0.9882010389783649,-0.01913099825484431,0.01417167237373202,0.02146358355462044
-0.21447984557087135,0.0375099666899522,0.2469564391969974,0.0014069976010813235,0.06098748286086027,0.022550033122553874,0.9774499668774461,-0.012221299359055375,0.08549358880112728,-0.00021017313554691844
-0.1508876109627763,0.04462784170757526,0.23940759789127464,0.0019916442554763934,0.057315997928070246,0.03358157873335459,0.9664184212666455,0.03218071638487507,0.05001005435673643,0.02560213592936587
-0.028432172910928498,0.030879917150470993,0.3070636681541855,0.0009535692832199526,0.09428809630030376,0.010012102133847131,0.9899878978661529,-0.012217069858278376,-0.007318415710322088,0.008574798376622016
-0.11297895831542293,0.027390978865533062,0.211488637970613,0.0007502657232120788,0.044727443990665014,0.01649743858985806,0.9835025614101419,-0.012217069858278376,-0.007318415710322088,0.008574798376622016
-0.14310738887749536,0.026462110536808053,0.13213578083964259,0.0007002432940622478,0.017459864578102058,0.03855942371000869,0.9614405762899914,0.0553284809962456,-0.04005560495642693,-0.0025640582170930997
-0.20073493810567522,0.027605130988408146,0.1444092471062327,0.0007620432568871717,0.02085403064978898,0.03525354604990565,0.9647464539500944,0.04104898447175275,-0.062152579884127146,-0.013801122596861639
-0.05658624927673289,0.044886713867536,0.12784201684127827,0.002014817081826049,0.016343581270045676,0.10974906651486996,0.8902509334851301,-0.07161368839171206,-0.08581752629040548,0.02359051338352431
-0.09474593301479756,0.05160785823124058,0.1197739675765631,0.0026633710312158262,0.014345803309031587,0.15658438075466777,0.8434156192453321,-0.09450346090108871,-0.030564707169348053,-0.035808769632773386
-0.1303331103072127,0.04806625139231157,0.1806791293193942,0.002310364522908894,0.03264494777161437,0.06609480423011062,0.9339051957698894,-0.01829677083514595,0.011456834518686738,-0.02636208949673377
-0.1079685604863927,0.05681113624370783,0.2596528437415644,0.003227505201301133,0.06741959926308125,0.04568489007116095,0.9543151099288391,0.04127144139160879,0.03333509520643016,-0.006926399129467976
-0.1593610842421314,0.09644932109123684,0.3004134747310838,0.009302471538960504,0.09024825580000354,0.09344453614373069,0.9065554638562693,-0.03292760959567774,0.03619090777442883,0.08651913245959009
-0.05551110099335005,0.07107900824251182,0.23342343865962753,0.005052225412739062,0.05448650171568489,0.08485612065305836,0.9151438793469417,-0.09214484198304658,0.08094400760389706,0.07972008827930419
-0.04923744506406281,0.07712426605831978,0.2386398940119511,0.005948152415034496,0.05694899901403525,0.0945695040218528,0.9054304959781472,-0.013920337590556262,0.051445140071193836,0.07222476934766224
-0.11151206538790252,0.06437879625928201,0.23340731427761954,0.004144629407794144,0.05447897435829146,0.07069898712354251,0.9293010128764575,-0.09880467287743888,0.009461843065370464,0.13090915326760075
-0.10368435929419739,0.0651798584476981,0.26200054892035474,0.00424841394726196,0.06864428763456719,0.058283118269292056,0.941716881730708,-0.053718266107578426,-0.04350540894655394,0.010613844393357788
-0.13710026770485453,0.05538283627572519,0.2730680193949023,0.003067258553943782,0.07456614321625472,0.039509521468904955,0.960490478531095,0.008580353446099375,-0.007720257296250404,-0.014884698227369696
-0.1403629752026955,0.06890919774569651,0.2693327709489757,0.004748477533955505,0.0725401415070534,0.06143825045490837,0.9385617495450916,0.03500124080612206,-0.006649495493781323,0.05935651937469903
-0.14345402389969214,0.06199947445953004,0.1876628364736156,0.0038439348332579173,0.03521734019332299,0.09840781773360313,0.9015921822663969,0.04097107294898865,0.0644780977573747,0.07333052250245005
-0.1729147828531907,0.04745119064990418,0.20129520277206286,0.002251615494093554,0.040519758659045904,0.05264304780182713,0.9473569521981728,0.04755279539937386,0.03208273991498964,0.1093401748686802
-0.16678611142085226,0.04823202043404621,0.17144455351672958,0.002326327795150251,0.029393234930550752,0.07334047493868279,0.9266595250613171,0.04537868960627999,0.040686080492591356,0.03430154679117292
-0.1568176718128852,0.039695144933773636,0.17789045844940882,0.0015757045313132948,0.031645015207340844,0.04743137848033665,0.9525686215196633,-0.019981465890262954,0.020399962160283572,-0.06578081350124841
-0.21134318871548763,0.03971558825450951,0.1572905782568137,0.0015773279504017336,0.024740326008362835,0.05993421575012525,0.9400657842498747,-0.004708596835393555,-0.040783854557058075,-0.03054899425121214
-0.18174548407919866,0.04261690739456749,0.1685693384428506,0.0018162007958771413,0.02841562186306031,0.060075795507493715,0.9399242044925062,-0.004708596835393555,-0.040783854557058075,-0.03054899425121214
-0.19797671627430244,0.060573236132368924,0.17474161411564748,0.003669116935547724,0.030534631703741853,0.10727236286998783,0.8927276371300121,-0.020881102821157047,0.020448317351725254,0.019247182235257274
-0.13233869436807955,0.04876363615004334,0.15941730634830875,0.0023778922105738135,0.02541387756335052,0.08556102147927527,0.9144389785207246,0.013750506190923922,-0.014329243454670695,0.03456972718082628
-0.12020893278861942,0.04031099102235485,0.15031832583632565,0.0016249759972043734,0.022595599082235768,0.06709072727937618,0.9329092727206239,-0.020728779994993375,0.0459711225220018,0.032837028208287614
-0.13827511722121333,0.023636799273823995,0.14376969956234062,0.0005586982799110465,0.020669726512245683,0.026318404939657553,0.9736815950603425,-0.040141294274113455,0.0015410688798202787,0.0575904818937059
-0.12305449562491179,0.022928118334237045,0.13750275703771017,0.000525698610348777,0.018907008192971555,0.02705225863125535,0.9729477413687446,-0.040141294274113455,0.0015410688798202787,0.0575904818937059
-0.13821902193525087,0.03516756650089326,0.20979611206200785,0.0012367577335947498,0.04401440863633455,0.02733095813452028,0.9726690418654796,0.005457321364156907,-0.04825725380012817,0.02217297924649233
-0.11554877648033655,0.0510556284877847,0.21322409903755782,0.0026066772002826927,0.04546451641037826,0.05422534795775486,0.9457746520422451,0.005300116097738554,0.02874933825548568,0.09751003249774017
-0.255772152228922,0.06159644420504473,0.26759009505001097,0.003794121938705189,0.07160445896887391,0.050320866693179395,0.9496791333068205,-0.030251705298615945,0.03211971421162109,0.07200478665396395
-0.2028902383619568,0.040339882831229565,0.35732692402406024,0.0016273061468373299,0.12768253063249652,0.012584550312396681,0.9874154496876032,0.019906507986012324,0.03587521212239718,0.0646852472223603
-0.19804561988989236,0.03990991544110617,0.2777884323602193,0.0015928013505162447,0.07716641315314812,0.020223682531040704,0.9797763174689593,-0.06856387345823925,0.04060999510458995,0.02141076088060537
-0.18891028697115653,0.05615318167388058,0.3199607893725268,0.0031531798120998378,0.10237490673589046,0.029880005553458863,0.9701199944465412,-0.06786584447287433,-0.017099953398353858,0.04642742976034203
-0.18230606300051902,0.051863714575100056,0.14548605525812344,0.002689844889527446,0.02116619227456975,0.11275321508869891,0.8872467849113012,-0.051148823989120414,-0.024328956390928,0.00578403205746638
-0.1255317156603931,0.05904411698348273,0.1897292667077428,0.0034862077503591943,0.035997194645457795,0.08829552517815778,0.9117044748218421,-0.013767430445283401,0.00826660336903174,0.04158419202614999
-0.0957075302707896,0.0611191280018923,0.15423162499636847,0.0037355478077116954,0.02378739414902043,0.13572487321973872,0.8642751267802613,-0.06686297231277187,0.016807090066837546,0.011104006664082422
-0.06873100921901981,0.06655574529820137,0.18229819732743877,0.004429667232199053,0.033232632748833806,0.11761542004683413,0.8823845799531658,-0.05185469414991574,0.010517217495222594,0.035910176754832185
0.02427302462770413,0.10085408069152091,0.23090272390336378,0.010171545592131811,0.05331606790599304,0.1602130719944645,0.8397869280055356,-0.06561350821076005,0.050024641652903316,0.12377000630942625
-0.01966660707911766,0.09523495730522888,0.18508039450599337,0.009069697092928767,0.03425475243049414,0.20934361988893435,0.7906563801110658,0.034542662086799056,-0.047298680396454004,0.17690445646405342
-0.098554534328681,0.09509335979472526,0.19627360599185395,0.00904274707704907,0.03852332840904553,0.19010916886957838,0.8098908311304216,0.022577931225548152,0.021052233619907542,0.22007078414041226
-0.09516163254469175,0.0888109994985234,0.265377257578521,0.007887393631926724,0.07042508883989668,0.10071694042855281,0.8992830595714472,0.029780030376553537,0.15760125236179606,0.15315546332206445
-0.02040484921312472,0.12115369404801485,0.270269856334788,0.014678217581479988,0.07304579524322695,0.16732268746996898,0.8326773125300311,0.0269599167593984,0.13396215341069606,0.12251400767946112
-0.033117890484688065,0.10633660469818118,0.29450108968788086,0.011307473498737248,0.08673089182734925,0.11533723008464426,0.8846627699153558,0.0379294858601918,0.13061749265994535,0.16627586331088315
-0.06040309181689854,0.09353016692221738,0.3819990762673799,0.008747892124497846,0.1459232942691315,0.056557994597875264,0.9434420054021248,0.06545438171914485,0.14926321528275405,0.07876724954666212
-0.15651425937234045,0.1157809911280506,0.3130642225043839,0.013405237906593731,0.09800920741227441,0.12031867024269555,0.8796813297573044,-0.032851876240059724,0.10412316107555865,-0.035183053470147656
-0.16665140361842423,0.11560691973517594,0.3070064910119134,0.013364959890655411,0.09425298552344807,0.12418895230928573,0.8758110476907143,-0.024765357372347016,0.1797814884850761,0.08133087326329047
-0.1199781079105781,0.13616326139549095,0.20106456479350138,0.0185404337538568,0.04042695921560011,0.31441840685512595,0.685581593144874,-0.11830263537911803,0.056365221653730556,0.0907077900671083
-0.044879736160578235,0.11106454777479022,0.245692706044263,0.012335333772418659,0.060364905803352624,0.16967390815214922,0.8303260918478509,-0.0951918571659279,0.02832766516282555,0.010352866858970647
-0.03915956218277657,0.14066198954108194,0.16315250358374114,0.019785795301655446,0.026618739425642666,0.4263763319237889,0.5736236680762112,-0.058164176516056286,-0.08020467443051497,-0.012480660448743982
-0.047378443298890405,0.0639957288822004,0.21960751185992525,0.004095453315164099,0.04822745926530721,0.0782726555763767,0.9217273444236233,-0.09490375157039518,-0.09248238005378243,-0.02152870270731333
-0.04169553462428509,0.06407455731022739,0.19596937303919798,0.004105548894501614,0.038403995169376336,0.0965794619752288,0.9034205380247712,-0.09490375157039518,-0.09248238005378243,-0.02152870270731333
-0.06307368371009933,0.05896678783451827,0.15270926630927636,0.0034770820675210914,0.023320120016717488,0.12975541463585188,0.8702445853641481,-0.0007539829537372353,-0.020631650728601084,0.030871513569210626
-0.06523140930171081,0.07719072340447193,0.1326524440467618,0.00595840777970569,0.01759667091157927,0.2529563945761818,0.7470436054238182,-0.0331626346233178,-0.0663727013126501,0.010747744846796047
-0.048817664493514865,0.0795511827430243,0.23860282320602824,0.0063283906758140485,0.05693130724188717,0.10003826897888567,0.8999617310211142,-0.026434741961881395,-0.05842511206456841,-0.04510555022497613
-0.03935307743856026,0.08482227519862344,0.2149942988205333,0.007194818369871009,0.04622254852533277,0.13469062194671777,0.8653093780532822,-0.04463217110618129,-0.0790256190980558,-0.02128761491618939
-0.080104328306331,0.0902340816245116,0.2318047760102987,0.008142189486619022,0.05373345418118475,0.13158957230946286,0.8684104276905371,-0.04980076295988568,-0.023780703852473255,0.034103395525613686
-0.06433225662094305,0.07926915015313196,0.20204133431580293,0.006283598165999781,0.040820700772110044,0.13339755197834022,0.8666024480216598,-0.06004374754915041,-0.08898438303010779,0.04859863290973476
-0.05769591572388775,0.08629242499927557,0.28399757799226555,0.0074463826122556,0.08065462430547295,0.08452097056290472,0.9154790294370954,-0.061447346614143285,-0.0834938404265099,-0.036209688376728486
-0.07779680750678242,0.11358015817303362,0.3169475634100358,0.012900452330611335,0.10045575795155869,0.11380454849804085,0.8861954515019591,-0.16325123941183745,-0.11700843609533246,0.05648770545596947
0.04701807005813953,0.13597813160148756,0.22795240518596305,0.018490052273831468,0.051962299030065474,0.26244762497811375,0.7375523750218862,0.04504162171988125,-0.2223493112677456,-0.057345374621159684
-0.011057693900052068,0.16216403593400935,0.23957697048406387,0.026297174550406678,0.057397124786322015,0.31420508635366917,0.6857949136463307,0.03358486640096442,-0.12290992438604992,-0.06287996224640732
-0.011147876666832002,0.13481377460673896,0.32161883228626986,0.018174753823716614,0.10343867328118378,0.14944693407940532,0.8505530659205947,-0.06894208457713066,-0.03638087114413625,0.021872829632625594
0.05394605453994876,0.20186291410396875,0.30539867934771253,0.04074863609054627,0.09326835334732694,0.3040557489126129,0.6959442510873871,-0.07929905862009341,0.12257633126918788,0.0583257577689095
0.06981374939392056,0.2005890936295136,0.3126187989266624,0.04023598448310978,0.09773051344234897,0.29163590500679876,0.7083640949932014,-0.07313835555882553,0.07331559852953404,0.10453668104918366
0.09143355741174934,0.22560716739201278,0.28922264938041353,0.050898593978647676,0.08364974091462563,0.3782922621749393,0.6217077378250607,0.06678912475019576,-0.03749249444172242,0.025219556855722455
0.04862764592819974,0.2581254645248523,0.349820622852899,0.06662875543617078,0.1223744681731902,0.352527084796615,0.647472915203385,0.07190560107640406,-0.07038758074405053,0.1574987575752423
-0.021114943644891204,0.22328945756029078,0.2805138089852235,0.0498581818575689,0.07868799703139845,0.3878620297273422,0.6121379702726578,-0.015088154181977717,-0.02657310186964818,0.15414731382389074
-0.01663767453057387,0.1800788391406539,0.250446629514186,0.032428388306245504,0.06272351423501595,0.3408065150582074,0.6591934849417926,0.06553377293715786,-0.07722395735970032,0.1219951705427188
-0.06123381924950675,0.15537542776064966,0.22457742343295212,0.024141523551804864,0.05043501911578347,0.3237147055664863,0.6762852944335136,0.07819646977960915,0.11172157549027567,0.1271932397601701
0.0027185334435069278,0.12868062086738874,0.2650863499052219,0.016558702186816644,0.07027077290607374,0.19070370020205818,0.8092962997979418,-0.002441630156893748,-0.04101380825306592,0.06834965573557619
-0.023988564496612415,0.11528871791065413,0.23452271764012111,0.013291488477482384,0.05500090508930797,0.19462619163411268,0.8053738083658873,-0.143460638753941,-0.06243388744889759,-0.014484954236416974
-0.06746559860513134,0.10761332062776767,0.1775227266375699,0.011580626776534727,0.03151431847283737,0.26872355236844064,0.7312764476315593,-0.12468594801818983,-0.010072686222780354,-0.08446732541025163
-0.08476924139081465,0.10314006256754293,0.19002113945245075,0.010637872506436672,0.03610803343880774,0.2275680038995777,0.7724319961004223,-0.019909995559535945,-0.03041404487972596,-0.051987503223842185
-0.10035503080502721,0.10854695032050773,0.18433274677038414,0.011782440423882774,0.033978561531914565,0.25747776316751053,0.7425222368324894,-0.04356717754064532,-0.09174042543076477,-0.04380631467246185
-0.22052437826738674,0.1443753993029271,0.2142026932908111,0.02084425592387964,0.04588279381303729,0.31238090108976446,0.6876190989102355,-0.08372731214991344,-0.22658658412952773,0.12957440387890118
-0.2652667056873854,0.17138175839757894,0.22857757451549707,0.02937170711144612,0.052247707571387615,0.35986177094729405,0.640138229052706,0.024808873125603773,-0.2871912918338097,0.11236507604275528
-0.2056976900374807,0.1339147492286261,0.22124152784350298,0.017933160060965812,0.0489478136425275,0.2681354512042508,0.7318645487957492,0.09409214881668752,-0.11490759623245034,0.18078238086136297
-0.2848363998293626,0.1482598096597766,0.2358613294771249,0.021980971160353184,0.055630566742716867,0.28321782758390224,0.7167821724160979,0.15317038593676727,-0.19346138038377275,0.17912556243341163
-0.25306709249593934,0.15643780863123227,0.21992064498913846,0.02447278796934205,0.048365090092438674,0.3359898533642668,0.6640101466357332,0.02624063771689164,-0.1632204593907324,0.18108637275983452
-0.15838611127400742,0.1708068708758116,0.21768967382917517,0.029174987138386173,0.047388794091852676,0.38105467976630597,0.618945320233694,-0.09206077882296548,-0.20965425204390842,0.2480637496066279
-0.23133054683122972,0.2202763892053513,0.24011867015066582,0.048521687641347414,0.057656975754924254,0.4569815261307122,0.5430184738692878,-0.07323708004111582,-0.25138942990361784,0.25042857080392333
-0.18654867125380226,0.1903713247203454,0.20746387106125763,0.03624124127577919,0.04304125779572213,0.45711527386510414,0.5428847261348959,-0.04957485742786288,-0.2350904902946417,0.37156554793412194
-0.20038229708610195,0.21232250828383506,0.27446493123224575,0.045080847523939205,0.07533099847632138,0.37438880825597215,0.6256111917440279,0.027552481154108688,-0.33661434014751596,0.38055007521020323
-0.1266469679476474,0.22483800156977973,0.32198905293002883,0.05055212694989227,0.1036769502067769,0.3277729976853868,0.6722270023146132,-0.018554942420625067,-0.40145468244891,0.4307905786382022
-0.08268669852778762,0.30077038975991643,0.43201120164855483,0.09046282735633204,0.1866336783498283,0.32646686440810246,0.6735331355918975,0.018752601326529113,-0.3020306716296363,0.4093795819421876
-0.1144732357626892,0.26055885336945067,0.550677051836734,0.06789091606920289,0.30324521541959704,0.1829272612096828,0.8170727387903172,0.026651851010047228,-0.26839616565874075,0.5094129147655725
-0.2309071450235556,0.44741711038380816,0.5809351921427683,0.20018207066419677,0.33748569746995516,0.3723155497285638,0.6276844502714362,0.11448098274546527,-0.3904094940555209,0.5465713220683945
-0.20513190927056188,0.4125775877325152,0.36366549911189455,0.17022026589918127,0.13225259524430338,0.5627621111384057,0.4372378888615943,0.1172516293652951,-0.2148337751539012,0.5429591773894354
-0.19141866178360023,0.6469770645142365,0.3723872497004854,0.41857932200745857,0.13867226373949168,0.751149629204531,0.24885037079546907,0.09981968117652362,-0.2148027178527657,0.599480976750352
-0.18208812574193242,0.400375094475817,0.5406737381246114,0.16030021627651939,0.29232809109764085,0.3541542004000403,0.6458457995999597,0.10098057466457495,-0.24593526771884622,0.5096378946875019
-0.24814474916601384,0.4887826430475997,0.5493204741439267,0.2389084721445973,0.3017529833137084,0.44188182777350077,0.5581181722264993,0.06812970504647668,-0.2566334373951744,0.3818452978948091
-0.2836908251157746,0.3680791006058476,0.5467344382398284,0.13548222430280968,0.2989185459574207,0.311883020422934,0.688116979577066,0.16794459409276574,-0.3728818763878813,0.34527113152866507
-0.1587812179661677,0.3511561062043584,0.4030652280521989,0.12331061092460663,0.16246157806477113,0.4314996898777653,0.5685003101222348,0.19665059727840792,-0.46714048527415164,0.3409180867979343
-0.12474613048114466,0.46658525429719416,0.5605538717211298,0.21770179952757734,0.31422064310154885,0.40927357464284725,0.5907264253571526,0.21865224675995357,-0.36647565542136706,0.4434154848048443
-0.1734061096981459,0.4086999184890861,0.3696664620107176,0.1670356233729856,0.13665329313552133,0.550022125579636,0.44997787442036397,0.08272927092614608,-0.424774887180793,0.5744607255903164
-0.10637946511260975,0.3346044141131415,0.6087749126316094,0.1119601139439987,0.3706068942496237,0.23200946613216558,0.7679905338678344,0.050103224365748315,-0.436371737510569,0.41621810389758046
-0.09169172510515183,0.44143139557840794,0.45733877628376335,0.19486167700230086,0.20915875629273015,0.48230648983044255,0.5176935101695574,0.018939590935287805,-0.36943953852043554,0.5361315733798588
-0.06555041795911419,0.5813860384409786,0.31701538437434096,0.33800972569409504,0.10049875393001115,0.7708168516691862,0.22918314833081374,-0.09969230043063773,-0.3702390843043304,0.47903053267403567
0.006084387452082528,0.5533846299992446,0.3609734032294947,0.3062345487194009,0.13030179783908338,0.7015098539529597,0.29849014604704033,-0.07611765773758727,-0.38267582195997,0.4105157339776978
-0.05933437875297129,0.3848482806517668,0.3131275977407748,0.14810819912062106,0.09804889246690848,0.6016816260113966,0.39831837398860337,-0.22756521123701232,-0.3660732903671652,0.44046605314715254
-0.07088873355963218,0.25814830332002636,0.3354929523213427,0.06664054650700833,0.11255552105729072,0.371886210522429,0.6281137894775709,-0.2566913897236093,-0.3084622575750343,0.39539299503862635
0.004362240994904482,0.25857144283608874,0.30647438179904823,0.0668591910503367,0.09392654669910878,0.41582787121656434,0.5841721287834357,-0.3780459183360393,-0.20212118451959707,0.24280504172790235
0.05397860155697788,0.3073961136819608,0.30736746787885943,0.09449237070677297,0.09447476031026168,0.5000465964541465,0.4999534035458534,-0.4498525297708949,-0.17800055713487914,0.026760309303855735
0.0572340957147415,0.3285839833528335,0.33043742275802007,0.10796743411601517,0.10918889035896248,0.49718761070878215,0.5028123892912179,-0.3838551283696612,-0.1628153146018996,0.03470052683648035
0.04534694785943697,0.2691035430100191,0.3698246885332296,0.0724167168605452,0.13677030024870027,0.34618169837340534,0.6538183016265946,-0.1910095502239784,-0.19640905708363024,0.04887297797072333
0.0057364685553871475,0.3196002109123297,0.307161676394215,0.10214429481520564,0.09434829544530444,0.5198378965831874,0.4801621034168127,-0.12326159466653722,-0.028326643022688114,-0.008484193735336574
-0.05581936727674984,0.23482509247697464,0.3244751839623989,0.055142824056819695,0.10528414500743259,0.34372539965356164,0.6562746003464383,-0.22395322607303303,-0.11318592786204086,-0.0519759784498245
0.010635107176401908,0.18914693790222,0.2605494802616914,0.03577656411778627,0.06788603166463751,0.3451251036861674,0.6548748963138326,-0.2108138051014072,-0.014690626749182041,-0.05183226497486522
-0.0959225824270671,0.15687608855031915,0.2217556569077153,0.024610107158847573,0.04917557137057234,0.3335350117981906,0.6664649882018093,-0.24736098343963045,-0.06283376659000874,-0.02888534695445221
-0.08496895721656489,0.23507047072361958,0.2063851685507986,0.05525812620622409,0.04259483779774155,0.5647056966407749,0.43529430335922503,-0.23097411386408134,-0.012371592613636235,-0.05653369912225484
-0.16070930104707287,0.30942738204245285,0.25881265896652267,0.09574530475764607,0.06698399244132157,0.588371647918931,0.411628352081069,-0.19134316392692147,0.06411713091002935,-0.05020440394386332
-0.0810408126581012,0.27265115772065485,0.2744206381831404,0.0743386538064134,0.07530668666084205,0.49676557635738594,0.5032344236426141,-0.2873656449926425,0.027325409456946663,-0.08057100668709473
0.002258148816688267,0.3647609033601176,0.1942513019866438,0.13305051662008907,0.037733568323506286,0.7790568814654567,0.2209431185345432,-0.23958007546282684,-0.1521399690865323,-0.06598242221284661
-0.013266678172645995,0.20878834120548134,0.15927081078220598,0.0435925714233365,0.025367191167221262,0.6321450333604449,0.367854966639555,-0.17248143372142366,-0.1181519862330133,0.044469336462615985
-0.00585271388683843,0.09936285212888236,0.18278162367559717,0.009872976383186143,0.03340912195348762,0.2281076186830937,0.7718923813169063,-0.024842303777502243,-0.07637987404664802,0.08148716307571983
-0.017281343164785943,0.0826891423890566,0.23468121597816136,0.006837494269037677,0.05507527313298842,0.11043754876338994,0.88956245123661,0.0645979418693053,0.023348818953098448,-0.03098359654043663
-0.03803255328881103,0.06948929731067104,0.3599918781772924,0.004828762440730833,0.12959415235361452,0.0359221673486131,0.9640778326513869,0.0135597682107895,0.056982542207219475,0.04206576677577813
-0.02343197058108338,0.04977972299173984,0.31875175070030964,0.0024780208211343524,0.10160267857451236,0.02380864882272302,0.976191351177277,-0.04159685056834432,0.05642013168039513,-0.0393271068347336
-0.02932451289931472,0.062428902728229554,0.2905539155463352,0.0038973678958507474,0.08442157783930689,0.04412833354621102,0.955871666453789,-0.04159685056834432,0.05642013168039513,-0.0393271068347336
-0.15477152732865734,0.07491947110021899,0.2744866014740933,0.005612927149936548,0.07534289438879772,0.06933321215511322,0.9306667878448868,-0.08142166890580471,0.08716408341431478,-0.09340397171387518
-0.13272891080210797,0.06354887206713501,0.2734373710904982,0.0040384591410050925,0.07476799590888282,0.05124528363125295,0.9487547163687471,-0.05009205361440242,0.0914460360709684,-0.058412368472113604
-0.10866259218855559,0.044026035256624185,0.2825757601221065,0.0019382917804175157,0.07984906020858627,0.02369916293020609,0.9763008370697939,-0.04523752885022579,0.00787689452565181,-0.08641957089245789
-0.109547022729614,0.036542768690691896,0.27896451738058314,0.001335373943581412,0.07782120195738168,0.016870031685708182,0.9831299683142919,-0.021897069104164023,-0.06877351283981319,-0.07522995176613945
-0.05851694080691368,0.023227154266417072,0.2864510669838545,0.0005395006953159368,0.08205421377618868,0.006531982473098097,0.9934680175269018,-0.05956581846229035,-0.0075017772948265185,-0.02306031802669965
-0.09896184019669717,0.02331393479901309,0.22174376707940402,0.0005435395558126335,0.04917029823856498,0.010933365435611271,0.9890666345643887,-0.025817703841953123,-0.020701233013700946,0.009709494321350754
-0.03196836258702321,0.030159677069078992,0.2054942579310589,0.0009096061209111292,0.042227890042636565,0.021086205779364868,0.9789137942206352,-0.024330679734086792,0.0020667919331525224,-0.010983260463454304
-0.05315786917222322,0.027710312204472638,0.18843751395833686,0.0007678614024693452,0.0355086966667984,0.021166875892778013,0.978833124107222,-0.015795681217284148,0.009477438532959504,0.026262563704951718
-0.04483637601199005,0.028970185572896743,0.18219313529358927,0.0008392716521280746,0.033194338548108125,0.02466008299414118,0.9753399170058588,0.0031080558110569145,0.0018944310043677538,-0.019448872676967675
-0.014068876090140108,0.03180211831946664,0.2091100444570535,0.0010113747296053555,0.043727010692830894,0.022606419969240826,0.9773935800307592,-0.008582478727858963,-0.0345212273063069,-0.03423150065690801
-0.0711498393210873,0.035541389452244145,0.23391074649750304,0.0012631903641960912,0.05471423732701913,0.02256606665036752,0.9774339333496325,0.01910364810975794,0.01619390755407394,-0.008612683600156382
-0.08482483398289482,0.03755544141416288,0.21001998414863177,0.0014104111798126204,0.04410839374179154,0.030985241863043952,0.969014758136956,-0.009555306181516433,0.05023453433395522,0.06057065429098042
-0.12015300637140042,0.03734450678313026,0.17288727241879626,0.0013946121868752622,0.029890008964411068,0.044578202821481824,0.9554217971785182,-0.00786584021056539,-0.05115820499519386,0.029737236977323583
-0.14073745782123948,0.023520643448812745,0.15387803693764632,0.0005532206682461779,0.023678450251783646,0.02283047958483488,0.9771695204151651,0.009344198340114013,0.018941198401193023,0.01340891758084796
-0.10625039776856378,0.019065817233614273,0.1477514960637322,0.00036350538678558297,0.02183050458907107,0.01637853579326204,0.983621464206738,0.016769771250559805,0.03473514150749721,0.01868305491164738
-0.12880760938243463,0.019186915616134243,0.1892103945848684,0.0003681377308606561,0.0358005734189616,0.010178348057129078,0.989821651942871,0.03481065025699416,0.006358570314860177,-0.021258219456094907
-0.11734624642823602,0.017281028600999292,0.20423494124818464,0.0002986339495085556,0.04171191122664943,0.007108547348203366,0.9928914526517967,-0.020757235298004703,0.008924057001477767,-0.001680268672025042
-0.005300308621021564,0.014612291331145512,0.23224602601545524,0.00021351905794627027,0.053938216599971514,0.003942977179809945,0.99605702282019,-0.020757235298004703,0.008924057001477767,-0.001680268672025042
-0.09405541412905002,0.009019791688216655,0.27728356740887833,8.135664209882226e-05,0.07688617675499397,0.001057025456163251,0.9989429745438367,-0.020757235298004703,0.008924057001477767,-0.001680268672025042
-0.12710739098470122,0.008025271581444256,0.313557379352155,6.440498395593679e-05,0.09831823014619123,0.0006546377200685624,0.9993453622799314,0.011859143219516644,-0.014103128251062672,-0.0030696559416029173
-0.034065844001637896,0.009599254679736633,0.27724893451911653,9.214569040644566e-05,0.07686697169198536,0.0011973329936802073,0.9988026670063198,0.00993713953522871,-0.00907770312116597,0.015542568571427513
0.008810341238873455,0.012168138478922699,0.38430417276554585,0.0001480635940422392,0.14768969720501052,0.0010015275748358596,0.9989984724251642,-0.0021100093390422365,0.009100480186439918,-0.012516535618629455
-0.03011751363899056,0.013804967567933639,0.29280377238677285,0.0001905771295516996,0.08573404912392509,0.002217957038177844,0.9977820429618222,-0.013539605245161741,0.0021827443508088537,-0.01307775060507407
-0.018431438139888276,0.01493212399583899,0.3065805310555229,0.00022296832702711056,0.09399162202228645,0.00236660082265841,0.9976333991773416,0.004190717816282222,-0.012499344570884582,-0.004636756084675979
0.009569971607935136,0.015276853527137807,0.22739321715165375,0.00023338225368962285,0.05170767520657916,0.004493213367250825,0.9955067866327492,-0.00851702934477242,-0.021002650003201104,-0.00030617711375079387
0.032069453010463725,0.01130177533738971,0.21325257000283646,0.0001277301257768303,0.04547665861281466,0.0028008296856908005,0.9971991703143092,-0.00851702934477242,-0.021002650003201104,-0.00030617711375079387
-0.06465741630081961,0.010150038100686662,0.23651638018232876,0.0001030232734453909,0.05593999809455188,0.0018382890666958432,0.9981617109333042,-0.009377115697073446,0.01581193818803276,0.013892928013312888
-0.024030715343903046,0.019225418106700164,0.2571548792455254,0.0003696167013774345,0.06612863191978074,0.0055582922714724125,0.9944417077285276,-0.009377115697073446,0.01581193818803276,0.013892928013312888
-0.08570736099394195,0.02927252794893185,0.30638495741376803,0.0008568808925209963,0.09387174212943646,0.009045638637884318,0.9909543613621157,-0.009377115697073446,0.01581193818803276,0.013892928013312888
-0.08570017454944082,0.033366342851204336,0.26436261514638404,0.0011133128352641148,0.06988759228703516,0.0156802625733634,0.9843197374266366,-0.05810830993814668,0.029776565448922345,-0.027629852936133785
-0.06233645095026727,0.04117427909084637,0.36144056996167656,0.001695321258650909,0.1306392856142216,0.012810868590704488,0.9871891314092955,-0.04692913103205898,0.01333563933505304,-0.006696553473658915
-0.10518791658694754,0.04211098163273746,0.3158732914055138,0.0017733347740727515,0.09977593622335264,0.01746280161989259,0.9825371983801074,0.0361305361378029,-0.05056375589206548,0.02353641179141991
-0.041437955228531685,0.029491780826348835,0.29465399860511415,0.0008697651363093968,0.08682097889398262,0.009918551221425877,0.9900814487785741,0.013693979413662467,0.06306788246000748,-0.039983459128400414
-0.06793967892120276,0.037019521981162165,0.32282705077279616,0.0013704450077137488,0.10421730471066151,0.012979204608195684,0.9870207953918043,-0.012153656731229926,0.016537853731124416,-0.048434102049632534
-0.0167531878456486,0.04863515118432058,0.36279602594088,0.0023653779307217194,0.13162095643849567,0.017653874492928524,0.9823461255070715,-0.03150790426055196,0.07582121435982263,-0.027026262737830365
-0.1010696815085395,0.05973518858144939,0.33341727733802856,0.0035682927548613217,0.11116708082750386,0.031100197292683658,0.9688998027073163,-0.014045108593138908,0.08490227309138379,-0.006181635347739509
-0.1643162037236257,0.05313219091659881,0.2748707651907828,0.0028230297115979046,0.07555393755656645,0.03601861375854205,0.9639813862414579,-0.08113135276866051,0.017241686092238688,-0.005385021193091944
-0.0527819758276787,0.0364273152119254,0.24676960656528565,0.0013269492935489718,0.060895238724385875,0.021325982512323316,0.9786740174876767,-0.04889250293188607,0.015405390078951885,-0.05621591790836931
0.01620836744157323,0.04318462096550486,0.18500366729845774,0.0018649114879343215,0.034226356913878445,0.05167209606411761,0.9483279039358824,-0.03560553291027885,-0.03832491142630766,-0.055523244123651824
0.017333986959238365,0.056981618385576256,0.131170860292635,0.003246904833839442,0.017205794589909968,0.1587518970757072,0.8412481029242929,-0.06219802093415351,-0.06657548458311759,0.004257715677136991
-0.009828026050766676,0.07731325344820478,0.12169758624083392,0.005977339158746348,0.01481030249684521,0.28754291890242084,0.7124570810975792,-0.11524287691565421,-0.03729810733176988,-0.003213268662706315
-0.057070679657115056,0.06900493050994061,0.13816259911549889,0.004761680434681732,0.019088903794350052,0.19964628073494503,0.8003537192650549,-0.07310664452939739,0.006230155081312364,0.05917401328274713
-0.13076417925655237,0.06566140043799933,0.1711535208665856,0.004311419507479298,0.029293527705028757,0.1282971664920381,0.8717028335079618,-0.10472979293891162,0.022652945950653862,0.07299254384004
-0.0811305075230983,0.06631784942304074,0.14979865429819572,0.004398057152097105,0.02243963682955035,0.1638761197256608,0.8361238802743391,-0.08669380271513924,0.08350975491574733,0.04751782877512951
-0.10645778345196599,0.06344437497304431,0.1457563259927738,0.004025188715720251,0.021244906566911748,0.1592866457645192,0.8407133542354808,-0.07774838128730903,-0.10468802521740628,0.02260814377988122
-0.08170585228837615,0.07495489267435793,0.1170538567331976,0.005618235935824515,0.013701605376115948,0.29080135002724955,0.7091986499727504,-0.00807542801185941,-0.10108287578987413,0.009280707693920913
-0.09709269980455305,0.07471796587931248,0.19135364753491493,0.005582774425142104,0.036616218424916455,0.13229639022378606,0.8677036097762141,0.006834125092893321,-0.046974935784909716,-0.00019168008565080726
-0.01697902000728671,0.07712412083114123,0.15725550920739612,0.005948130013976472,0.024729295176077446,0.19389273960009346,0.8061072603999065,-0.0245569605079344,-0.0940552801178999,-0.05071522828013365
-0.07328715881860882,0.08349681368967836,0.16609052337230068,0.00697171789632886,0.027586061954084758,0.20174090831374447,0.7982590916862555,-0.033778591158071546,-0.051324357424097605,0.13263701027686361
-0.09382351639853301,0.13642619871734982,0.16790529963818188,0.018612107696465822,0.02819218964658764,0.39765809451315626,0.6023419054868437,-0.027820514937751943,0.018931763693152973,0.04327327141597147
-0.11194672407079574,0.14568781008322573,0.16543719518636807,0.02122493800684605,0.027369465551132448,0.43677741576810075,0.5632225842318992,-0.012207117164973235,0.042125286672619784,0.015235324362099074
-0.15703140363848728,0.09230153406231943,0.20124680433556963,0.008519573190257514,0.04050027625527905,0.17379843648282056,0.8262015635171794,-0.047486395231812965,0.021120642612347452,-0.017476487367312804
-0.17638394082350412,0.09920564097203294,0.21001328226617302,0.0098417592006719,0.04410557872821126,0.18243271268817632,0.8175672873118236,-0.009771072901336858,-0.06701787856505263,0.05891976614591482
-0.14810400517515332,0.059226811522086746,0.18652794777521672,0.0035078152030727874,0.03479267530123398,0.09158669136830885,0.9084133086316912,-0.0545696074419799,0.007858533452744058,0.06906909592732083
-0.07978679044117587,0.06073899152922422,0.16334997629959644,0.0036892250919871713,0.02668321475707872,0.12146620786214625,0.8785337921378538,-0.0545696074419799,0.007858533452744058,0.06906909592732083
-0.04727417031604291,0.04591720254210439,0.18145337791214183,0.002108389489292638,0.03292532835572656,0.0601817226084782,0.9398182773915218,-0.05088275237248664,0.07446964666863244,0.05833335253497683
-0.08144678735401456,0.04810217058276033,0.16041553156592356,0.0023138188147729735,0.025733142767577818,0.08249802061371947,0.9175019793862805,-0.05088275237248664,0.07446964666863244,0.05833335253497683
-0.06445299089999197,0.07528737426152503,0.19268772390288652,0.005668188723194942,0.03712855894287503,0.1324443802931498,0.8675556197068502,0.003936421791707976,0.054126117039377294,-0.0484591933926571
-0.043705374905687724,0.0681251102697079,0.16127796277013878,0.00464103064925986,0.02601058127528627,0.15141228659310002,0.8485877134069001,-0.07221421019625482,-0.017465331843445134,-0.028199686618997428
-0.02058784050611854,0.07288964374267745,0.17959579290489003,0.005312900164934438,0.032254648829136146,0.14142259229562706,0.858577407704373,-0.017421624989342,-0.04855578876191751,-0.05273111219573276
0.0034217940214850678,0.07213020765441373,0.15482334324286776,0.005202766856268846,0.023970267612898846,0.17834164155146529,0.8216583584485347,-0.0617553572694303,-0.08394364635994284,0.07013000389214882
-0.0046221716315906995,0.07815716519863983,0.24507358831818093,0.006108542471887477,0.06006106369114923,0.09231643992011238,0.9076835600798875,-0.04744784309005667,0.041518990635605005,0.039013767177844064
-0.0006934201082260533,0.09002711145268885,0.2537669208326354,0.00810488079651486,0.06439765010887705,0.11178755686599226,0.8882124431340077,-0.09957990214777646,0.06498545052508563,0.07928371788945406
-0.1015071807875644,0.10657537619226647,0.2161962112442241,0.011358310810523117,0.04674080175635718,0.1954988692374276,0.8045011307625723,-0.0655090767268886,0.016664275059117557,0.05316464831695367
-0.12841242857647966,0.10709575750198909,0.2120703586798905,0.011469501274924852,0.04497383703061741,0.20320380791152892,0.7967961920884711,-0.07261243169498087,0.08181707161567897,0.08900541321901222
-0.015606702724467923,0.10577467104837664,0.24070520170693616,0.011188281035392286,0.05793899412877682,0.16185045640554238,0.8381495435944576,-0.09948805941271457,0.09671926158503845,0.04955881759672181
-0.04897861691314423,0.09454685291228779,0.2595424181628648,0.008939107395617782,0.06736226682582735,0.11715526079090423,0.8828447392090958,-0.011433421098800599,0.11482344296652526,0.021078239857325015
-0.06328077623089043,0.09412260200004881,0.24205043741691423,0.008859064207259591,0.058588414253719516,0.13134759681764666,0.8686524031823534,0.05408486921184138,0.03903955103318185,0.031998234099870945
-0.11932149439783842,0.08010374023180476,0.33010197486504833,0.006416609199124457,0.108967313809805,0.05561094675752948,0.9443890532424705,0.08006339219930948,0.029060437434399955,0.08220100671379174
-0.08780524032383949,0.12645473492801645,0.31520499314680694,0.015990799985714906,0.09935418770467862,0.1386345458602593,0.8613654541397406,0.04615821659170609,-0.05369734737608933,-0.011478869926670358
-0.12083374424005924,0.2112505157643039,0.32931032860288945,0.04462678041068441,0.10844529252454303,0.29154096861004986,0.70845903138995,0.059648463200746744,-0.03249978978808107,0.1398039420834569
-0.19576259243733518,0.22404517202150886,0.29414360877150175,0.0501962391061475,0.08652046258112228,0.3671551353028396,0.6328448646971603,0.12601323043583382,-0.039496009713749794,0.17269674574348742
-0.26031908909448737,0.17184708720645608,0.17815755050133134,0.029531421381343324,0.03174011280063443,0.4819762027442364,0.5180237972557635,0.2436109279561495,0.03302618608104566,0.15700170819146797
-0.2908892302742684,0.16212730030285324,0.17242370505953827,0.026285261503491558,0.029729934066458644,0.4692523383350017,0.5307476616649983,0.21510063210138367,-0.02737452931560807,0.11786265039115394
-0.22596482573990095,0.20998940600428148,0.14181730071832432,0.04409555063403097,0.020112146783031633,0.6867642417949874,0.3132357582050126,0.15228577653324168,-0.04928261422610693,0.1285918829578927
-0.1793582373738429,0.26114677843390494,0.15082123980281412,0.06819763988640704,0.02274704637565796,0.7498804239083263,0.25011957609167373,0.10417891233730202,0.04362111701504891,0.09392888166411817
-0.19447366398666943,0.3459993794149009,0.16077858013628776,0.11971557055549654,0.025849751830640706,0.8224182009361422,0.1775817990638578,0.10723528234930511,0.07003312155998954,0.1139638445573341
-0.18464249964834548,0.33873983435663063,0.19855122169656195,0.11474467537995756,0.03942258763719729,0.7442869071833327,0.25571309281666743,0.1337132508557095,0.012204597073472476,0.14797203800801387
-0.16888216734668834,0.2196278007655544,0.19436900356060313,0.04823637086911406,0.037779309545141755,0.5607857850662262,0.4392142149337739,0.10607726432939099,-0.05708376289776396,0.21029408417973866
-0.1824210967646519,0.20217860886480313,0.16064037082175422,0.04087618988250705,0.025805328737750707,0.6130062831245855,0.38699371687541445,0.05954020192200814,-0.19685245876871263,0.2561671862024624
-0.2509096885746283,0.19440145256604857,0.3081865218800932,0.03779192475978963,0.09497893226854917,0.28464021100446213,0.7153597889955379,-0.06172799268527099,-0.10530893134902576,0.30983610384732796
-0.2301883625058721,0.1961655398090924,0.33745482484518735,0.038480919008592615,0.11387575881129608,0.2525712660529626,0.7474287339470373,0.023840035594404587,-0.19461846135916105,0.2706841233227184
-0.21341649480611627,0.20021352361419623,0.34599602619992975,0.04008545503801231,0.11971325014614248,0.2508496861211556,0.7491503138788445,-0.028009813305998225,-0.24041112071931153,0.1764423504954778
-0.17240373270009596,0.17111905821354953,0.34531415913460467,0.02928173208389215,0.11924186849883908,0.19715204835464192,0.802847951645358,-0.18251581819750987,-0.12063796661662116,0.2068060409402679
-0.1926196664125838,0.2182757736239454,0.3252003687865756,0.04764431335113186,0.10575527985892477,0.3105895677695211,0.6894104322304788,-0.15885687764742268,-0.08934674687101779,0.3504785149742769
-0.21712157342166008,0.4030297055505123,0.31103884639154605,0.16243294355613266,0.09674516396458378,0.6267232410559568,0.37327675894404316,-0.14313720558505838,-0.10711091913904797,0.27999664717714046
-0.20655941784736626,0.45899839108820245,0.2931872542734813,0.21067952302155846,0.08595876606842298,0.7102236318442745,0.28977636815572544,-0.11232937797309256,0.020812633353794185,0.3380608548155715
-0.1655233055195916,0.5389036577509101,0.3015602752715785,0.29041715233731,0.09093859962187022,0.761538670507311,0.2384613294926889,-0.20653339260846848,0.03411152444095315,0.3343735267015399
-0.1364871444389166,0.4230119092341857,0.19203314816942024,0.17893907535395095,0.03687672999585851,0.8291286871409344,0.17087131285906568,-0.08301860992454727,0.041025749898236964,0.35727613617664145
-0.13437489871457722,0.5980560111548078,0.22604017355576464,0.35767099247839956,0.0510941600611202,0.8750036304619181,0.12499636953808183,-0.01803419217699346,0.011149512442493466,0.3672586662708411
-0.12097376567109935,0.6109230658227872,0.2116722489831744,0.3732269923543136,0.04480514098959498,0.8928189069314093,0.1071810930685907,-0.02212591694536292,0.0034100383560342175,0.36344081394663713
-0.1944796878150583,0.5372433403633401,0.2043076224196053,0.2886304067647597,0.041741604578752,0.8736527213397923,0.12634727866020778,-0.08198236215810309,-0.09226704157828225,0.24433717738447341
-0.1767709171848148,0.5683282741783592,0.23304409354181344,0.32299702723055224,0.05430954953472549,0.856059891665998,0.14394010833400192,-0.16138684819991483,-0.1030116567250262,0.22363102205670277
-0.18219277754345894,0.568530701691395,0.29835423640045583,0.32322715876570995,0.08901525037809908,0.7840706137852825,0.21592938621471738,-0.08711127167487318,-0.11847736739158755,0.19341731671468088
-0.05537031097140288,0.601746023030837,0.17995715686815894,0.36209827623342866,0.03238457830807116,0.917906246278533,0.08209375372146696,-0.03351195756662665,-0.12119804592243248,0.24176469031949915
-0.09922583827903723,0.5006379984673657,0.16333361956324588,0.25063840550941,0.026677871279631137,0.9037998360986024,0.09620016390139773,-0.04001794267311426,-0.21471451027132754,0.2042289718476238
-0.15787907669192644,0.2342910595960984,0.19365490736842,0.054892300606662524,0.037502223147871334,0.5941077282079602,0.4058922717920398,0.036494070325781454,-0.08002063818295557,0.259440218342913
-0.2262300829599691,0.1686538446916995,0.18810340416217763,0.028444119329291896,0.035382890657399545,0.44564392621905324,0.5543560737809468,0.021913316936301545,0.03550333359286933,0.20832040416947134
-0.2831762405157887,0.13306577396407107,0.1539172721887692,0.017706500200657255,0.023690526678031662,0.4277239583544227,0.5722760416455773,0.11878783257020992,-0.008989831399546386,0.28659384047814596
-0.2576823468898749,0.16415982985638677,0.18659713471927147,0.026948449738477855,0.03481849068544195,0.43629244954541774,0.5637075504545822,0.11868977731487673,0.045291669871428006,0.23714962001367912
-0.27385742587506773,0.1897357095172909,0.20323839522048817,0.0359996394660298,0.04130584529179935,0.4656802758407633,0.5343197241592368,-0.015557561937829577,0.046405802007051265,0.28717898804074105
-0.2948908715137828,0.1929513531518867,0.20972719604135687,0.037230224683144096,0.04398549675936973,0.45841154916657884,0.5415884508334212,-0.07328567548514894,0.026399155364719727,0.28169023877721105
-0.28871648152728246,0.2486654041777986,0.21407697761009756,0.06183448323490793,0.04582895234267421,0.5743313215223387,0.42566867847766127,-0.04750079408792558,0.04853731820389677,0.4065065523013107
-0.25559876275218196,0.22504624971437406,0.2455619464778461,0.05064581451050441,0.06030066955798855,0.45648868403290854,0.5435113159670915,0.06279139138014656,0.07468515625049729,0.45884592441115435
-0.31127441635526526,0.2387929105833675,0.2833158860345541,0.05702205414487614,0.08026789127954445,0.41534035117136325,0.5846596488286369,-0.015951601154826585,0.20285144522404958,0.39885869412952896
-0.2591960023773233,0.2888265383189474,0.25266156470108925,0.08342076923730639,0.06383786627720271,0.5664915265976854,0.43350847340231463,-0.030191302852103377,0.15700774934635417,0.40891436457324126
-0.31082672856882076,0.16541099020791686,0.25648963395099184,0.027360795681563566,0.06578693232431379,0.29373551311779905,0.706264486882201,-0.09509735468577077,0.11200801968536245,0.40482699491019464
-0.2511494141119341,0.24843596530786757,0.22235404356112223,0.061720428858451984,0.049441320687981447,0.5552308155483889,0.4447691844516111,0.0010259657487389322,0.09376924335304065,0.42368303334505397
-0.33117352822798235,0.23672184709685895,0.19203301278087462,0.056037232892948666,0.03687667799769955,0.6031091830683969,0.3968908169316032,0.10965020439821324,0.09319499359337985,0.31550699011510297
-0.27510877054677024,0.24782268630467538,0.19455470508477068,0.06141608384726554,0.037851533270622094,0.6186920330154536,0.38130796698454644,0.02238253247583122,0.14639267809601395,0.34746808915840743
-0.28579766090239533,0.15087856463988844,0.19316106994716312,0.022764341267792993,0.03731119894313284,0.37892861533774247,0.6210713846622576,0.07025417108726081,0.12501123968138275,0.34663537042962456
-0.22201839709952,0.19366717586999935,0.1927114154910955,0.037506975009461256,0.03713768966058164,0.5024736218624063,0.49752637813759365,0.1591260851201968,0.06106128107952352,0.27756730567793086
-0.2547731534413791,0.23390017295948184,0.20169848974272783,0.05470929091047552,0.040682280764497286,0.5735233202455894,0.4264766797544106,0.15707436650907775,-0.11279555289905177,0.40516698668660095
-0.2655244985496866,0.34577533833569246,0.2121780970313824,0.11956058460116259,0.04501954485985873,0.7264581999826351,0.27354180001736494,0.15132692429568875,-0.06363638177890416,0.3962816491330054
-0.3869160059273709,0.3407262120051496,0.18882943827658946,0.11609435154737814,0.03565655675985231,0.765032333858173,0.2349676661418269,0.16775465983807367,-0.003375102980510805,0.41805471700028246
-0.36708479871874294,0.4017115870797053,0.17636308354661365,0.16137219919409565,0.031103937238069826,0.8384010723893981,0.1615989276106018,0.3046136065159471,-0.02442772862532394,0.4231602218523311
-0.3716907204119251,0.5571121019407489,0.20135280200438568,0.31037389412883937,0.040542950875017345,0.8844656463425922,0.11553435365740782,0.2475199292852216,0.03606946334730898,0.4961276346507507
-0.35837198150409927,0.7801464096717278,0.20693479029563072,0.6086284205236873,0.04282200743469666,0.9342666677357188,0.06573333226428124,0.2551185092354167,0.0927315543839935,0.4990472621529476
-0.3928239829639496,0.8271758224356678,0.3590120775533238,0.6842198412221234,0.12888967182915378,0.8414854705788867,0.1585145294211133,0.2740632770099621,-0.029624248606626147,0.43928110152793143
-0.4488742348267248,0.6761659178159974,0.35421056255188543,0.4572003484159502,0.12546512262332316,0.7846704003250152,0.21532959967498475,0.31565128524736913,-0.0734662501904032,0.44495597056213604
-0.5041886510926324,0.48032561021818804,0.3855633675977138,0.2307126918314747,0.14865911043328978,0.6081440171730522,0.3918559828269478,0.25965084752190337,-0.16887760249183503,0.3857841202499068
-0.5036079862178543,0.3532007527002812,0.4540713698501106,0.12475077170804517,0.2061808089175559,0.37696847025664126,0.6230315297433587,0.2874302292898335,-0.18328738009928916,0.435098374023496
-0.49729194631349716,0.4097900810403528,0.3355100176366593,0.16792791051905892,0.11256697193455142,0.5986844004073112,0.4013155995926889,0.30510469183796696,-0.14808263769462077,0.4849925270681822
-0.5602477033301144,0.44014799067993726,0.3613158865973107,0.19373025369958613,0.13054916990760068,0.5974176577242831,0.40258234227571693,0.3019436971803778,-0.16242438600399794,0.5911546514579259
-0.552181989122896,0.3731715619172715,0.24721196186206557,0.13925701462377602,0.06111375408769136,0.6949966580419983,0.3050033419580018,0.35418634715225944,-0.15905556973743173,0.6071176099085953
-0.6103509028515581,0.45590493130152404,0.28964007375321493,0.20784930638504737,0.08389137232376778,0.7124454063277911,0.28755459367220887,0.47417388725067244,-0.11698936848340066,0.6150866608795169
-0.6161297427272725,0.5493517906973185,0.32321845676055655,0.3017873899423505,0.10447017079067576,0.742847442390546,0.25715255760945394,0.5043690925743048,-0.18717526650906213,0.6718986118681414
-0.5604720782595092,0.3459529632081803,0.3594857856375543,0.11968345275252056,0.12923003007544964,0.48082350298089926,0.5191764970191006,0.436052537863401,-0.11821808254564092,0.7390110271913185
-0.4434462846484522,0.3695742665474095,0.2863406128201985,0.13658513849405568,0.08199094655024683,0.6248860137941059,0.3751139862058941,0.2728677528950895,-0.09793983600229032,0.6369186577919802
-0.4602892041307163,0.4555369246731112,0.2643508949883873,0.20751388974063578,0.06988139568116138,0.7480800887624955,0.25191991123750457,0.17257732465820438,-0.08339058045107925,0.6372291807344119
-0.3617070116960326,0.49904095317389846,0.2194140119504202,0.2490418729447131,0.04814250864017914,0.8380045802426297,0.16199541975737033,0.18632132092065284,-0.017439255187553213,0.6695706614314866
-0.359812209599791,0.3387019959902612,0.33445303035257473,0.11471904208778691,0.11185882951202028,0.5063117650359487,0.4936882349640514,0.17782804460364368,0.03166837752081026,0.5646898101757448
-0.3776006399064514,0.4303533965202757,0.26835470521008936,0.18520404589653766,0.07201424780839397,0.7200267260500326,0.27997327394996724,0.21563158675211178,-0.001523783396398545,0.5542799478216867
-0.3116125400549299,0.41049467472044127,0.29840715361767445,0.1685058779738409,0.08904682933020236,0.6542578400269667,0.34574215997303337,0.20096762653763792,0.12073798606472552,0.5348199474186104
-0.2880290189069674,0.4765606522407109,0.2830760245546027,0.2271100552640918,0.08013203567763802,0.7391892646218337,0.26081073537816635,0.12156891197514035,0.26936529045060553,0.49293929871018843
-0.2958458112813244,0.32978773514408016,0.2532135471364817,0.10875995025146197,0.06411710045343924,0.6291173397972513,0.37088266020274874,0.11160974616830219,0.31713832480646875,0.4091348393490557
-0.1860005136814466,0.3518067058572857,0.18647262737672854,0.12376795828615474,0.03477204076078025,0.7806733886097339,0.21932661139026596,0.02224468483572422,0.31526988607094175,0.2579525271166394
-0.23733555094518094,0.4541497308791813,0.22349392876328555,0.20625197805763282,0.04994953619404856,0.8050380914416444,0.19496190855835566,6.839470135660414e-05,0.337997434132015,0.10817941605651868
-0.25704894020075403,0.40887671499632594,0.20247404165856567,0.16718016806618674,0.040995737545554585,0.803071650270547,0.19692834972945297,0.046246628212706635,0.33623219229714313,0.23320919809220894
-0.2878280442381852,0.29881558698180416,0.2036649911952965,0.08929075502328017,0.041479428638580194,0.682806680566911,0.31719331943308904,0.044910286057673394,0.3145557842018004,0.15663335228153752
-0.2619909572878891,0.23701192148181904,0.24830490446309506,0.05617465092450395,0.061655325580426766,0.47674329224832923,0.5232567077516708,0.06646688066978364,0.27287785746689674,0.049859781678342124
-0.25078161379883696,0.32733889607398414,0.20355622999673492,0.10715075288293459,0.041435138770483645,0.721136789573989,0.27886321042601103,0.09986556701140828,0.3402449917434184,0.22906308165882633
-0.3654173869443764,0.26306009977619815,0.20465227438195993,0.06920061609426333,0.04188255340970901,0.6229622039348518,0.3770377960651482,0.07910599977483125,0.2653091444286671,0.2023589898896495
-0.34175570628374563,0.24453215055466135,0.23852275821051908,0.059795972654887564,0.056893106184353746,0.5124384668188743,0.48756153318112566,0.10481186073843506,0.17456086460654352,0.13826807499160498
-0.3110026764379786,0.24071505007618982,0.33796184589497874,0.057943735333182575,0.11421820928074136,0.33656529300434185,0.6634347069956582,0.10396166749272927,0.14795412314357967,0.14581563649245866
-0.2854290286498183,0.17313539222884855,0.31971086754078804,0.029975864042237232,0.10221503882368331,0.22676192833512412,0.7732380716648758,0.0597168485332482,0.123351478206782,0.18637614748283532
-0.2567436333155308,0.1513526147883709,0.37159534087486185,0.022907614003276986,0.13808309735990476,0.14229152607195641,0.8577084739280436,-0.022880122322835317,0.1875947330099738,0.17547540359992284
-0.16532562597959727,0.13356455717993282,0.3101658864832365,0.017839490934671545,0.09620287713793195,0.15642862592360657,0.8435713740763934,-0.015875560896762987,0.17166190943944387,0.24367324685501537
-0.20160505979830748,0.10718849369009942,0.2736786257515576,0.011489373179552483,0.07489999019326113,0.1329952291692445,0.8670047708307556,-0.05133870313465562,0.1425699051203163,0.24818448070649535
-0.11223098165099063,0.14017017120838943,0.37504666904760703,0.019647676896589205,0.1406600039637053,0.12256229265590732,0.8774377073440928,-0.1412916054453274,0.05697082227962309,0.18237779387424083
-0.18017605917754517,0.14013040452724798,0.42050396407228874,0.019636530272970163,0.1768235838005087,0.09995174015640561,0.9000482598435944,-0.22646884982591986,0.03133792445140781,0.09439057856305942
-0.1347289223701786,0.12842604442025599,0.29949001440942075,0.016493248885433565,0.08969426873095504,0.1553219178266962,0.8446780821733039,-0.16219401788294732,-0.14432416910996487,-0.012554281612800242
-0.14271393981601294,0.12293048144592872,0.24303151229235456,0.015111903268527824,0.059064315967108885,0.20372975900162307,0.796270240998377,-0.14591658415674003,-0.12063065519294386,-0.0313125715649451
-0.1734046267933114,0.08935354032729242,0.2973932327417814,0.007984055169021073,0.08844273488060737,0.08279913875502731,0.9172008612449726,-0.01276860110257588,-0.03216514753250234,-0.021357510062565
-0.0979447126584458,0.0639466845952396,0.2863285644139088,0.004089178470723053,0.08198404679932993,0.047508135751778084,0.9524918642482219,-0.03157566373735862,0.007576288398589134,-0.043738821423418305
0.024726219804272413,0.06825368398612097,0.2103930138716522,0.004658565377677266,0.04426522028599724,0.09522086883673458,0.9047791311632654,-0.0910031825118229,0.03298425231301051,-0.005018617810617788
0.02315290833554764,0.03987933407918969,0.1898562876686276,0.0015903612865996203,0.03604540996731268,0.04225664131791373,0.9577433586820864,-0.000802236293549966,-0.11061081214374754,0.014546985168275288
-0.12878607504937978,0.03166543664826914,0.25218657038135833,0.0010026998781255461,0.0635980662807118,0.01552148585451997,0.9844785141454802,-0.005408626458825165,-0.004446177984228222,0.01908793820872287
-0.168357412403917,0.026619244470964767,0.20607701641494985,0.0007085841762049884,0.04246773669448751,0.0164114070378323,0.9835885929621677,-0.005408626458825165,-0.004446177984228222,0.01908793820872287
-0.06357408286170103,0.03181760797878153,0.19382622555325418,0.0010123601774914223,0.03756860571222097,0.02623988679768559,0.9737601132023145,-0.005408626458825165,-0.004446177984228222,0.01908793820872287
-0.023378916519742752,0.043225308122396125,0.20377595847767585,0.0018684272622760845,0.041524641253495476,0.04305819630148971,0.9569418036985103,0.04529545271159208,0.04561545954774829,-0.027046984785153813
0.016616182348874242,0.033137725945000765,0.28936675185153177,0.0010981088808059767,0.08373311707710597,0.012944630569771456,0.9870553694302286,-0.03974371524912883,0.05293527943565555,-0.03963842986180893
-0.053516686793491516,0.03482570423830264,0.26180076839536565,0.0012128296756937305,0.06853964233240388,0.017387622843717025,0.9826123771562829,-0.026695325355601103,0.015376093440513001,0.005797300261024018
-0.14569699705714262,0.0287611129656502,0.27853488288439937,0.000827201619022892,0.07758168098342608,0.010549845777257077,0.989450154222743,-0.020723683243241635,0.02638840304138186,-0.013682192626797554
-0.18419923399888025,0.036147693869524274,0.21324089468145216,0.0013066557720848428,0.04547167916454617,0.027932926083301682,0.9720670739166983,0.01969967816275845,-0.0025192687683073256,0.044286858047466744
-0.14386183059591606,0.05164226766406154,0.14545489169481077,0.002666923809486576,0.02115712551794913,0.11194250703701131,0.8880574929629886,-0.007245649650765511,-0.02239996585801659,0.04451394050252455
-0.15600302370531027,0.056396479307583514,0.12412140268205003,0.0031805628782906954,0.015406122603759616,0.1711204981308935,0.8288795018691065,0.006430254014632415,-0.031952001300398526,0.004365064264946469
-0.10065307446207887,0.06210449062917074,0.13740924820882344,0.0038569677563087563,0.01888130149331405,0.16962450897060855,0.8303754910293913,-0.008030520644605549,-0.002042138829459996,0.05498184625879864
-0.11546200920754329,0.049823783860240306,0.19135080602202562,0.0024824094381519423,0.03661513096527887,0.06349272646148632,0.9365072735385137,-0.03205775860230669,-0.027420379352436755,0.0665838871075973
-0.08622307416103907,0.05641807302486765,0.20857967922489193,0.0031829989638392986,0.043505482585558815,0.06817525132985038,0.9318247486701496,-0.008537808579821268,-0.023651312972232108,-0.02273843728548741
-0.056582007890676994,0.038290983342388556,0.15760969986754222,0.001466199405327078,0.02484081749233674,0.05573415682328022,0.9442658431767198,-0.00513945702815014,-0.0338188147435354,-0.02129479677849368
-0.05967243249493076,0.027212967042308477,0.12726160950406507,0.0007405455752457674,0.016195517253565144,0.043725958195312234,0.9562740418046878,0.010801211035145046,0.025852559326918663,-0.027831352618850686
-0.12237988983155212,0.018088579016135118,0.11864948223726976,0.0003271966908229637,0.014077699635172192,0.022714269052565326,0.9772857309474348,-0.02843587483361466,0.028414225859639035,0.0012749763109950601
-0.12967275200909817,0.016153430934838377,0.12054919189840997,0.0002609333309665934,0.014532107667359672,0.017638924342609223,0.9823610756573907,0.009379342650338369,-0.006641098883261552,-0.02162026858920515
-0.12149127123872899,0.014662180582658649,0.1843386183667782,0.00021497953943849232,0.0339807262213727,0.006286740824775203,0.9937132591752248,0.009379342650338369,-0.006641098883261552,-0.02162026858920515
-0.04486548960819722,0.024039324082576367,0.15790039605712888,0.000577889102347136,0.024932535074998163,0.022653057367048184,0.9773469426329519,-0.007094792136656553,0.02483993475208967,0.016798515823782143
-0.19394771608564024,0.019694715349669614,0.19904106870378585,0.0003878818127045119,0.0396173470307452,0.009695777874997008,0.9903042221250029,0.010498439156366116,-0.004735603487174358,-0.011589932746218196
-0.23124335139637997,0.017939763551059435,0.20170072505312842,0.0003218351162679206,0.0406831824869577,0.007848676456673531,0.9921513235433265,0.010498439156366116,-0.004735603487174358,-0.011589932746218196
-0.11120490928000683,0.01630624080215538,0.2684799586657027,0.00026589348909787696,0.07208148820513742,0.0036752330612548428,0.9963247669387452,0.010498439156366116,-0.004735603487174358,-0.011589932746218196
-0.01806896985118761,0.012106463373695715,0.26481687914536056,0.00014656645541863582,0.0701279794802885,0.002085626501987316,0.9979143734980127,0.01186305964060069,-0.00582151619531986,-0.011144215978120256
0.01043421313481474,0.01713149652947067,0.23124030669123535,0.0002934881733392657,0.05347207943865659,0.005458664092551761,0.9945413359074482,-0.011177315183996114,-0.00035764218027425996,-0.016315693347810637
-0.044957081380661984,0.018548355850184828,0.1981865573617103,0.00034404150474508574,0.039277911518886495,0.008683103140824237,0.9913168968591759,-0.012304907182176727,0.002545483021246427,0.006061648796857482
-0.15448942843000918,0.016968803153299877,0.17285506355990649,0.00028794028045543983,0.029878872998299312,0.009544935283509854,0.9904550647164901,-0.012304907182176727,0.002545483021246427,0.006061648796857482
-0.023726496853610217,0.014526436608115917,0.21495721585574026,0.00021101736052961026,0.04620660464845131,0.004546061417984369,0.9954539385820157,-0.012304907182176727,0.002545483021246427,0.006061648796857482
-0.013876972881203032,0.012678743853047937,0.20616990055478468,0.00016075054569120086,0.0425060278947698,0.0037675810447118444,0.9962324189552881,-0.012304907182176727,0.002545483021246427,0.006061648796857482
-0.05870946305566069,0.014446288014068508,0.2648239599822261,0.00020869523738541943,0.07013172978066767,0.0029669317086420378,0.9970330682913578,-0.012304907182176727,0.002545483021246427,0.006061648796857482
-0.1365191695930761,0.016529634251077844,0.22071939500665452,0.0002732288084744058,0.04871705133210359,0.0055772044513804275,0.9944227955486196,-0.002293460622995975,0.005655410739670655,-0.004452613171829281
-0.16264386150920415,0.02085155757986703,0.24814851853400471,0.00043478745350651013,0.06157768725062128,0.007011290157036242,0.9929887098429637,-0.0031022512059117016,0.001754983667786784,0.016429800250510496
-0.1282760197907551,0.02513815094185525,0.17987876010758708,0.0006319266327754981,0.03235636833784286,0.01915608652518523,0.9808439134748148,-0.028210175494765975,-0.012430528717063748,-0.03145966140271188
-0.17811050893964925,0.03224521505700898,0.2088622867474658,0.0010397538940727588,0.043623454825380624,0.023279874507088124,0.9767201254929119,-0.036924248753117145,-0.03446775308428565,-0.05401285370090899
-0.11694081305767778,0.03121019319602655,0.19687720926589772,0.0009740761593333019,0.038760635528328084,0.024514489169825203,0.9754855108301749,-0.06902281708539836,-0.0200203312867107,0.0006578435352341521
-0.05397736578622728,0.0287639702133329,0.1811056116025214,0.0008273659824335023,0.03279924255392333,0.024604502756766584,0.9753954972432335,-0.016036242208511214,-0.04670864065596363,-0.006772271067534922
-0.0014781000969525983,0.02761974623757006,0.19335358759587568,0.0007628503822277655,0.03738560983619597,0.01999688527033519,0.9800031147296648,-0.006259937205430999,0.0027960793391678153,-0.04240153684650506
0.037498093199346376,0.03268294210330137,0.21809046988422448,0.0010681747045277492,0.04756345305432182,0.02196460932429661,0.9780353906757034,-0.05070088869185033,0.004202910667082553,-0.049340567454023924
-0.036562358060834035,0.03504532591909966,0.2241191469167797,0.0012281748687759185,0.05022939201470508,0.023867721370444146,0.9761322786295559,0.002000383047765668,0.024411630996695882,-0.051810846121116555
-0.059931152930004644,0.041731948931803396,0.17380096186227656,0.0017415555616466466,0.03020677434425251,0.054511630710470216,0.9454883692895297,0.03158441461064787,-0.011221111469113497,-0.03127462196630504
-0.08057570658186897,0.0639372070019813,0.22848591577621902,0.004087966439214207,0.05220581370809745,0.0726184389912467,0.9273815610087534,-0.029809785318167196,0.017277456421008506,-0.028981924997464045
-0.04237902609989648,0.060745030599638636,0.1769181243111995,0.0036899587425510342,0.031300022709793034,0.10545757926670277,0.8945424207332973,-0.04221813637425345,0.016489493220700424,-0.07062527790158266
-0.06553519012945538,0.05434341965356925,0.2228803975195285,0.002953207259643937,0.04967567159846305,0.056113816667197024,0.9438861833328029,-0.006813736257038697,-0.02319206962163707,0.0017165195257091495
-0.12343681777018324,0.045395425075475816,0.23761394832525728,0.0020607446177831387,0.05646038843871804,0.035213682821101974,0.964786317178898,0.004654961703162486,-0.007317988685270803,0.0285961522320088
-0.11150200699295201,0.035849262911069324,0.2109577502335364,0.0012851696512669705,0.044503172383595135,0.028067617086647824,0.9719323829133522,-0.04735567641943945,-0.016906982839018092,0.06859017750710927
-0.046962608936736906,0.03267506679292856,0.20435541105207788,0.0010676599899223425,0.04176113402626372,0.02492855599713705,0.9750714440028629,0.00010059922336384114,0.006753157521232825,-0.06800292400873624
0.016948755191609745,0.033650474531356105,0.1996511481805136,0.0011323544361854457,0.0398605809697974,0.027623160551224653,0.9723768394487754,0.0025730639758258624,0.033877036104145976,-0.05294645732310218
-0.00419599010074885,0.03526367645807698,0.19538945700130267,0.0012435268773399327,0.038177039907263906,0.03154512932639027,0.9684548706736098,0.026593170826147358,-0.0182153087380695,0.017894002331794626
0.020142432367593548,0.04856963440032551,0.2225653372101811,0.0023590093857812832,0.04953532932748162,0.045457933259652056,0.9545420667403479,-0.06931797679711373,0.026385736704063408,-0.03767983615415026
0.06590421918801356,0.038891598589742095,0.2137720983550652,0.0015125564408656293,0.04569851003512767,0.03203817566025034,0.9679618243397498,-0.020141801721104476,-0.013756012073513395,-0.025055420792485787
0.03416370263808659,0.031554124304877695,0.27226133835121835,0.0009956627606476733,0.0741262363607966,0.013253961525094773,0.9867460384749052,0.03947225651203311,0.02371183123197887,-0.02948076095084924
-0.055085257967724406,0.0362672273371336,0.2019209665478543,0.0013153117787233306,0.04077207673161969,0.031251921900549644,0.9687480780994504,0.06024237955207902,0.004528443158331872,0.009524540836995811
-0.11103338292361539,0.04794877088520912,0.1689940461844871,0.002299084629402278,0.02855898764580456,0.07450512815246388,0.9254948718475362,0.03022977236988904,0.04758773756449518,0.02144064860876315
-0.11646345925444417,0.0673993870040087,0.25326917321721576,0.004542677368516137,0.06414527410213204,0.06613499560337477,0.9338650043966251,-0.039857999629396124,0.0527808597077102,0.027848235322125426
-0.12196040249462783,0.05523522487409002,0.23864834408574098,0.003050930066891293,0.05695303213486622,0.050845476780897174,0.9491545232191029,0.010078459127679677,-0.010257577706147838,0.044904381253132925
-0.11269331832124961,0.050074205785960946,0.21116808746544752,0.0025074260850947647,0.04459196116381489,0.053236915203239955,0.9467630847967601,0.005908388471652943,-0.06957827036226008,0.07126575327032479
-0.10190618949489837,0.0699115759229419,0.15611437523864524,0.004887628448029269,0.02437169815615253,0.16704514475499652,0.8329548552450036,0.0027648430776629623,-0.007806190715847955,0.04973052193491762
-0.06074596348611404,0.05256872749940472,0.1898315255721235,0.00276347111090667,0.036036008101039775,0.07122443824080482,0.9287755617591952,-0.04383810978238202,-0.02993598550913226,0.04015239296376255
-0.07040550513961687,0.046979342587458894,0.1456573479027228,0.002207058629949829,0.021216062998054827,0.09422564016023689,0.9057743598397631,-0.04383810978238202,-0.02993598550913226,0.04015239296376255
-0.0890463155300222,0.03500559712610207,0.22698876977211307,0.0012253918301549658,0.05152390160265735,0.023230488038968114,0.9767695119610319,0.010632119948236275,0.04273997820957129,0.018587754194773924
-0.011829367530817633,0.03672217422045759,0.30899565393289263,0.0013485180794776401,0.09547831414941595,0.013927111405336628,0.9860728885946634,0.004848704371269746,-0.02372249622850054,0.04256204802766399
0.01759987018975817,0.03787600174575152,0.24375300247261253,0.0014345915082441725,0.05941552621441345,0.023575821410613318,0.9764241785893867,-0.05824799834300293,-0.04341286769557915,0.010238213913426518
0.005410369385178063,0.0361768583612142,0.2168795741511778,0.0013087650808873536,0.04703674968399624,0.027071075512427732,0.9729289244875722,-0.02338407980423057,-0.050944759378199915,0.006285055314123787
-0.0888651300466857,0.03356775493962489,0.17699277974498318,0.0011267941716867113,0.03132644408185613,0.03472054661798509,0.9652794533820148,-0.0010673977518713268,-0.03864254436410928,-0.03240044487761825
-0.050615995060667204,0.03524126551400248,0.17575579083496165,0.0012419467950284205,0.03089009801202279,0.03865134642025277,0.9613486535797473,-0.024480723994804474,-0.010717884481330646,0.0031526848216367268
-0.09956763050590871,0.017226517971649206,0.2254346646121759,0.0002967529214275531,0.050820788008804234,0.005805305107156443,0.9941946948928436,0.009092606359819459,0.021551235299048815,0.007441639291485209
-0.09853045312552262,0.023371657353258864,0.13094146444063978,0.0005462343674381391,0.017145667109859333,0.03087482530575222,0.9691251746942479,-0.025438495591216876,0.010367502259292675,-0.016846185787602497
-0.16587525460182695,0.02425159762529689,0.1610181610885478,0.0005881399873793058,0.02592684820033753,0.022181416156608503,0.9778185838433915,0.005827039964829622,-0.0011384144471031869,-0.007513505146857195
-0.17366378371339858,0.02061970887636596,0.1743464197007927,0.00042517239414608516,0.030396674062484957,0.013794514054968733,0.9862054859450312,0.005827039964829622,-0.0011384144471031869,-0.007513505146857195
-0.1788039523557844,0.014337693595659706,0.18332978685972567,0.00020556945764302133,0.03360981075003244,0.006079170376926913,0.993920829623073,0.005827039964829622,-0.0011384144471031869,-0.007513505146857195
-0.21056864146470372,0.009654194731048412,0.16194789714476165,9.320347590500293e-05,0.0262271213896103,0.0035411217901461936,0.9964588782098538,0.005827039964829622,-0.0011384144471031869,-0.007513505146857195
-0.08850086418172073,0.011080683291099996,0.17069953706982025,0.00012278154219766264,0.029138331955850937,0.004196065272972296,0.9958039347270277,0.005827039964829622,-0.0011384144471031869,-0.007513505146857195
-0.08724478103174223,0.006829274301632174,0.18088431640791486,4.6638987486933617e-05,0.03271913592235866,0.0014234055997533984,0.9985765944002466,0.005827039964829622,-0.0011384144471031869,-0.007513505146857195
-0.008394812293690004,0.006287803654687001,0.2127663099954211,3.9536474799895203e-05,0.045269502669067624,0.0008725957457265209,0.9991274042542735,0.005827039964829622,-0.0011384144471031869,-0.007513505146857195
-0.008985323269948234,0.009330465372054968,0.2621368221105194,8.705758405911686e-05,0.0687157135062021,0.0012653208973939065,0.998734679102606,0.005827039964829622,-0.0011384144471031869,-0.007513505146857195
-0.06754444907961688,0.009338706626482894,0.248921878815896,8.721144145551551e-05,0.06196210175323562,0.001405518239692252,0.9985944817603077,0.005827039964829622,-0.0011384144471031869,-0.007513505146857195
-0.11066380928868766,0.007561719509168202,0.28717459688703706,5.7179601935334994e-05,0.08246924909723223,0.0006928641265184392,0.9993071358734815,0.005827039964829622,-0.0011384144471031869,-0.007513505146857195
-0.1348962634488343,0.008450955319937859,0.25849023030139673,7.1418645819586e-05,0.06681719916126912,0.001067724945753285,0.9989322750542468,0.005827039964829622,-0.0011384144471031869,-0.007513505146857195
-0.1139459415152028,0.0073964998876323495,0.2650130236826509,5.470821058774536e-05,0.07023190272142128,0.0007783589201742384,0.9992216410798258,0.005827039964829622,-0.0011384144471031869,-0.007513505146857195
-0.19059383002754515,0.010005647143969084,0.16754294108072273,0.0001001129747696167,0.02807063710597853,0.003553791591727399,0.9964462084082727,0.005827039964829622,-0.0011384144471031869,-0.007513505146857195
-0.08969976336853579,0.011068285087097727,0.16533664900389156,0.00012250693476926995,0.027336207503836033,0.004461495640780347,0.9955385043592196,0.005827039964829622,-0.0011384144471031869,-0.007513505146857195
-0.14759662474308805,0.010942578882649176,0.15316008680261614,0.00011974003260299967,0.02345801218938491,0.005078517726186539,0.9949214822738134,0.005827039964829622,-0.0011384144471031869,-0.007513505146857195
-0.11605065262573247,0.010506479647235448,0.25025423996738627,0.00011038611457777271,0.06262718462165415,0.001759489780722782,0.9982405102192773,0.005827039964829622,-0.0011384144471031869,-0.007513505146857195
-0.14332396517757182,0.010959784683810639,0.2203993423569227,0.00012011688031549026,0.04857587011136402,0.0024666689749201338,0.9975333310250799,0.005827039964829622,-0.0011384144471031869,-0.007513505146857195
-0.11953077342953,0.01031313165222639,0.19540199185659252,0.00010636068447615385,0.03818193842152385,0.0027778900332369816,0.997222109966763,-0.003841391820525,-0.008236672031676016,-0.003986716833602327
-0.16848894581249274,0.010586622933957707,0.27961334030059487,0.00011207658514579928,0.07818362007405627,0.0014314526842213997,0.9985685473157786,-0.003841391820525,-0.008236672031676016,-0.003986716833602327
-0.10739833731214626,0.01021676847984957,0.2817299368796324,0.00010438235817084768,0.07937175733420164,0.0013133798216028035,0.9986866201783972,-0.0032346044904018267,-0.013953938014460137,0.006557145939658168
-0.10537606730795554,0.009402536670405954,0.2785861342497979,8.840769583832868e-05,0.07761023419624641,0.0011378280711922572,0.9988621719288078,-0.0032346044904018267,-0.013953938014460137,0.006557145939658168
-0.08082798605195608,0.00909785935558037,0.17751826850111008,8.277104485392127e-05,0.031512735651632214,0.002619709367190702,0.9973802906328093,-0.0032346044904018267,-0.013953938014460137,0.006557145939658168
-0.10469412561994407,0.006622527086949105,0.1771139485655358,4.3857865017374594e-05,0.03136935077647526,0.0013961599885547583,0.9986038400114453,0.016820715106841553,0.007268669501318693,-0.0008791682222375813
-0.07305796208935919,0.005748442115484165,0.20713927233062265,3.3044586755072065e-05,0.042906678141659854,0.0007695575251864667,0.9992304424748135,0.016820715106841553,0.007268669501318693,-0.0008791682222375813
-0.06857428544239653,0.00605799592148923,0.17875073215642628,3.669931458478014e-05,0.03195182424645845,0.0011472650344348458,0.998852734965565,0.016820715106841553,0.007268669501318693,-0.0008791682222375813
-0.11626555981476115,0.005776032017943778,0.16551955652520453,3.336254587231167e-05,0.027396723592300377,0.0012162756509132198,0.9987837243490868,0.016820715106841553,0.007268669501318693,-0.0008791682222375813
-0.13143662971285938,0.007817511149462057,0.1509479572665592,6.111348057196357e-05,0.022785285802946986,0.0026749720957582107,0.9973250279042418,0.016820715106841553,0.007268669501318693,-0.0008791682222375813
-0.1685102582961333,0.009995870360946181,0.17846598543272438,9.991742427284235e-05,0.03185010795647339,0.0031273034397354413,0.9968726965602646,0.016820715106841553,0.007268669501318693,-0.0008791682222375813
-0.05860877561725249,0.01176509492975882,0.18140557708014887,0.0001384174587062367,0.03290798339578183,0.004188578941341447,0.9958114210586586,0.016820715106841553,0.007268669501318693,-0.0008791682222375813
-0.1107560672073701,0.011152155935134214,0.21356571029443033,0.00012437058200154925,0.045610312613564546,0.002719393101942527,0.9972806068980574,0.016820715106841553,0.007268669501318693,-0.0008791682222375813
-0.11682951058762857,0.012961978544216553,0.1994811422798643,0.00016801288778073027,0.03979272612527946,0.004204448964915773,0.9957955510350842,0.016820715106841553,0.007268669501318693,-0.0008791682222375813
-0.08805231066813833,0.01581815003275231,0.23559084877894734,0.0002502138704586619,0.055503048028384835,0.004487878591079388,0.9955121214089206,0.016820715106841553,0.007268669501318693,-0.0008791682222375813
0.01686861668776146,0.018556352140966518,0.2813460212982537,0.00034433820477955266,0.07915558370035743,0.004331302428075754,0.9956686975719242,0.016820715106841553,0.007268669501318693,-0.0008791682222375813
0.0188446759025703,0.01325396346329123,0.23529474601491523,0.00017566754748625887,0.05536361750222347,0.003162942182799614,0.9968370578172003,0.016820715106841553,0.007268669501318693,-0.0008791682222375813
0.002931142482380796,0.012270901476844126,0.23982031589298997,0.00015057502305441535,0.057513783915013494,0.0026112320647860565,0.997388767935214,0.0139233735923006,0.00278952671232165,0.002301552622440803
-0.1169184210384515,0.01391907217659821,0.14713469463947026,0.00019374057025735043,0.02164861836665016,0.008869947189173912,0.9911300528108261,0.0139233735923006,0.00278952671232165,0.002301552622440803
-0.1025273583208913,0.01908372696896763,0.15998574080419342,0.0003641886350261025,0.02559543726066656,0.014029040190695903,0.985970959809304,0.0139233735923006,0.00278952671232165,0.002301552622440803
-0.158055415966683,0.027776149004615395,0.22545606686204878,0.0007715144535265968,0.05083043808490461,0.014951264740457283,0.9850487352595426,0.0139233735923006,0.00278952671232165,0.002301552622440803
-0.1174789554254355,0.01759136998421884,0.21570006857821458,0.00030945629792167556,0.04652651958464647,0.006607234974618131,0.9933927650253819,0.018482979793959756,0.007602456295117534,0.004385796102333087
-0.21784925274810465,0.02057888132924612,0.18484212763453625,0.00042349035676319456,0.03416661214846219,0.012243107886113365,0.9877568921138866,0.018482979793959756,0.007602456295117534,0.004385796102333087
-0.1738497957772111,0.031080146897207634,0.2665251272932902,0.0009659755311520053,0.07103564347870454,0.013416025145486931,0.9865839748545131,0.018482979793959756,0.007602456295117534,0.004385796102333087
-0.1550156920127867,0.030744207490635715,0.21959292984407178,0.0009452062942272612,0.04822105483750343,0.019224693366346874,0.9807753066336531,-0.01075331164655009,0.004223277937995616,-0.015189002349929225
-0.14596784606614183,0.03305700157205736,0.19086737135415105,0.001092765352935003,0.0364303534476434,0.029122455378580055,0.97087754462142,-0.01075331164655009,0.004223277937995616,-0.015189002349929225
-0.15658590175825882,0.03324106571643242,0.1565033974285411,0.0011049684499641788,0.024493313406675887,0.04316572714342371,0.9568342728565763,0.008484802582607212,-0.0024361411568508164,0.01760120581590828
-0.1043825957918813,0.05040412619359651,0.11526396555743734,0.0025405759373400014,0.013285781756026101,0.1605281509847922,0.8394718490152078,-0.0388159234069626,-0.038190711904598794,0.06812369052655858
-0.13234407788230942,0.04443963105419397,0.13419774324821795,0.001974880808232881,0.018009034292914627,0.09882351872679243,0.9011764812732075,-0.04019134944280518,-0.009675181481642411,0.013405142238419411
-0.14476255671344693,0.03183045694315734,0.13729523570143495,0.001013177989210193,0.01884998174631258,0.05100789616056156,0.9489921038394384,-0.018491218342878674,0.0028010338703391875,0.0335274142043103
-0.13753207341407486,0.025055529155776912,0.13176990593095,0.0006277795412759869,0.017363308109051415,0.03489391822648157,0.9651060817735184,-0.018491218342878674,0.0028010338703391875,0.0335274142043103
-0.12223847503399307,0.03105631784743872,0.17093514195408097,0.0009644948782411407,0.02921882275486181,0.03195456808178536,0.9680454319182147,-0.018491218342878674,0.0028010338703391875,0.0335274142043103
-0.0879944726139096,0.029752981728149646,0.16567468707260233,0.0008852399217156067,0.027448101936604706,0.031243752542224345,0.9687562474577757,-0.0031401792809611275,-0.024083509992124174,-0.00134673515352194
-0.11127025905492549,0.031611978096809885,0.175538565523212,0.000999317159193188,0.030813787985946996,0.03141212260274584,0.9685878773972542,-0.01803486968226083,-0.014792488786905514,-0.013680956586613486
-0.07722337084184826,0.03631759630198971,0.20187638900239355,0.0013189678011542969,0.04075407643664572,0.03134947387451669,0.9686505261254832,-0.03440587057910546,-0.005184985949703732,0.03573441673028243
-0.08572454502866728,0.028953272382093595,0.19671825894616057,0.0008382919816317037,0.03869807340280868,0.0212030613709781,0.9787969386290218,-0.018512820097782497,-0.02469041014657169,-0.019371006187333346
-0.050790031026643805,0.035306537921657555,0.13253794006793193,0.001246551620013443,0.017566305557450715,0.06626062209767275,0.9337393779023273,-0.018512820097782497,-0.02469041014657169,-0.019371006187333346
-0.17605398030763236,0.0225826279981177,0.18228891867110222,0.0005099750873013694,0.03322924987027972,0.015115198643197634,0.9848848013568023,0.003933894215729029,7.82923312022156e-05,0.013928941002692596
-0.1929505321727721,0.02297338961632306,0.18054634855304363,0.0005277766304633802,0.03259698397583712,0.015932994557642,0.9840670054423579,0.003933894215729029,7.82923312022156e-05,0.013928941002692596
-0.1181439853056562,0.022616052205992252,0.21483005149532003,0.000511485817384167,0.046151951025481856,0.010961169000614744,0.9890388309993853,0.003933894215729029,7.82923312022156e-05,0.013928941002692596
-0.11648707364738894,0.022201188890788898,0.20075285429487427,0.0004928927881644884,0.040301708507539016,0.012082304337079033,0.987917695662921,-0.01670831516600886,-0.010723018299246677,0.012709093276545572
-0.07557868172137959,0.022101711788479715,0.19985440326631784,0.0004884856639810232,0.039941782504936,0.01208217719309053,0.9879178228069094,-0.01670831516600886,-0.010723018299246677,0.012709093276545572
-0.063071091668563,0.023358149128804413,0.19564853405315083,0.0005456031307234664,0.03827834887714692,0.014053261002714557,0.9859467389972855,-0.031076660342905,-0.010939522865031236,-0.007145295070015878
-0.04163534644551349,0.04040875808286764,0.2414771780124898,0.0016328677297997207,0.05831122750087569,0.027239842782114883,0.9727601572178851,0.0035618005082145195,-0.024485043247228812,-0.01198690285877908
-0.09174604034553568,0.025747214043779124,0.2607843256836081,0.0006629190310161769,0.06800846452225418,0.009653497522762618,0.9903465024772374,-0.004032582519847028,-0.028088083189596783,0.004450376616532869
-0.14536931861373292,0.03619375872201898,0.280746621336595,0.0013099881704277249,0.07881866539191346,0.016348560872903428,0.9836514391270965,-0.02422987393449575,-0.062212368166905035,-0.019300870248364625
-0.06180049233836317,0.04526240202681549,0.2193649438924048,0.002048685037237071,0.048120978608917904,0.04083513598349753,0.9591648640165025,-0.07751909230360983,0.013663744337635307,0.035594316472521564
-0.1426832872913192,0.0382975448603676,0.22306436652052802,0.0014667019423318687,0.049757711611204465,0.028632869379733746,0.9713671306202663,-0.0639179019253339,0.07474412956246863,-0.02874844361900268
-0.09815301817804006,0.0354723817266772,0.18609126036393678,0.0012582898653631027,0.03462995718383851,0.03506133536246639,0.9649386646375336,-0.0689063750032393,0.03356918528871822,-0.02198320940793514
-0.15075096063168822,0.03957016449712808,0.22104981549391323,0.0015657979183297756,0.04886302092989308,0.031049664737189366,0.9689503352628107,-0.03280835960034749,0.003451515796006441,0.006023001583850185
-0.17634085855529447,0.04474513693435166,0.1769725871730526,0.002002127279273881,0.0313192966107237,0.060085285847429816,0.9399147141525702,0.006902233033659867,0.053613720820594686,0.037558665995475096
-0.20987196919974668,0.0457278559299923,0.167158301206745,0.002091036807954132,0.027941897662324883,0.0696247917439919,0.9303752082560082,0.006898084504405681,-0.0452341236238839,0.021766025001487825
-0.17846536064643098,0.029577427765339885,0.14789836858166416,0.0008748242332138988,0.021873927429117784,0.03845592260178692,0.961544077398213,-0.01488288323986549,0.028428062609159765,0.03745741832923973
-0.11181823731470017,0.02880377299234366,0.19250161263306625,0.0008296573385944661,0.037056870866331096,0.021898478902762163,0.9781015210972378,-0.03669857374131636,0.0014996957359424898,0.02495953437685402
-0.1410463285769089,0.023842143977918995,0.19289136570630852,0.0005684478294638191,0.037207078964044855,0.015048045062908319,0.9849519549370918,0.029842891630474478,-0.011226369891450726,0.002218708554171977
-0.11702044131553668,0.018323726207555496,0.14974385228201204,0.0003357589421294561,0.02242322129625704,0.014752811356773683,0.9852471886432264,0.029842891630474478,-0.011226369891450726,0.002218708554171977
-0.12693189932132717,0.018008824652593878,0.22310958726152416,0.000324317765367873,0.049777887928007664,0.006473123505833077,0.9935268764941669,0.029842891630474478,-0.011226369891450726,0.002218708554171977
-0.12544236622669686,0.021478902492843874,0.17560993844026376,0.0004613432522970948,0.030838850478993228,0.014739309802926141,0.9852606901970739,-0.008962773708125725,0.00101318783743988,-0.016629125730452804
-0.16523340159908576,0.020394853236557514,0.24261685928461862,0.00041595003854072053,0.05886294040913243,0.00701683239007129,0.9929831676099288,-0.008962773708125725,0.00101318783743988,-0.016629125730452804
-0.06125021210893186,0.011103884304128085,0.22728203364984245,0.00012329624663946206,0.05165712282000812,0.0023811365157312666,0.9976188634842688,-0.008962773708125725,0.00101318783743988,-0.016629125730452804
-0.1143645392433261,0.011841204841968617,0.22474987146115594,0.00014021413210946104,0.050512504721806115,0.002768146217656037,0.9972318537823439,-0.008962773708125725,0.00101318783743988,-0.016629125730452804
-0.13382543435579375,0.010225702242451815,0.22406290395656228,0.00010456498635128408,0.05020418492944766,0.0020784652078672805,0.9979215347921326,-0.008962773708125725,0.00101318783743988,-0.016629125730452804
-0.17371151941717772,0.010542179528450353,0.14882255871038064,0.00011113754921007772,0.02214815398110469,0.004992861028785228,0.9950071389712147,-0.008962773708125725,0.00101318783743988,-0.016629125730452804
-0.15350894440350357,0.012982369441121648,0.18783245841504131,0.00016854191630576921,0.035281032434238226,0.004754412976560404,0.9952455870234396,-0.008962773708125725,0.00101318783743988,-0.016629125730452804
-0.07589337476319515,0.010769674913007307,0.1693542393090147,0.00011598589773185894,0.028680858371935018,0.004027729449995066,0.9959722705500049,0.011139561097891156,0.0007037890622319444,-0.0037172691586984316
-0.03236066330272405,0.011943015665912287,0.20311745749507285,0.0001426356231962263,0.041256701539262725,0.0034453600702952494,0.9965546399297047,0.002653938285898093,-0.016123980353638486,0.0060360141859470695
-0.01682203763460189,0.010815167518545641,0.16380079685273657,0.00011696784845420467,0.026830701049591475,0.004340555351809577,0.9956594446481905,0.002653938285898093,-0.016123980353638486,0.0060360141859470695
-0.005596465337193747,0.011077144273502076,0.17176961012649816,0.00012270312525597982,0.02950479896300918,0.0041415278578135675,0.9958584721421864,0.002653938285898093,-0.016123980353638486,0.0060360141859470695
-0.06684108722485167,0.015360127341318338,0.19037077176332168,0.00023593351194151513,0.036241030741762714,0.006468013903255562,0.9935319860967444,-0.003290657846013987,0.004645453542882455,0.028937211228842245
-0.10603324341210452,0.012634139024027588,0.2118748874212385,0.00015962146887845677,0.044890967919762485,0.003543160501218742,0.9964568394987813,-0.003290657846013987,0.004645453542882455,0.028937211228842245
-0.1547887016826788,0.011449401269710087,0.15902665802478494,0.00013108878943483897,0.025289477962531896,0.0051568004251792265,0.9948431995748208,0.015423624411728697,0.011668500373711302,0.011926227076093653
-0.07970774035960722,0.014195517139882399,0.15846234896763978,0.00020151270686869494,0.025110316040342046,0.007961206947202532,0.9920387930527974,0.003949725526730183,0.025253949448665963,0.017655672218402422
-0.054713531017846734,0.01860892033565003,0.13491110375000054,0.0003462919160585692,0.01820100591504341,0.01867074757800417,0.9813292524219959,-0.0007388803084003043,0.0010329031997340088,-0.00492811472977385
-0.0827876192158776,0.015916299535467825,0.12921653577392153,0.0002533285909027333,0.016696913117413142,0.01494542645834065,0.9850545735416594,-0.0007388803084003043,0.0010329031997340088,-0.00492811472977385
-0.13379743663077778,0.008730160239655838,0.17851764100593379,7.621569781006766e-05,0.03186854815032345,0.0023858588585096343,0.9976141411414905,-0.0007388803084003043,0.0010329031997340088,-0.00492811472977385
-0.07313646403562155,0.006562593958674885,0.18402134788323607,4.30676394664361e-05,0.033863856476762995,0.001270172408408521,0.9987298275915913,-0.0007388803084003043,0.0010329031997340088,-0.00492811472977385
-0.10873239651275965,0.006671894584747574,0.24001823668209657,4.451417734998401e-05,0.05760875393998293,0.0007721015443459525,0.9992278984556541,-0.0007388803084003043,0.0010329031997340088,-0.00492811472977385
-0.09024985856510559,0.00883500449404714,0.18723035298927457,7.805730440983317e-05,0.03505520508048836,0.0022217493939129776,0.9977782506060872,-0.0007388803084003043,0.0010329031997340088,-0.00492811472977385
-0.06709631311358871,0.006084976068211122,0.15794353882951573,3.7026933750702085e-05,0.024946161457990744,0.0014820739919225792,0.9985179260080774,-0.0007388803084003043,0.0010329031997340088,-0.00492811472977385
-0.09041161993065147,0.0048257929792543995,0.2042625262620874,2.3288277878621055e-05,0.04172317963496995,0.000557850257589181,0.9994421497424109,-0.0007388803084003043,0.0010329031997340088,-0.00492811472977385
-0.16158448208461992,0.0039060752483359596,0.15802460302711485,1.525742384566283e-05,0.024971775161877235,0.0006106136770470546,0.999389386322953,-0.0007388803084003043,0.0010329031997340088,-0.00492811472977385
-0.15943633262316756,0.0036977736749579586,0.21432371359647215,1.3673530151212085e-05,0.04593465420978262,0.00029758493559556417,0.9997024150644044,-0.0007388803084003043,0.0010329031997340088,-0.00492811472977385
-0.11422479046968001,0.0053900497732360985,0.1970634662375769,2.9052636557962516e-05,0.03883400972556861,0.0007475642626216543,0.9992524357373784,-0.0007388803084003043,0.0010329031997340088,-0.00492811472977385
-0.054448665047547674,0.0044157732617063575,0.23353970317066836,1.9499053498800805e-05,0.054540792957043886,0.00035738543142388245,0.9996426145685761,-0.0007388803084003043,0.0010329031997340088,-0.00492811472977385
-0.06200083758785477,0.007036460055746178,0.18287754023878774,4.951177011611151e-05,0.03344419472378943,0.0014782409980549805,0.9985217590019451,-0.0007388803084003043,0.0010329031997340088,-0.00492811472977385
-0.14101755337399793,0.005416755635987323,0.17386246016619436,2.934124162000043e-05,0.03022815505504152,0.0009697180934047678,0.9990302819065953,-0.0007388803084003043,0.0010329031997340088,-0.00492811472977385
-0.0862082459162749,0.005765105784678808,0.16692343628842,3.323644470853705e-05,0.02786343358233421,0.001191412619367042,0.9988085873806329,-0.0007388803084003043,0.0010329031997340088,-0.00492811472977385
-0.12660121510653416,0.005836792422556908,0.21379088317907105,3.4068145784017745e-05,0.0457065417304872,0.0007448117958237199,0.9992551882041764,-0.0007388803084003043,0.0010329031997340088,-0.00492811472977385
-0.04038169649349961,0.005749752730245906,0.31576481095444275,3.305965645897025e-05,0.09970741583709497,0.0003314567761520932,0.9996685432238479,-0.0007388803084003043,0.0010329031997340088,-0.00492811472977385
-0.06522112139773584,0.005412112913185631,0.17038665227646133,2.9290966185070653e-05,0.029031611273979744,0.0010079166139786214,0.9989920833860214,-0.0007388803084003043,0.0010329031997340088,-0.00492811472977385
-0.08166105650139849,0.005214737754158643,0.15227943751655273,2.719348984464753e-05,0.023189027090357688,0.0011713142434491173,0.9988286857565508,-0.0007388803084003043,0.0010329031997340088,-0.00492811472977385
-0.11550172589773884,0.005304645104680212,0.16464226393131987,2.8139259686607734e-05,0.02710707507243039,0.0010370015634371592,0.9989629984365628,-0.0007388803084003043,0.0010329031997340088,-0.00492811472977385
-0.04985239635349645,0.004796468267406998,0.1976942048136664,2.3006107840242293e-05,0.03908299861690788,0.0005883011573842251,0.9994116988426157,-0.0007388803084003043,0.0010329031997340088,-0.00492811472977385
-0.09952911266446368,0.004876581452879219,0.2122686994342299,2.3781046666565596e-05,0.045058000759499436,0.0005275090227980513,0.9994724909772019,-0.0007388803084003043,0.0010329031997340088,-0.00492811472977385
-0.04804399152042294,0.004281589871232904,0.1924573564850575,1.8332011825444195e-05,0.0370398340652165,0.0004946821110179312,0.999505317888982,-0.0007388803084003043,0.0010329031997340088,-0.00492811472977385
-0.04021353087421918,0.003852387095119601,0.16898752286609417,1.4840886330644038e-05,0.0285567828844187,0.0005194274728563951,0.9994805725271436,-0.0007388803084003043,0.0010329031997340088,-0.00492811472977385
-0.02606102323601592,0.004691315362516607,0.15731598096775082,2.200843983058432e-05,0.02474831786784574,0.0008885001980681984,0.9991114998019317,-0.0007388803084003043,0.0010329031997340088,-0.00492811472977385
-0.055631609693171734,0.005903878627244616,0.1670828960305272,3.485578284523577e-05,0.02791669414594796,0.0012470071582445755,0.9987529928417553,-0.0007388803084003043,0.0010329031997340088,-0.00492811472977385
-0.10360214167840434,0.0048645772701518064,0.16119799541231883,2.36641120172776e-05,0.025984793724949964,0.0009098621750514753,0.9990901378249486,-0.0007388803084003043,0.0010329031997340088,-0.00492811472977385
-0.05412549957176775,0.0032606947329402542,0.16234830296491795,1.0632130141424315e-05,0.026356971475588787,0.00040322701677424105,0.9995967729832257,-0.0007388803084003043,0.0010329031997340088,-0.00492811472977385
-0.17492045404133438,0.0026588562410006294,0.10680013307270964,7.069516510307997e-06,0.011406268424348486,0.0006194083226958276,0.9993805916773041,-0.0007388803084003043,0.0010329031997340088,-0.00492811472977385
-0.18025908060172874,0.0029982234030975097,0.2079032155260889,8.989343574881612e-06,0.04322374702608737,0.0002079290910021997,0.9997920709089977,-0.0007388803084003043,0.0010329031997340088,-0.00492811472977385
-0.10950892470117933,0.0031435303875860907,0.22325859660646594,9.881783297677157e-06,0.04984440095868868,0.00019821332800672108,0.9998017866719933,-0.0007388803084003043,0.0010329031997340088,-0.00492811472977385
-0.049187182143117215,0.0030698741541488133,0.19897574259202905,9.424127322310892e-06,0.0395913461400494,0.00023797838422541287,0.9997620216157745,-0.0007388803084003043,0.0010329031997340088,-0.00492811472977385
-0.07425304436103265,0.0031400465068464048,0.2680908256445825,9.85989206515831e-06,0.07187269079479391,0.0001371666972157237,0.9998628333027842,-0.0007388803084003043,0.0010329031997340088,-0.00492811472977385
-0.09581689285477576,0.0031536529709700473,0.24820717007706392,9.945527061308206e-06,0.061606799277664534,0.00016140948524345626,0.9998385905147565,-0.0007388803084003043,0.0010329031997340088,-0.00492811472977385
-0.10790808244668153,0.003406039919382231,0.2894643440994718,1.1601107932425314e-05,0.08378960650493741,0.00013843604719896262,0.999861563952801,-0.0007388803084003043,0.0010329031997340088,-0.00492811472977385
-0.19502879471348075,0.006950117363890153,0.19072542298590014,4.8304131371847405e-05,0.03637618697315053,0.0013261443031073693,0.9986738556968926,-0.0007388803084003043,0.0010329031997340088,-0.00492811472977385
-0.2037626882647257,0.0070706775316936475,0.28143977403128506,4.9994480757197374e-05,0.0792083464067808,0.0006307787949805311,0.9993692212050195,-0.0007388803084003043,0.0010329031997340088,-0.00492811472977385
-0.14528883648277877,0.00771261720194651,0.2517671036666099,5.948446410376121e-05,0.06338667448867351,0.0009375581608972619,0.9990624418391026,-0.0007388803084003043,0.0010329031997340088,-0.00492811472977385
-0.2022533505684011,0.0049155265010936335,0.24733577277493896,2.4162400782953818e-05,0.061174984494176236,0.00039481597389626373,0.9996051840261037,-0.0007388803084003043,0.0010329031997340088,-0.00492811472977385
-0.21596030686362241,0.0042511956688150235,0.31884195600581827,1.8072664614551614e-05,0.10166019290961616,0.00017774363589392246,0.999822256364106,-0.0007388803084003043,0.0010329031997340088,-0.00492811472977385
-0.14624619226482558,0.0064704160215064005,0.2500206518698094,4.1866283491366716e-05,0.06251032636140441,0.0006693016139184527,0.9993306983860815,-0.0007388803084003043,0.0010329031997340088,-0.00492811472977385
-0.12404839505272613,0.007045982674621496,0.21177037799426876,4.964587185106629e-05,0.04484669299583547,0.0011057888706109656,0.998894211129389,-0.0007388803084003043,0.0010329031997340088,-0.00492811472977385
-0.09671569198525617,0.005989996981470444,0.21039781865614535,3.588006383802503e-05,0.044267242095264225,0.0008098766427605674,0.9991901233572393,-0.0007388803084003043,0.0010329031997340088,-0.00492811472977385
-0.09351207809509078,0.004373462414190911,0.23105378909076008,1.9127173488340588e-05,0.05338585345319744,0.00035815336442202516,0.999641846635578,-0.0007388803084003043,0.0010329031997340088,-0.00492811472977385
0.03287641169308924,0.005874757106107483,0.22066181576188854,3.451277105576036e-05,0.04869163693533364,0.0007083008048804386,0.9992916991951195,-0.0007388803084003043,0.0010329031997340088,-0.00492811472977385
0.0954235171429501,0.004585867762099486,0.25439951974737596,2.103018313146335e-05,0.06471911564769553,0.0003248399097897848,0.9996751600902103,-0.0007388803084003043,0.0010329031997340088,-0.00492811472977385
0.08885012107845487,0.004523833302411395,0.3475021069522786,2.0465067748006388e-05,0.12075771433627289,0.00016944341973849187,0.9998305565802614,-0.0007388803084003043,0.0010329031997340088,-0.00492811472977385
-0.00574385976440448,0.004919393574775343,0.4009836956503397,2.4200433143540927e-05,0.16078792417740426,0.0001504888589846639,0.9998495111410153,-0.0007388803084003043,0.0010329031997340088,-0.00492811472977385
0.019403411646536552,0.007150418948275067,0.30070792130688984,5.112849113585112e-05,0.09042525393671065,0.0005651031768055635,0.9994348968231944,-0.0007388803084003043,0.0010329031997340088,-0.00492811472977385
0.03889217990768484,0.008416921435679518,0.4379500742580579,7.084456645440136e-05,0.1918002675426384,0.000369229977747359,0.9996307700222526,-0.0007388803084003043,0.0010329031997340088,-0.00492811472977385
0.08298096809581094,0.007772883104144833,0.3758920128930466,6.0417711750700215e-05,0.1412948053567863,0.00042741761103094365,0.9995725823889691,-0.0007388803084003043,0.0010329031997340088,-0.00492811472977385
0.04038531681107775,0.00667349149781328,0.3347037457715156,4.453548877138614e-05,0.11202659743348337,0.00039738590670160355,0.9996026140932984,-0.0007388803084003043,0.0010329031997340088,-0.00492811472977385
-0.01731051675782066,0.005952605319779855,0.3125913157220162,3.543351009307143e-05,0.09771333066482121,0.00036249573477640856,0.9996375042652237,-0.0007388803084003043,0.0010329031997340088,-0.00492811472977385
-0.03812833850506785,0.006626583765673165,0.20498500581799123,4.391161240348314e-05,0.0420188526102019,0.0010439545097676714,0.9989560454902323,-0.0007388803084003043,0.0010329031997340088,-0.00492811472977385
-0.14276970471928505,0.009346380726543275,0.280588463624513,8.735483268549959e-05,0.07872988591916466,0.00110832137552911,0.9988916786244708,-0.0007388803084003043,0.0010329031997340088,-0.00492811472977385
-0.20704916932765535,0.006924063817979978,0.20403350954043137,4.7942659755459475e-05,0.041629673015385296,0.001150321556999615,0.9988496784430003,-0.0007388803084003043,0.0010329031997340088,-0.00492811472977385
-0.2281441994622024,0.003638000965473348,0.24683838479401596,1.3235051024785013e-05,0.06092918820771869,0.00021717303508908577,0.9997828269649109,-0.0007388803084003043,0.0010329031997340088,-0.00492811472977385
-0.2677835358688129,0.002736970492542164,0.2111152833524606,7.491007477046497e-06,0.04456966286498973,0.0001680458895711003,0.9998319541104289,-0.0007388803084003043,0.0010329031997340088,-0.00492811472977385
-0.18755165668742713,0.002794401709328783,0.29718706706471515,7.808680913099624e-06,0.08832015283052749,8.840553749322304e-05,0.9999115944625068,-0.0007388803084003043,0.0010329031997340088,-0.00492811472977385
-0.17087210917696755,0.0023813934203293424,0.2574923224545481,5.671034622387884e-06,0.06630229612303698,8.552568967925013e-05,0.9999144743103208,-0.0007388803084003043,0.0010329031997340088,-0.00492811472977385
-0.12850876634965397,0.0025894560154071725,0.2432004970951886,6.70528245572839e-06,0.059146481787346834,0.00011335454246642624,0.9998866454575336,-0.0007388803084003043,0.0010329031997340088,-0.00492811472977385
-0.13129435772562859,0.002995328838202958,0.260282054597436,8.971994848970281e-06,0.06774674794546263,0.00013241678867664645,0.9998675832113234,-0.0007388803084003043,0.0010329031997340088,-0.00492811472977385
-0.07095267685445225,0.00481880927167128,0.3276583155359911,2.3220922796745096e-05,0.10735997173988311,0.00021624355004687187,0.9997837564499531,-0.0007388803084003043,0.0010329031997340088,-0.00492811472977385
-0.1745531257645247,0.006475454619989417,0.24642778277535335,4.193151253554228e-05,0.06072665212357674,0.0006900195796339755,0.999309980420366,-0.0007388803084003043,0.0010329031997340088,-0.00492811472977385
-0.14240333805935945,0.005547068884266807,0.2708655324245665,3.0769973206801e-05,0.07336813665564389,0.000419215688898373,0.9995807843111015,-0.0007388803084003043,0.0010329031997340088,-0.00492811472977385
-0.07220660931208545,0.0034697836535977408,0.2302786671031239,1.2039398602774087e-05,0.05302826452279135,0.00022698585250598315,0.999773014147494,-0.0007388803084003043,0.0010329031997340088,-0.00492811472977385
-0.05659605898852779,0.005588394095951608,0.15239305885146076,3.123014857166679e-05,0.02322364438610478,0.0013429506370846262,0.9986570493629154,-0.0007388803084003043,0.0010329031997340088,-0.00492811472977385
-0.12731880625154335,0.004335784586951839,0.19399506045521864,1.879902798444913e-05,0.037634083481023935,0.0004992719476377803,0.9995007280523622,-0.0007388803084003043,0.0010329031997340088,-0.00492811472977385
-0.19379821542372425,0.004565694719018116,0.16344875900414912,2.0845568267269915e-05,0.02671549681999642,0.0007796716530837211,0.9992203283469163,-0.0007388803084003043,0.0010329031997340088,-0.00492811472977385
-0.18627099507750705,0.004482242941422591,0.14993020425370485,2.009050178593264e-05,0.022479066147557656,0.0008929446600621263,0.9991070553399378,-0.0007388803084003043,0.0010329031997340088,-0.00492811472977385
-0.08018312860180005,0.004399473681061068,0.2394681540792026,1.9355368670349024e-05,0.05734499681810072,0.0003374110912528114,0.9996625889087472,-0.0007388803084003043,0.0010329031997340088,-0.00492811472977385
-0.17807239111300638,0.004426912587990802,0.21810183811900222,1.959755506171142e-05,0.04756841179088745,0.0004118170802069834,0.9995881829197931,-0.0007388803084003043,0.0010329031997340088,-0.00492811472977385
-0.22583959700087075,0.004462465231454767,0.2916880515873255,1.9913595941942652e-05,0.08508191943881027,0.00023399726224240938,0.9997660027377575,-0.0007388803084003043,0.0010329031997340088,-0.00492811472977385
-0.16839121193136974,0.004239546688010461,0.22313095636489153,1.797375611982047e-05,0.04978742368831113,0.00036087968457382985,0.9996391203154262,-0.0007388803084003043,0.0010329031997340088,-0.00492811472977385
-0.14631547273414378,0.006528453517748525,0.2390737868930114,4.262070533340309e-05,0.05715627557936503,0.0007451316039607703,0.9992548683960393,-0.0007388803084003043,0.0010329031997340088,-0.00492811472977385
-0.15154222650664262,0.0057709110711185565,0.24321303004653122,3.3303414590758726e-05,0.059152577984414895,0.0005626918752166837,0.9994373081247834,-0.0007388803084003043,0.0010329031997340088,-0.00492811472977385
-0.1492812831221137,0.0051401284777694055,0.244023388470553,2.6420920767976026e-05,0.05954741412065041,0.00044349873983447636,0.9995565012601655,0.004913003152552084,0.005969526883650217,-0.0069704009100211625
-0.12433147575781299,0.005854565044620576,0.21483591630811683,3.427593186169313e-05,0.046154470935948176,0.0007420840396425847,0.9992579159603574,0.004913003152552084,0.005969526883650217,-0.0069704009100211625
-0.07108027408442287,0.0062384933370060605,0.2183332379659333,3.891879911586901e-05,0.047669402800688855,0.00081576542227443,0.9991842345777255,0.004913003152552084,0.005969526883650217,-0.0069704009100211625
-0.13737765356078524,0.006193191513047389,0.2184590670193481,3.835562111728221e-05,0.047724363962964034,0.0008030451668431718,0.9991969548331568,0.004913003152552084,0.005969526883650217,-0.0069704009100211625
-0.14799287939257408,0.010318007585900981,0.1945062238411222,0.00010646128054271019,0.03783267111293274,0.0028061074101161784,0.9971938925898839,0.004913003152552084,0.005969526883650217,-0.0069704009100211625
-0.17367065793848113,0.009099073333384559,0.16142825740147157,8.279313552630999e-05,0.02605908228767576,0.0031670694694240424,0.996832930530576,0.012657673341025678,0.006937979501076604,0.00418733410895775
-0.1855303316803429,0.008015675398054065,0.13358970861554925,6.42510520869692e-05,0.017846210247987354,0.0035873476964383144,0.9964126523035618,0.01035169310416998,-0.0032646538058895003,0.006667226561750016
-0.13537355176904142,0.006126317793516372,0.1678331112730598,3.75317697071553e-05,0.028167953239595273,0.0013306550018472286,0.9986693449981527,0.01035169310416998,-0.0032646538058895003,0.006667226561750016
-0.17828353430308944,0.0067986784828724415,0.1452877609411148,4.6222029113472726e-05,0.021108533479282526,0.002184947450474098,0.9978150525495258,0.01035169310416998,-0.0032646538058895003,0.006667226561750016
-0.1438472541925995,0.004891511725183015,0.1670359376408566,2.3926886957602912e-05,0.02790100446356014,0.0008568288550925765,0.9991431711449075,0.01035169310416998,-0.0032646538058895003,0.006667226561750016
-0.18520975832229802,0.005304037290688083,0.18452380583851072,2.813281158100978e-05,0.0340490349211284,0.0008255619070714652,0.9991744380929285,0.01035169310416998,-0.0032646538058895003,0.006667226561750016
-0.1870802614155844,0.005671805723208257,0.2379491483056435,3.216938016181794e-05,0.05661979717938113,0.0005678422500657051,0.9994321577499343,0.01035169310416998,-0.0032646538058895003,0.006667226561750016
-0.25972897929885674,0.005920996687758657,0.21448322129986722,3.5058201776448986e-05,0.04600305221916781,0.0007615039248113852,0.9992384960751887,0.01035169310416998,-0.0032646538058895003,0.006667226561750016
-0.1867117174330894,0.007443643622251508,0.25595276173502146,5.540783037508555e-05,0.06551181623978466,0.0008450537774147155,0.9991549462225854,0.01035169310416998,-0.0032646538058895003,0.006667226561750016
-0.0668432492810947,0.009610633396521904,0.3954533994220186,9.236427428234216e-05,0.15638339111443061,0.0005902785006718342,0.9994097214993283,0.01035169310416998,-0.0032646538058895003,0.006667226561750016
-0.05491426163456126,0.008413453763056028,0.2882522809963654,7.078620422308164e-05,0.0830893774996076,0.000851203281359353,0.9991487967186405,0.01035169310416998,-0.0032646538058895003,0.006667226561750016
-0.07422442029780138,0.011932930808232035,0.18612331617725592,0.00014239483767405323,0.03464188882481877,0.004093654451984436,0.9959063455480156,0.01035169310416998,-0.0032646538058895003,0.006667226561750016
-0.05043621117428992,0.0126028638834838,0.15102631162510088,0.00015883217806562038,0.022808946803082084,0.006915434800900523,0.9930845651990995,0.01035169310416998,-0.0032646538058895003,0.006667226561750016
0.008426167151892693,0.01100525278141731,0.2239263315015563,0.00012111558878289342,0.050143001939744886,0.0024095835108246624,0.9975904164891753,0.01035169310416998,-0.0032646538058895003,0.006667226561750016
-0.1111775243628457,0.009169053087377164,0.22639813203515027,8.407153451914072e-05,0.05125611418900534,0.001637538574010621,0.9983624614259894,0.01035169310416998,-0.0032646538058895003,0.006667226561750016
-0.20824496617999227,0.009062098747284631,0.16094673358245637,8.212163370553768e-05,0.025903851050862188,0.0031602293553670674,0.9968397706446329,0.01035169310416998,-0.0032646538058895003,0.006667226561750016
-0.07663890830313329,0.007770657712495239,0.15030069720571917,6.038312128476174e-05,0.02259029958052528,0.00266584111744837,0.9973341588825517,0.01035169310416998,-0.0032646538058895003,0.006667226561750016
-0.11452019498792775,0.009566134970482938,0.1849439398125534,9.151093827349659e-05,0.03420426087338937,0.0026682863058465046,0.9973317136941535,0.01035169310416998,-0.0032646538058895003,0.006667226561750016
-0.07288535335519473,0.0076802707895590955,0.1617181698846937,5.898655940095469e-05,0.026152766470854655,0.0022503858987557184,0.9977496141012443,-0.003352102160048994,0.00803286940502534,0.0029542490421945147
-0.11938968394926226,0.008643780845331515,0.2103161569458793,7.471494730212e-05,0.04423288587248373,0.0016862783341849452,0.998313721665815,-0.003352102160048994,0.00803286940502534,0.0029542490421945147
-0.09757618881853862,0.006734338136247575,0.1539874820499762,4.535131013331847e-05,0.023712144628091743,0.0019089263553382174,0.9980910736446619,-0.003352102160048994,0.00803286940502534,0.0029542490421945147
-0.15943634693539344,0.00458798464806678,0.20120961197057255,2.1049603130896454e-05,0.04048530794934837,0.0005196617124515575,0.9994803382875485,-0.003352102160048994,0.00803286940502534,0.0029542490421945147
-0.11194801393028382,0.010216498566946034,0.1895588771995103,0.00010437684296841037,0.03593256792513903,0.0028963843533368417,0.997103615646663,-0.003352102160048994,0.00803286940502534,0.0029542490421945147
-0.10836430655332727,0.01043853758685304,0.1958226127378485,0.00010896306695214368,0.03834649565947739,0.0028334876389669987,0.997166512361033,-0.003352102160048994,0.00803286940502534,0.0029542490421945147
-0.08538687616052033,0.014541884313451598,0.17617032120793596,0.00021146639938580963,0.03103598207450733,0.006767477336989201,0.9932325226630108,-0.003352102160048994,0.00803286940502534,0.0029542490421945147
-0.101947641905303,0.01363985154071663,0.1412299050262482,0.0001860455500527898,0.019945886073723083,0.009241316408658443,0.9907586835913416,-0.003352102160048994,0.00803286940502534,0.0029542490421945147
-0.18693185286887049,0.009628761425926308,0.13356560989039054,9.271304659740643e-05,0.01783977214539199,0.005170117003014294,0.9948298829969856,-0.003352102160048994,0.00803286940502534,0.0029542490421945147
-0.1535574125187501,0.00832225409268134,0.17399641121618345,6.92599131831513e-05,0.03027475111611121,0.0022824903773033564,0.9977175096226966,-0.003352102160048994,0.00803286940502534,0.0029542490421945147
-0.0832827646752525,0.007515314908982017,0.20751758805795348,5.647995818116738e-05,0.043063549353390476,0.0013098311639136682,0.9986901688360864,-0.00741910903324652,0.006517419495314244,-0.0026488814293863373
-0.0583284010023905,0.0057180242774922535,0.13918594935793785,3.269580163799081e-05,0.01937272849867044,0.0016848795023498217,0.9983151204976501,-0.00741910903324652,0.006517419495314244,-0.0026488814293863373
-0.11009503297923975,0.006511300557324734,0.18578620536951435,4.239703494781739e-05,0.034516514105603364,0.0012268047096561736,0.9987731952903439,-0.00741910903324652,0.006517419495314244,-0.0026488814293863373
-0.049921670992535985,0.008724835051150686,0.21267729816201805,7.61227466697876e-05,0.045231633153495925,0.0016801261761346515,0.9983198738238653,-0.00741910903324652,0.006517419495314244,-0.0026488814293863373
-0.15689933628370148,0.0078119330093329225,0.16825278566739643,6.1026297342305334e-05,0.028308999884838842,0.0021510835749822175,0.9978489164250177,-0.00741910903324652,0.006517419495314244,-0.0026488814293863373
-0.10914260923763712,0.009422237120821658,0.13521511405929276,8.877855236098961e-05,0.018283127070067552,0.004832299609279954,0.9951677003907201,-0.00741910903324652,0.006517419495314244,-0.0026488814293863373
-0.16953524202593834,0.01124120233418218,0.15405970763013352,0.00012636462991802292,0.02373439351508222,0.005295918476274452,0.9947040815237255,-0.00741910903324652,0.006517419495314244,-0.0026488814293863373
-0.11637016310282919,0.008244370104318792,0.164798706898846,6.796963841698545e-05,0.027158613795531746,0.0024964439104847194,0.9975035560895152,-0.00741910903324652,0.006517419495314244,-0.0026488814293863373
-0.1532842121761306,0.007323558044830669,0.13641388066789237,5.3634502436004004e-05,0.01860874683887398,0.0028739366887376655,0.9971260633112624,-0.00741910903324652,0.006517419495314244,-0.0026488814293863373
-0.13449337891401356,0.006592865156707892,0.20313633305945805,4.346587097453298e-05,0.04126436980884307,0.0010522427587696093,0.9989477572412303,-0.00741910903324652,0.006517419495314244,-0.0026488814293863373
-0.14058809836085617,0.005890859931090359,0.19141563021975502,3.4702230727725914e-05,0.03663994349242599,0.0009462185671726186,0.9990537814328274,-0.00741910903324652,0.006517419495314244,-0.0026488814293863373
-0.1225975594226024,0.007126345067886979,0.1573212444963593,5.078479402659707e-05,0.024749973969883265,0.0020477113023049625,0.997952288697695,-0.00741910903324652,0.006517419495314244,-0.0026488814293863373
-0.09940075575332083,0.006682488986033561,0.17887369279708074,4.465565904845985e-05,0.03199579797486441,0.0013937274284155125,0.9986062725715845,-0.00741910903324652,0.006517419495314244,-0.0026488814293863373
-0.029832481444010763,0.0053245930350492516,0.1934457852831407,2.8351290988895e-05,0.03742127184381097,0.0007570514364549028,0.9992429485635451,-0.00741910903324652,0.006517419495314244,-0.0026488814293863373
-0.11381383197689697,0.004208396316209637,0.199392601787127,1.7710599554286844e-05,0.039757409647439804,0.00044526828440261677,0.9995547317155974,-0.00741910903324652,0.006517419495314244,-0.0026488814293863373
-0.1502315696780989,0.004359444643146411,0.16624865372531197,1.9004757596657937e-05,0.027638614865478688,0.0006871436463318,0.9993128563536682,-0.00741910903324652,0.006517419495314244,-0.0026488814293863373
-0.1445753601633064,0.00583508973943387,0.2829009293936601,3.404827226724643e-05,0.08003293585179667,0.00042524734308074574,0.9995747526569193,-0.00741910903324652,0.006517419495314244,-0.0026488814293863373
-0.2495223925262482,0.004064998862023303,0.23136191240279805,1.6524215748250746e-05,0.053528334510679995,0.0003086050863011215,0.9996913949136988,-0.00741910903324652,0.006517419495314244,-0.0026488814293863373
-0.1124042980860295,0.0036426335270154458,0.21359653347132668,1.3268779012136986e-05,0.04562347911096758,0.00029074768964969044,0.9997092523103503,-0.00741910903324652,0.006517419495314244,-0.0026488814293863373
-0.19209101118962624,0.0052690961444420824,0.2407176433106769,2.7763374179374417e-05,0.057944983801046276,0.00047890389074470063,0.9995210961092553,-0.00741910903324652,0.006517419495314244,-0.0026488814293863373
-0.07301848339102804,0.0062790096566435775,0.18668085427319056,3.94259622682233e-05,0.03484974135216821,0.0011300344864324013,0.9988699655135675,-0.00741910903324652,0.006517419495314244,-0.0026488814293863373
-0.06968646113798786,0.006008929995905624,0.1908094494535057,3.610723969569436e-05,0.03640824600074995,0.000990749910074487,0.9990092500899255,-0.00741910903324652,0.006517419495314244,-0.0026488814293863373
0.03149790491696995,0.007567935978611434,0.2546972778291882,5.72736549763614e-05,0.06487070333359869,0.0008821105728650605,0.999117889427135,-0.00741910903324652,0.006517419495314244,-0.0026488814293863373
-0.04147317388038132,0.008826982657927349,0.1899968972386716,7.791562284335015e-05,0.03609882096032234,0.0021537493484032784,0.9978462506515967,-0.00741910903324652,0.006517419495314244,-0.0026488814293863373
-0.021422864373734793,0.006742177828753396,0.19778458080477046,4.545696187453386e-05,0.03911874040411877,0.0011606764578815198,0.9988393235421186,-0.00741910903324652,0.006517419495314244,-0.0026488814293863373
-0.07536106285256905,0.005547876689438564,0.2097594774526361,3.07789357612158e-05,0.04399903838120295,0.0006990475463398537,0.9993009524536602,-0.00741910903324652,0.006517419495314244,-0.0026488814293863373
0.04030933599688428,0.005448721163448063,0.2728028867629489,2.968856231700682e-05,0.07442141502619831,0.0003987659132776981,0.9996012340867222,-0.00741910903324652,0.006517419495314244,-0.0026488814293863373
0.02113213055533688,0.005614310509467433,0.3008482687996924,3.152048249671646e-05,0.09050968083977197,0.0003481341316040609,0.9996518658683959,-0.00741910903324652,0.006517419495314244,-0.0026488814293863373
-0.10433789589837354,0.006213589145167569,0.26730130431515137,3.860869006494425e-05,0.07144998728858117,0.0005400678183199569,0.99945993218168,-0.00741910903324652,0.006517419495314244,-0.0026488814293863373
-0.17272055801581376,0.007764207246055789,0.2708962501882437,6.028291415970522e-05,0.07338477836605152,0.0008207892145356224,0.9991792107854645,0.007494503385997393,-0.003986000454538685,-0.0014833326529847823
-0.12785245697577297,0.004353357136598804,0.2857365120700173,1.8951718358775736e-05,0.08164535432993915,0.00023206856551952215,0.9997679314344804,0.007494503385997393,-0.003986000454538685,-0.0014833326529847823
-0.05431802138977782,0.003603184977070658,0.300027710200053,1.2982941978987678e-05,0.09001662688788697,0.0001442074668936395,0.9998557925331063,0.007494503385997393,-0.003986000454538685,-0.0014833326529847823
-0.12602479659218532,0.005198970185603559,0.2212368022995213,2.7029290990794708e-05,0.04894572269171748,0.000551925099090581,0.9994480749009095,0.007494503385997393,-0.003986000454538685,-0.0014833326529847823
-0.052317599559585044,0.004512721702092438,0.19554483734900524,2.036465716053607e-05,0.03823778341384892,0.0005322959470682696,0.9994677040529317,0.007494503385997393,-0.003986000454538685,-0.0014833326529847823
-0.12167928455752029,0.0043577058528947955,0.18838002479914506,1.898960030035356e-05,0.035487033743326506,0.0005348275732422197,0.9994651724267577,0.0031455395601819626,0.006508946084914881,0.004823335785216304
-0.16306915974166963,0.0038463748907033037,0.2338393819583636,1.4794599799832852e-05,0.05468085655466946,0.00027048950853607225,0.999729510491464,0.0031455395601819626,0.006508946084914881,0.004823335785216304
-0.1806359157694585,0.005398959653758881,0.21605644312670286,2.914876534291622e-05,0.04668038661656219,0.0006240431446082894,0.9993759568553917,0.0031455395601819626,0.006508946084914881,0.004823335785216304
-0.17223872542918553,0.0042606116327142075,0.19656582894763053,1.8152811484819626e-05,0.038638125109869144,0.0004695954308314796,0.9995304045691685,0.0031455395601819626,0.006508946084914881,0.004823335785216304
-0.18896314800207206,0.006121814417887877,0.20233525248334283,3.747661176705988e-05,0.04093955439749809,0.0009145760647858111,0.9990854239352142,0.0031455395601819626,0.006508946084914881,0.004823335785216304
-0.1894932088310756,0.006552790923831018,0.2537817114779371,4.293906889144216e-05,0.0644051570806709,0.0006662581434802206,0.9993337418565198,0.0031455395601819626,0.006508946084914881,0.004823335785216304
-0.16257098738257117,0.007198701654720437,0.21305506067310429,5.1821305513674754e-05,0.045392458878420146,0.001140326247966305,0.9988596737520337,0.0031455395601819626,0.006508946084914881,0.004823335785216304
-0.1701361772536433,0.0052139767074191,0.20830443340907526,2.7185553105508922e-05,0.04339073697787587,0.0006261366624833407,0.9993738633375165,0.0031455395601819626,0.006508946084914881,0.004823335785216304
-0.16053937393410506,0.005572732260625132,0.18585171649019838,3.1055344848612095e-05,0.03454086052235308,0.0008982824373373604,0.9991017175626628,0.0031455395601819626,0.006508946084914881,0.004823335785216304
-0.10366355716210388,0.005563158121307844,0.34354303828860816,3.094872828267342e-05,0.11802181915656809,0.00026216012413076973,0.9997378398758693,0.0031455395601819626,0.006508946084914881,0.004823335785216304
-0.11250436932840485,0.003541586524928017,0.32713274654475477,1.2542835113551708e-05,0.10701583386191477,0.00011719167851211522,0.9998828083214879,0.0031455395601819626,0.006508946084914881,0.004823335785216304
-0.1460070483120208,0.004536210533145402,0.2400141760437198,2.057720600101929e-05,0.05760680470194572,0.00035707341405669026,0.9996429265859432,0.0031455395601819626,0.006508946084914881,0.004823335785216304
-0.16625998650728863,0.0038301445050463057,0.2242164910369794,1.4670006929536411e-05,0.05027303485293587,0.000291721544469303,0.9997082784555308,0.0031455395601819626,0.006508946084914881,0.004823335785216304
-0.08111749625005482,0.005164264015800391,0.2846899829522604,2.6669622824890784e-05,0.08104838639335832,0.00032894979214775157,0.9996710502078522,0.0031455395601819626,0.006508946084914881,0.004823335785216304
-0.06317831215495834,0.004452162383788852,0.18561358761949917,1.9821749891624435e-05,0.034452403908981494,0.0005750063859460242,0.999424993614054,0.0031455395601819626,0.006508946084914881,0.004823335785216304
-0.09437040457572068,0.004790667153218406,0.1985432259677284,2.2950491772925745e-05,0.03941941257767245,0.0005818741572992793,0.9994181258427006,0.0031455395601819626,0.006508946084914881,0.004823335785216304
-0.04994177973361987,0.0064854734083935155,0.21620056677346342,4.2061365330979406e-05,0.04674268507316681,0.0008990401473324722,0.9991009598526676,0.0031455395601819626,0.006508946084914881,0.004823335785216304
-0.011978973210729696,0.006319274633750408,0.19725870639772672,3.993323189676135e-05,0.03891099724970455,0.0010252189460691838,0.9989747810539308,0.0031455395601819626,0.006508946084914881,0.004823335785216304
-0.03478698426967858,0.0075069274988331285,0.2496968980494323,5.635396047273701e-05,0.062348540895508585,0.0009030375037533719,0.9990969624962466,0.0031455395601819626,0.006508946084914881,0.004823335785216304
-0.09027024013531913,0.008171985543646518,0.23498657062597203,6.678134772556768e-05,0.05521868837455494,0.001207936697671834,0.9987920633023282,0.0031455395601819626,0.006508946084914881,0.004823335785216304
-0.0767911544918813,0.011538735176696468,0.15051081714557446,0.00013314240947793246,0.02265350607782855,0.005843000981566056,0.9941569990184339,0.0031455395601819626,0.006508946084914881,0.004823335785216304
-0.10762265420050299,0.00920082747809231,0.11665297809820328,8.46552262816185e-05,0.013607917299179895,0.006182565483892894,0.9938174345161072,0.0031455395601819626,0.006508946084914881,0.004823335785216304
-0.10260651068915316,0.008594031018835019,0.13788036771141124,7.385736915269848e-05,0.019010995800233976,0.003869946941544744,0.9961300530584553,0.0031455395601819626,0.006508946084914881,0.004823335785216304
-0.1056944914920629,0.008316097241220123,0.16754135627072525,6.915747332542894e-05,0.02807010606103409,0.0024576859746518968,0.9975423140253481,0.0031455395601819626,0.006508946084914881,0.004823335785216304
-0.12668675416707542,0.007418969768077637,0.22031729025039667,5.504111241964995e-05,0.048539708383277536,0.0011326555438777096,0.9988673444561224,0.0031455395601819626,0.006508946084914881,0.004823335785216304
-0.01804317205079102,0.0077018778157314765,0.20090365712892344,5.9318921888456656e-05,0.04036227944777603,0.0014675055980214327,0.9985324944019786,0.0031455395601819626,0.006508946084914881,0.004823335785216304
-0.0011732082756719352,0.007385193662623403,0.15664368033691747,5.454108543445288e-05,0.024537242589494385,0.0022178580519174444,0.9977821419480826,0.0031455395601819626,0.006508946084914881,0.004823335785216304
-0.06977215369058326,0.005906577659143656,0.23718450476338396,3.488765964349495e-05,0.056256489299851706,0.0006197691640870426,0.9993802308359129,0.0031455395601819626,0.006508946084914881,0.004823335785216304
-0.15429532195104623,0.008645741581686597,0.1842159956429168,7.474884749730466e-05,0.03393553305071114,0.0021978308712943123,0.9978021691287056,0.0031455395601819626,0.006508946084914881,0.004823335785216304
-0.12342762398048804,0.009968016091244378,0.18152543173185495,9.936134479530685e-05,0.03295148236543633,0.0030063179526199895,0.9969936820473799,0.0031455395601819626,0.006508946084914881,0.004823335785216304
-0.14680610650437534,0.007716998439146807,0.23703561633407352,5.955206490979425e-05,0.056185883410874105,0.0010587892938518362,0.9989412107061482,0.0031455395601819626,0.006508946084914881,0.004823335785216304
-0.14756388459799066,0.006458052362904154,0.16774667554820108,4.170644032201193e-05,0.02813894715747344,0.0014799671049955559,0.9985200328950045,0.0031455395601819626,0.006508946084914881,0.004823335785216304
-0.09348376203240412,0.005392548019383511,0.15579789441905606,2.9079574141357026e-05,0.02427298390541134,0.0011965886833364596,0.9988034113166635,0.0031455395601819626,0.006508946084914881,0.004823335785216304
-0.13845510208437262,0.005949000633239363,0.20338511132104276,3.5390608534282343e-05,0.04136550350707295,0.0008548271550720171,0.999145172844928,0.0031455395601819626,0.006508946084914881,0.004823335785216304
-0.1842126018504209,0.007445862118028335,0.2502905629731685,5.54408626806894e-05,0.06264536591342562,0.000884212907796531,0.9991157870922034,0.0002401569678223592,0.004974377313713349,-0.004991518543908487
-0.15155436445822906,0.00768344914793808,0.20662865743075864,5.9035390808950414e-05,0.04269540207163781,0.0013808014866481164,0.9986191985133518,0.0002401569678223592,0.004974377313713349,-0.004991518543908487
-0.11288437448085858,0.00814950968801251,0.25396907833483023,6.641450815500977e-05,0.06450029275024313,0.0010286184780837076,0.9989713815219163,-0.009347837810606326,-0.005724671177451381,0.006346322197436982
0.01836245230324396,0.006288406339465513,0.2503632781407994,3.954405429023005e-05,0.06268177104140728,0.0006304723399038337,0.9993695276600962,-0.009347837810606326,-0.005724671177451381,0.006346322197436982
0.0014581089599974978,0.008769858449310955,0.33326452427576014,7.691041722095075e-05,0.11106524314074873,0.0006920004225114795,0.9993079995774885,-0.009347837810606326,-0.005724671177451381,0.006346322197436982
-0.10007148054259409,0.009439399706961189,0.2138464978030664,8.910226682777898e-05,0.045730324622636875,0.0019446394875852634,0.9980553605124148,-0.009347837810606326,-0.005724671177451381,0.006346322197436982
0.02473630642886453,0.011478815819069657,0.19727849142661036,0.0001317632126081238,0.038918803179559175,0.0033741690526299935,0.99662583094737,-0.009347837810606326,-0.005724671177451381,0.006346322197436982
-0.014857204068157671,0.00870523686035222,0.2522421263660837,7.578114879483497e-05,0.06362609031368333,0.0011896220166698207,0.9988103779833302,-0.009347837810606326,-0.005724671177451381,0.006346322197436982
-0.01961093892924102,0.010675684230947693,0.20919454157583167,0.00011397023379890523,0.04376235622512237,0.002597533635948502,0.9974024663640516,0.008009877094071067,0.0029256786147337085,-0.005925117986281373
-0.0237352811282679,0.009687028647713194,0.2237191383670355,9.383852402161612e-05,0.05005025287168877,0.001871377492536311,0.9981286225074637,0.008009877094071067,0.0029256786147337085,-0.005925117986281373
-0.15758303939372875,0.009384698813308619,0.23951459832642474,8.80725718165162e-05,0.057367242811468586,0.001532888144969408,0.9984671118550306,0.008009877094071067,0.0029256786147337085,-0.005925117986281373
-0.07214312131821697,0.007612947174799174,0.27817287157020015,5.795696468628273e-05,0.07738014647761107,0.0007484295470829692,0.999251570452917,-0.0021222275469919352,-0.0001494270990205441,-0.011073888014948439
-0.023640295759855493,0.007045449944870443,0.23058944465092832,4.9638364925674926e-05,0.05317149198442353,0.0009326815232942889,0.9990673184767057,-0.0021222275469919352,-0.0001494270990205441,-0.011073888014948439
-0.021236563622344252,0.006810572379534552,0.2735787428589422,4.6383896136878936e-05,0.07484532854427921,0.0006193461816456928,0.9993806538183543,-0.0021222275469919352,-0.0001494270990205441,-0.011073888014948439
-0.057472340346262786,0.004533442956533941,0.36602125545479125,2.05521050401472e-05,0.13397155944470154,0.00015338294771567707,0.9998466170522843,-0.0021222275469919352,-0.0001494270990205441,-0.011073888014948439
-0.134386107843447,0.0050035503937371755,0.2852295173316132,2.5035516542667445e-05,0.08135587755722505,0.0003076337632139124,0.9996923662367861,-0.0021222275469919352,-0.0001494270990205441,-0.011073888014948439
-0.11952832599605082,0.006721726042584966,0.2655961833639492,4.5181600991564945e-05,0.07054133261749652,0.0006400882872854902,0.9993599117127144,-0.0021222275469919352,-0.0001494270990205441,-0.011073888014948439
-0.10165275600767709,0.006172133718276845,0.32596854408229714,3.809523463628995e-05,0.1062554917311325,0.00035839635977811434,0.9996416036402219,-0.0021222275469919352,-0.0001494270990205441,-0.011073888014948439
-0.19213508163683474,0.007060688516388304,0.37394987597490387,4.985332232545768e-05,0.139838509741646,0.0003563793387349852,0.999643620661265,-0.0021222275469919352,-0.0001494270990205441,-0.011073888014948439
-0.30923138495527647,0.010234372890601579,0.2509642242357858,0.00010474238846388052,0.06298304184626978,0.001660264181638725,0.9983397358183613,-0.0021222275469919352,-0.0001494270990205441,-0.011073888014948439
-0.3119513377083848,0.007795091342839863,0.26699288475846444,6.076344904321698e-05,0.07128520051164668,0.0008516732505947547,0.9991483267494053,-0.0021222275469919352,-0.0001494270990205441,-0.011073888014948439
-0.26410442774357157,0.00777602906656353,0.3121376797616546,6.0466628044040887e-05,0.09742993112698922,0.000620231627282689,0.9993797683727172,-0.0021222275469919352,-0.0001494270990205441,-0.011073888014948439
-0.2890680586029569,0.011658338624110672,0.245981780250707,0.0001359168594744307,0.060507036215307106,0.002241263866336218,0.9977587361336638,-0.0021222275469919352,-0.0001494270990205441,-0.011073888014948439
-0.29628845009654575,0.01741328511593097,0.3295731909631526,0.00030322249852870304,0.10861848820163464,0.0027838572914394037,0.9972161427085606,-0.0021222275469919352,-0.0001494270990205441,-0.011073888014948439
-0.30223844625385987,0.01610709518608812,0.274968946768307,0.00025943851533370303,0.07560792168687205,0.003419632825529102,0.9965803671744708,0.00029049130987438216,0.02397793403474037,0.018243075836054695
-0.276652961463572,0.02182385626196448,0.27854797789706476,0.00047628070214288625,0.07758897599054368,0.006101058554355666,0.9938989414456444,0.00029049130987438216,0.02397793403474037,0.018243075836054695
-0.3026699393043347,0.017418737720271287,0.3668486582718083,0.00030341242376760177,0.13457793807582596,0.00224947646686349,0.9977505235331364,0.00029049130987438216,0.02397793403474037,0.018243075836054695
-0.36358990482545817,0.016207000479470064,0.46013097656232793,0.00026266686454154284,0.21172051559220156,0.001239092938870951,0.9987609070611291,0.00029049130987438216,0.02397793403474037,0.018243075836054695
-0.33648554987483703,0.015077903657496448,0.4579284318551313,0.00022734317870474476,0.20969844870129964,0.0010829692562726943,0.9989170307437274,0.004027128252748747,0.010960525597739117,0.004984145071166131
-0.39288236117290554,0.007764503526798161,0.32102734665952365,6.028751501766109e-05,0.10305855730325397,0.0005846411014776878,0.9994153588985223,0.004027128252748747,0.010960525597739117,0.004984145071166131
-0.3332805149038712,0.007976027827804974,0.23015901693343602,6.361701990991933e-05,0.052973173075765684,0.0011994885021351697,0.9988005114978649,0.004027128252748747,0.010960525597739117,0.004984145071166131
-0.34245325671483823,0.007636691817173736,0.3101620303175024,5.8319061910488294e-05,0.09620048505067527,0.00060585691301834,0.9993941430869816,0.004027128252748747,0.010960525597739117,0.004984145071166131
-0.25979455737974566,0.009233908090337507,0.2567577340317175,8.526505862080047e-05,0.06592453398510217,0.0012917030479720649,0.9987082969520279,0.0007393918118165587,-0.013325558212820096,-0.0007916609008365673
-0.2011714004952668,0.009572163171730437,0.2775568850127201,9.16263077862325e-05,0.07703782441796432,0.001187954885249066,0.9988120451147509,0.0007393918118165587,-0.013325558212820096,-0.0007916609008365673
-0.266938082254553,0.00837771388878471,0.2174016227680612,7.018609000233621e-05,0.04726346558218638,0.0014827947458694517,0.9985172052541305,0.0007393918118165587,-0.013325558212820096,-0.0007916609008365673
-0.1636674082362929,0.008381781592386435,0.25848679454012,7.025426266246808e-05,0.06681542295162622,0.0010503633302147348,0.9989496366697853,0.0007393918118165587,-0.013325558212820096,-0.0007916609008365673
-0.21420716332294387,0.0074380723942660204,0.36053129218975705,5.532492094234225e-05,0.12998281264801598,0.0004254515019719029,0.9995745484980281,0.0007393918118165587,-0.013325558212820096,-0.0007916609008365673
-0.14245508835653914,0.008080745879454815,0.260240927253888,6.529845396832597e-05,0.06772534021796342,0.000963237037555192,0.9990367629624448,0.0007393918118165587,-0.013325558212820096,-0.0007916609008365673
-0.16363720422574562,0.009702938871347256,0.2657446674810395,9.414702274110156e-05,0.07062022829460823,0.001331370351764999,0.998668629648235,0.0007393918118165587,-0.013325558212820096,-0.0007916609008365673
-0.11849264866037446,0.008111960204064834,0.2994897268418289,6.580389835233159e-05,0.08969409648379328,0.0007331101981193913,0.9992668898018807,0.0007393918118165587,-0.013325558212820096,-0.0007916609008365673
-0.1833620053554113,0.006886420285235441,0.23356486894427034,4.742278434490217e-05,0.054552548004954175,0.0008685496284953408,0.9991314503715047,0.0007393918118165587,-0.013325558212820096,-0.0007916609008365673
-0.1296296561708951,0.009276583415121342,0.20138840413325354,8.605499985770434e-05,0.04055728931933865,0.00211732083811468,0.9978826791618853,0.0066503423628756515,-0.00798148282379923,-0.006752823027901314
-0.10608365943975274,0.008939316397015881,0.21938871313098807,7.9911377645957e-05,0.048131407449270976,0.001657523162410184,0.9983424768375898,0.0066503423628756515,-0.00798148282379923,-0.006752823027901314
-0.09318000783688118,0.008960687625099582,0.1839406468997227,8.029392271461278e-05,0.03383416158188846,0.002367542734210042,0.9976324572657899,0.0066503423628756515,-0.00798148282379923,-0.006752823027901314
-0.08065885215258282,0.008052916134734222,0.1262322821735448,6.484945827306277e-05,0.015934589062741433,0.004053233379901808,0.9959467666200981,0.0066503423628756515,-0.00798148282379923,-0.006752823027901314
-0.09339909821255693,0.00614851793825506,0.14408100609329677,3.780427283704425e-05,0.02075933631685662,0.0018177630080444197,0.9981822369919556,0.0066503423628756515,-0.00798148282379923,-0.006752823027901314
-0.03789843535507488,0.006831031181276148,0.1920242517487872,4.6662986999567005e-05,0.03687331325968161,0.0012638953689403213,0.9987361046310597,0.0066503423628756515,-0.00798148282379923,-0.006752823027901314
-0.0834639611260246,0.008081720602611865,0.2625240741751259,6.531420789868109e-05,0.06891888952150702,0.0009467994753535119,0.9990532005246465,0.0066503423628756515,-0.00798148282379923,-0.006752823027901314
-0.08235550609320477,0.007844839108143768,0.19409264516141894,6.15415006326619e-05,0.037671954905756484,0.0016309514488098567,0.9983690485511902,0.0066503423628756515,-0.00798148282379923,-0.006752823027901314
-0.15909940559448443,0.009502085560568325,0.1574875617572827,9.028963000036106e-05,0.024802332108253933,0.0036271643441078945,0.9963728356558921,0.0066503423628756515,-0.00798148282379923,-0.006752823027901314
-0.15909429026187158,0.009865222114868502,0.1841177248474735,9.732260737569056e-05,0.03389933660300996,0.0028627109144288934,0.9971372890855712,0.0066503423628756515,-0.00798148282379923,-0.006752823027901314
-0.10106372390801563,0.01010235966829128,0.13067403080508092,0.0001020576708675183,0.017075702326847235,0.005941267713665552,0.9940587322863346,0.0066503423628756515,-0.00798148282379923,-0.006752823027901314
-0.11343811184096655,0.007898715705944668,0.16402148833847632,6.238970980333697e-05,0.026903048636768925,0.0023136916597266332,0.9976863083402734,-9.133525395520203e-05,0.010980403835329838,0.0014229219735647806
-0.23039490093591364,0.00600213366650022,0.17087486975751517,3.602560855053538e-05,0.029198221114647774,0.0012323084255134204,0.9987676915744866,-9.133525395520203e-05,0.010980403835329838,0.0014229219735647806
-0.1838774032698018,0.005475128341342801,0.20577219299309232,2.9977030354175175e-05,0.042342195409186434,0.0007074697526294731,0.9992925302473704,-9.133525395520203e-05,0.010980403835329838,0.0014229219735647806
-0.20364481007827265,0.006144709890792223,0.20360387774729974,3.775745964199977e-05,0.04145453903373738,0.0009099872225203166,0.9990900127774798,-9.133525395520203e-05,0.010980403835329838,0.0014229219735647806
-0.11970489176241905,0.00707956339818106,0.22720775449521546,5.012021790886496e-05,0.0516233637027581,0.0009699407530913399,0.9990300592469087,-9.133525395520203e-05,0.010980403835329838,0.0014229219735647806
-0.10155283776276758,0.013639789816754658,0.2212577582901938,0.00018604386624524407,0.04895499560360183,0.003785916379717619,0.9962140836202823,-9.133525395520203e-05,0.010980403835329838,0.0014229219735647806
-0.08997988773667473,0.01725620180744291,0.1527255413130868,0.00029777650081919593,0.023325090969375382,0.012605434170720648,0.9873945658292794,-9.133525395520203e-05,0.010980403835329838,0.0014229219735647806
-0.04897107361349498,0.016990083286723877,0.19628299204295802,0.000288662930089814,0.03852701296533592,0.007436761654428172,0.9925632383455718,-9.133525395520203e-05,0.010980403835329838,0.0014229219735647806
-0.01925696279332726,0.019242625097736055,0.2423463929680299,0.0003702786206520215,0.058731774184614775,0.006265072075787944,0.993734927924212,-0.013134833053754083,0.0024786350714098102,0.016434679709306614
-0.11653706323485559,0.0314669896697785,0.20570558230149175,0.0009901714388779468,0.042314786589995795,0.022865082520522162,0.9771349174794779,-0.013134833053754083,0.0024786350714098102,0.016434679709306614
-0.1354241457510183,0.019678123103044162,0.14507405872097592,0.0003872285288585604,0.021046482513777172,0.018066331494732253,0.9819336685052678,-0.04043459080869559,-0.0007840517422813623,0.0021733088290886125
-0.06205464102354727,0.021896950512525784,0.2049664509950109,0.0004794764417480032,0.042011246033490206,0.01128426192393932,0.9887157380760606,-0.04043459080869559,-0.0007840517422813623,0.0021733088290886125
-0.11308738108469614,0.022502411663969532,0.21560068760435783,0.0005063585306947521,0.0464836564954719,0.010775875053727554,0.9892241249462724,-0.011026594698859232,0.017936169984924377,-0.02555518878733275
-0.17066658692195819,0.01555315785199125,0.17877510325151777,0.00024190071916895708,0.03196053754259084,0.007511875877306246,0.9924881241226937,-0.014404088967041682,-0.004336125430003546,0.028846983500444835
-0.26418857433803095,0.0157720808141093,0.2202901525802923,0.0002487585332067947,0.04852775132384846,0.005099965822397052,0.994900034177603,-0.014404088967041682,-0.004336125430003546,0.028846983500444835
-0.24398121424485508,0.018850516032728113,0.16878807076111196,0.00035534195470013965,0.02848941283125814,0.012319118582804567,0.9876808814171955,-0.014404088967041682,-0.004336125430003546,0.028846983500444835
-0.17495862957241076,0.027996771710551233,0.1807917061575547,0.0007838192262127218,0.0326856410153596,0.023418938356201582,0.9765810616437984,0.011548637085866783,0.0050648509321279764,0.03881025992196769
-0.22453553006040308,0.022664696450610717,0.20632671164155178,0.000513688465198326,0.04257071193681606,0.01192284122339344,0.9880771587766065,0.011548637085866783,0.0050648509321279764,0.03881025992196769
-0.2172998316571491,0.023798918803698638,0.27188138203718115,0.0005663885362250406,0.07391948589844766,0.00760397243804646,0.9923960275619536,-0.026773542428243334,-0.01681432299372153,0.009452334123882043
-0.20606131915470421,0.016393875666545654,0.29807043569628494,0.00026875915937015773,0.08884598463617313,0.003015877596941468,0.9969841224030584,0.017104368505635827,-0.025225404043055073,-0.004210151435949751
-0.2522834962559187,0.013812649943294345,0.348094114162706,0.00019078929845598927,0.12116951231471902,0.0015720898507990933,0.9984279101492008,0.017104368505635827,-0.025225404043055073,-0.004210151435949751
-0.29259902787564623,0.01858057693444496,0.3269862916205634,0.00034523783921682806,0.10692003490776814,0.0032185425009934733,0.9967814574990065,0.022104504886474113,0.0031183137048892205,-0.019271472783471525
-0.2274156991740979,0.020653593010656064,0.32276460889562747,0.00042657090424982105,0.10417699275554736,0.004077976785161548,0.9959220232148385,0.00010083652566274248,0.00024113238820324583,0.03539674616831685
-0.19876503992657832,0.022604607508324676,0.3208362645481412,0.0005109682806054084,0.10293590864920484,0.004939426841779917,0.99506057315822,-0.002359204127809494,0.003706711890785384,0.012978119287749081
-0.15671739691185582,0.028012340704922215,0.17508603333118355,0.0007846912317686419,0.03065511906764832,0.024958523104803648,0.9750414768951963,-0.009807153299775898,-0.03416728345266239,-0.02360305265486193
-0.17119632434036994,0.027362990606308406,0.19781837500104757,0.0007487332549209221,0.03913210948805508,0.018774258601964786,0.9812257413980353,-0.012726601954625149,-0.04668778995982162,-0.0176244275969661
-0.11026643757966906,0.03038134222268993,0.2967119398454855,0.0009230259552522019,0.088037975246871,0.01037562463078678,0.9896243753692132,-0.02261184648688973,-0.054181866310438795,0.07969212948881006
-0.2266042489063317,0.03841072785217733,0.3232288151141455,0.0014753840141340311,0.10447686692009443,0.01392498980554834,0.9860750101944517,0.049401901935155194,-0.052324837421338234,0.01681330369975768
-0.11751968531830648,0.039597503708808886,0.30517163121881685,0.0015679622999691335,0.09312972450075355,0.01655755650366285,0.9834424434963371,-0.038167666045770224,-0.008744094585517748,0.036408215853120776
-0.08105556953840751,0.028061768536365567,0.3233711708540994,0.0007874628533885565,0.10456891413955113,0.0074742780253475045,0.9925257219746525,-0.0020395685784111994,-5.42084031818664e-05,-0.03643970286372353
0.05160588734259969,0.028761013769386844,0.25720721546747416,0.0008271959130428596,0.06615555168853168,0.012349387605942503,0.9876506123940574,-0.016193173818565717,-0.004770042211462687,0.015435750985477567
0.034419683403314055,0.020327292631766383,0.2564195760458753,0.00041319882573746385,0.06575099897954642,0.006245051545149478,0.9937549484548505,-0.016193173818565717,-0.004770042211462687,0.015435750985477567
0.05629114993087973,0.017029793259692484,0.20912889653306274,0.0002900138584678676,0.04373489536513646,0.006587494752002219,0.9934125052479978,-0.02808419624335895,0.028107644799271237,0.0045198878898587026
0.070602799533136,0.021593293506322796,0.2583447806290622,0.00046627032445020224,0.06674202567827826,0.006937690020161692,0.9930623099798382,-0.005646738795736954,-0.016049204040885653,0.029532875299598495
0.04923016645709057,0.01757639383316121,0.2206130822236746,0.0003089296201783874,0.04867013204822981,0.006307381351440812,0.9936926186485592,-0.013116335980600696,0.005836700196099016,0.009166678100910406
-0.023467569713925267,0.01873062011167454,0.2653812413881618,0.0003508361297678668,0.07042720328072181,0.004956850072282039,0.9950431499277179,-0.013116335980600696,0.005836700196099016,0.009166678100910406
-0.15146499807263028,0.020543714493011237,0.23318463688256083,0.00042204420517036,0.05437507487805175,0.007701941493117332,0.9922980585068826,-0.016094480652787478,-0.009894539223743816,0.029046414966793593
-0.18331763889898264,0.0187827080327959,0.2150830236944186,0.00035279012104525565,0.046260707081533826,0.007568411344723907,0.9924315886552761,-0.0028766572352188057,-0.04845650347610465,0.02409765538386604
-0.09781657096625566,0.0279812831165146,0.3531544161743872,0.000782952204846545,0.12471804166347228,0.006238613581562972,0.9937613864184371,-0.01682960749377323,-0.05329443331892618,0.061339355851975516
-0.12429534415193753,0.02504938194048147,0.3764847167250452,0.0006274715356001192,0.14174074192753752,0.004407385049912042,0.995592614950088,0.0034900753582419617,0.036463861415332005,0.017007290078261114
-0.06157250566946251,0.02579655523211134,0.3040332827251321,0.0006654622618433709,0.0924362370046201,0.007147691901291426,0.9928523080987086,0.0034900753582419617,0.036463861415332005,0.017007290078261114
-0.09472881110181397,0.025478878004539643,0.33094225657978543,0.000649173224370214,0.10952277719012053,0.005892363908670797,0.9941076360913291,-0.028542007370420102,0.020151490171819268,0.02052408075409852
-0.08889891462940594,0.043655386290580495,0.20402737505021135,0.0019057927521798034,0.0416271697698796,0.04377815434026764,0.9562218456597325,0.008139613330478222,0.02390138179571355,0.02145626293259974
-0.07823488002147377,0.03789558423221744,0.17055845011557524,0.0014360753043010873,0.02909018490582717,0.04704393182839391,0.9529560681716062,-0.035646534453680524,0.03677285333759933,-0.0489322748727645
0.0025090681656221047,0.029927969511299096,0.16879680558174393,0.0008956833590692483,0.02849236157460106,0.03047781371951868,0.9695221862804814,-0.03853346370211033,0.036652505381791184,0.04170586902232535
-0.0009461549154180099,0.02781834852089728,0.24935246622040014,0.0007738605144301079,0.06217665241019579,0.01229315661584352,0.9877068433841565,-0.029837053065593526,0.05659634067683251,0.05816044985456893
-0.11122404620062704,0.03830248395756612,0.224595978333295,0.0014670802773196101,0.05044335348348992,0.02826176109565091,0.9717382389043492,-0.05364151806495946,0.025089551500106347,0.02188714893474159
-0.038412221945568335,0.043411198013775555,0.20151313921993577,0.0018845321129912307,0.04060754527827322,0.04435019958282045,0.9556498004171796,-0.06929739386514333,0.023640554401759658,-0.024385410307140126
-0.12303358854265188,0.030974907014154528,0.17579607116192264,0.0009594448645355194,0.03090425863596777,0.030110902347568136,0.9698890976524319,0.0376251967072152,0.01230476627089607,-0.034743458739908195
-0.11595916449947669,0.05089809849908659,0.20058438083193866,0.0025906164308227204,0.0402340938337322,0.06049349580695043,0.9395065041930495,0.03714272056415139,-0.017244653305829492,0.011675722047757683
-0.042123878844734446,0.052108630113347085,0.2145725989957063,0.0027153093322896224,0.04604140023977218,0.055690988094191006,0.944309011905809,0.07707020238935942,0.05637269331921324,-0.025755371464144368
-0.10523300763783396,0.04229538507058854,0.19915945086865047,0.001788899598269364,0.0396644868703024,0.043154486295724805,0.9568455137042753,-0.028973819696996722,0.05659356863409861,0.015267519442092647
-0.12833078339572124,0.07840180112141874,0.13583714991826126,0.0061468424190824975,0.018451731297916187,0.24988613119608483,0.7501138688039152,-0.03074098932474712,0.0340204499934681,-0.06944286961063918
-0.07635496437859969,0.07091379257880881,0.19002499583119753,0.00502876597791032,0.036109499040646635,0.12224059462988793,0.8777594053701121,-0.04025994133504242,0.09085570220150567,0.008364381976590184
-0.14249094642339627,0.03694507043558735,0.17072061880076955,0.0013649382294905104,0.02914552968371767,0.04473671899668309,0.9552632810033169,0.003059308191560292,-1.457682522224002e-05,0.028151170610583157
-0.17914187230391698,0.04663497790068118,0.2208812861035575,0.002174821163797022,0.04878854255076163,0.04267420761270793,0.957325792387292,0.04873384212937669,-0.03259790670157242,0.10788110000225613
-0.17004196107347472,0.03585139400973188,0.19519903285771134,0.0012853224524410386,0.03810266242858587,0.0326323485784665,0.9673676514215335,-0.03669062219145304,-0.03953974842447694,0.04735063524079812
-0.1328866152375127,0.03544407974182896,0.23374794954314415,0.0012562827887451302,0.054638103915624264,0.022476009896838598,0.9775239901031614,-0.02425525263082673,-0.036560735247196864,0.058486937787969866
-0.10105469128222257,0.02968593942257096,0.17344056439907524,0.0008812549994005526,0.030081629379069764,0.028461657145008205,0.9715383428549917,-0.014696674570113477,-0.02547592607903198,0.0706105157437827
-0.115246120237296,0.03282166149585579,0.25969233468258224,0.0010772614633485424,0.0674401086928903,0.015722457836488526,0.9842775421635116,0.04940476553571386,0.04103134805392888,-0.01973782406536606
-0.12556425524294637,0.025341141515881915,0.17393512226150057,0.000642173453327954,0.03025342675612315,0.020785271979649394,0.9792147280203506,0.008360233230725406,0.010889932922283827,-0.06460988468529841
-0.17451482588890707,0.032873584641911924,0.19850521121466153,0.0010806725672089475,0.039404318879377384,0.02669316525939563,0.9733068347406044,0.05681973198298504,-0.020766383662075064,0.04342349407415702
-0.198601752696098,0.025212023258803628,0.1615848259645603,0.0006356461168024551,0.026109655981997243,0.023766645613286314,0.9762333543867137,-0.0028566969546760745,-0.007309554819992058,-0.015434128452117233
-0.2191695928585978,0.024841748125926894,0.1480298231206149,0.0006171124499519924,0.021912828533120536,0.027390770815407323,0.9726092291845927,-0.0028566969546760745,-0.007309554819992058,-0.015434128452117233
-0.17124493562308662,0.021873323262561726,0.16499750430159763,0.00047844227054852394,0.027224176425755725,0.017270651406408447,0.9827293485935915,-0.0028566969546760745,-0.007309554819992058,-0.015434128452117233
-0.18520288484625347,0.023404765097954968,0.1822864371321469,0.0005477830292904511,0.03322834516233215,0.016218052767407374,0.9837819472325927,-0.019196959650725383,-0.019296864150793958,0.059638140013587394
-0.15594909136759183,0.024539152271618077,0.1951952719681613,0.0006021699942096587,0.03810119419872446,0.015558595661293802,0.9844414043387062,-0.034092715917218665,0.024977279017341036,0.031658019109956206
-0.12774366067558454,0.022604608923641314,0.24387208702847515,0.0005109683445907646,0.059473594831624156,0.008518330676005884,0.9914816693239941,-0.034092715917218665,0.024977279017341036,0.031658019109956206
-0.10335268725380498,0.024759097755485047,0.3792018964755983,0.0006130129216656647,0.14379407829069038,0.0042450333741866336,0.9957549666258134,-0.034092715917218665,0.024977279017341036,0.031658019109956206
-0.17720503336233295,0.028155475136752307,0.3353656086179097,0.0007927307801762773,0.11247009144366099,0.006999037853830198,0.9930009621461698,0.0412954703120257,0.02825708093411885,0.05016686248794017
-0.15220268705446038,0.03965786538371002,0.32751771008085856,0.0015727462867924657,0.10726785041660931,0.014449996916851799,0.9855500030831482,0.0815359023808766,0.03324434582439832,-0.020930560128193554
-0.20194079353819105,0.06428286156592136,0.2588996849668016,0.00413228629110341,0.06702904687590912,0.05806926468627444,0.9419307353137256,0.11928114493524772,0.00761096372220485,-0.0069825980514442824
-0.23358219973553893,0.06373202191892612,0.2599739575766241,0.004061770617874479,0.06758645861805236,0.056690453639819616,0.9433095463601804,0.09976805558009327,-0.03594406598375111,-0.022637099447049308
-0.18609735618015985,0.06796214117071711,0.1723860716897874,0.004618852632508482,0.029716957712636518,0.13451998325012815,0.865480016749872,0.06731158113910024,0.005322165694017812,0.04198174068467292
-0.17242206171655522,0.07472327139068326,0.2021277972723354,0.005583567287325703,0.04085564643016632,0.12023388943001352,0.8797661105699865,-0.029537190621250833,-0.06425788879567379,-0.01449707339973054
-0.2098372743766055,0.05338537026370213,0.21644741646204912,0.0028499977581925716,0.046849484093095736,0.05734461712740561,0.9426553828725944,-0.004626541488434777,-0.037692838515398036,-0.05464649336709375
-0.18966061755621755,0.03648251782715173,0.3078939442768387,0.0013309741070084437,0.09479868092234905,0.013845614099020444,0.9861543859009796,0.02409122450059509,0.002448318936145045,-0.024566017396797125
-0.1360548909883073,0.027331709099202687,0.3477459133103396,0.0007470223222834389,0.12092722022404223,0.006139527205184953,0.993860472794815,0.02000282223473283,-0.006783553670786329,-0.0001514219781067437
-0.09829856433872582,0.03350949724135712,0.3067268126157145,0.0011228864053685205,0.09408133757739563,0.01179450194953334,0.9882054980504666,0.017487157903916983,-0.019712638926804475,-0.030624040122101646
-0.055020163291754264,0.025279695285860042,0.20302172160598236,0.0006390629937459344,0.04121781944385701,0.015267811564767178,0.9847321884352328,0.0027691239030111225,-0.018999135227535394,-0.03527741648333804
-0.12176244112824584,0.025747453016781892,0.17291860390780936,0.0006629313368513909,0.029900843577425864,0.0216901000845192,0.9783098999154808,0.0027691239030111225,-0.018999135227535394,-0.03527741648333804
-0.1808594912107897,0.01931894348142215,0.19703671637042683,0.0003732215772383834,0.03882346759804003,0.00952176280933892,0.9904782371906611,0.0027691239030111225,-0.018999135227535394,-0.03527741648333804
-0.18238610279957895,0.021185755471426357,0.27380473093095614,0.0004488362348950718,0.07496903068017328,0.005951324974498783,0.9940486750255012,-0.002164280056184884,0.006733991652663605,-0.022447618911084224
-0.10139756373722558,0.03042402491168398,0.20435001722186924,0.0009256212918267673,0.04175892953857825,0.021685159473844803,0.9783148405261552,-0.002164280056184884,0.006733991652663605,-0.022447618911084224
-0.08750678164652151,0.039185575499048754,0.17156703322768851,0.00153550932719165,0.029435246890550774,0.0495793294938014,0.9504206705061986,-0.05061291291470396,0.005736338568172532,0.02360963863101119
0.007421775575119381,0.03381194554753419,0.2219298989603084,0.0011432476617094169,0.0492528800525327,0.022685228281662823,0.9773147717183371,-0.031862981131841724,0.0018600650636136987,-0.03330424595291283
-0.0692320158120868,0.039200145865804316,0.24665990361547782,0.0015366514359003351,0.06084110805159681,0.024634604521317216,0.9753653954786827,0.019568065907126266,0.0036378933006025542,0.038985467412991026
-0.07651622286455016,0.02845594577543663,0.23819167892653403,0.0008097408499745898,0.05673527590984108,0.014071433037448362,0.9859285669625517,-0.0026331308073500106,-0.01854123348922186,0.01650641994097205
-0.07824748427265271,0.032898623957608675,0.2033479000022245,0.0010823194583041435,0.04135036843531469,0.025506738131168594,0.9744932618688315,-0.0026331308073500106,-0.01854123348922186,0.01650641994097205
-0.1017423399118309,0.02378093778898566,0.12719645657459105,0.0005655330021236062,0.016178938565131827,0.0337743117095156,0.9662256882904844,-0.0026331308073500106,-0.01854123348922186,0.01650641994097205
-0.07281245707822558,0.018174335731935855,0.10989294868055458,0.00033030647929712043,0.012076460169707,0.026623091143866545,0.9733769088561335,-0.0026331308073500106,-0.01854123348922186,0.01650641994097205
-0.11513358772704202,0.021241543168515373,0.11049253787290587,0.00045120315617990214,0.01220860092559554,0.03564061128161032,0.9643593887183898,-0.0026331308073500106,-0.01854123348922186,0.01650641994097205
-0.11367867216975033,0.02541562313565197,0.12806893243996145,0.0006459538993734877,0.016401651456311412,0.03789118095451923,0.9621088190454808,-0.034530814426684854,0.014645345545674156,0.019997591038852798
-0.08643394577600955,0.015122530418811437,0.16494583375674496,0.0002286909262678772,0.027207128073707745,0.008335487497861114,0.9916645125021388,-0.034530814426684854,0.014645345545674156,0.019997591038852798
-0.12191106395890332,0.015984710107480513,0.176739177501915,0.0002555109572201897,0.03123673686405342,0.008113455688215027,0.9918865443117849,-0.034530814426684854,0.014645345545674156,0.019997591038852798
-0.11258919835922357,0.021351554825939468,0.14667674514837362,0.000455888893485099,0.02151406756732094,0.020750559715418445,0.9792494402845815,-0.020281886277197105,0.02470031823892744,0.03586513340855793
-0.0805194316801395,0.02638236086096461,0.1703017340034378,0.0006960289645981572,0.02900268060457768,0.023436336955211103,0.9765636630447889,-0.020281886277197105,0.02470031823892744,0.03586513340855793
-0.131199492619358,0.030564810462031446,0.17344544251989458,0.0009342076385799069,0.030083321530922053,0.030118699444908338,0.9698813005550917,-0.04629510516072939,-0.016244002559848623,0.04444432428666002
-0.021465543445735535,0.03140555085471896,0.22832986738734692,0.0009863086244883388,0.052134528341123434,0.018567264388677347,0.9814327356113226,0.0017594782176709595,0.03610929022750514,0.07472225692063172
-0.0745069794058911,0.027956342891248168,0.2096043773264505,0.0007815571078530419,0.04393399499440903,0.01747841793534524,0.9825215820646548,-0.018749013713578098,-0.0024499228359903605,0.008638117022788425
-0.07662054801996011,0.02026606880350882,0.19823473322150637,0.00041071354474855345,0.0392970094554018,0.01034341719234312,0.9896565828076569,-0.015383252533533405,-0.010132676612488494,0.010138723862986131
-0.08993797144643675,0.017231865943168896,0.2054212765554507,0.00029693720388334407,0.04219790086167096,0.006987606434110336,0.9930123935658897,0.026741591561785037,-0.0032768568982001096,0.00695007964133869
-0.19020241820483266,0.016577843566354365,0.21568157604360627,0.0002748248973105168,0.04651854224465391,0.005873159255172579,0.9941268407448274,0.018505482412482503,0.01000130718297488,-0.0059390060723450225
-0.17709891267705463,0.013379996110035949,0.18028735018477351,0.00017902429590457714,0.032503528636647155,0.005477671719037267,0.9945223282809627,0.018505482412482503,0.01000130718297488,-0.0059390060723450225
-0.13353976524464356,0.012725761744149999,0.1947132868624518,0.00016194501196887162,0.03791326408077944,0.004253292780990011,0.9957467072190099,0.018505482412482503,0.01000130718297488,-0.0059390060723450225
-0.12850858650656394,0.01743663285587245,0.17628672221630426,0.0003040361653504906,0.031077008429768422,0.009688529151058955,0.9903114708489411,-0.05551339012202343,-0.004991717995199416,0.003269389545011256
-0.12925473733578047,0.018760863354538585,0.13950622971002094,0.0003519699938076688,0.01946198812790513,0.017763739665017677,0.9822362603349823,-0.032581392555880204,-0.0001549966738482256,0.034329379127945606
-0.13703364405012564,0.018883827534013693,0.13261290470234338,0.0003565989423343737,0.017586182493592808,0.019874228731357597,0.9801257712686424,-0.019032926271632108,-0.015342233741729088,0.020181954038924137
-0.1424459837817453,0.020674702247947627,0.16988527499882752,0.00042744331304129065,0.02886100666142725,0.01459426201843742,0.9854057379815626,0.010430155182005081,0.0176597246685937,-0.030109131499894557
-0.09138701937964275,0.01767700783060681,0.19124022045809277,0.0003124766058433345,0.03657282192085993,0.008471575894041248,0.9915284241059588,0.010430155182005081,0.0176597246685937,-0.030109131499894557
-0.02330954510183323,0.016288260215437642,0.21229757910098945,0.0002653074208458087,0.04507026209214087,0.0058520809090047855,0.9941479190909952,0.00436398424039655,0.03817897011278133,0.005053084807320741
-0.024121219868423433,0.01601068352399011,0.17780318945840948,0.00025634198690536834,0.03161397418158306,0.008043283460075143,0.9919567165399248,-0.021040647533807483,0.011345651413898107,0.0035236752820962825
-0.0842088307988262,0.010808356672600725,0.14222150706832232,0.00011682057396215261,0.020226957072784855,0.005742324556955249,0.9942576754430448,-0.021040647533807483,0.011345651413898107,0.0035236752820962825
-0.07109675910780716,0.009183876422620744,0.1937501734768382,8.43435861459692e-05,0.0375391297223049,0.002241780960904112,0.9977582190390958,-0.021040647533807483,0.011345651413898107,0.0035236752820962825
-0.0962959792989842,0.012512436425709799,0.2646979597107503,0.0001565610653074294,0.07006500987503397,0.0022295295193615083,0.9977704704806385,0.008324152201391447,-0.005502528623749706,0.027967441317057036
-0.09719418356242866,0.012309742957981219,0.2480673928074529,0.0001515297716915682,0.06153743137428714,0.0024563514910389424,0.997543648508961,0.008324152201391447,-0.005502528623749706,0.027967441317057036
-0.12131462774368469,0.013325154230224808,0.21342473717621097,0.00017755973525927812,0.04555011843873473,0.003882981650274536,0.9961170183497254,0.008324152201391447,-0.005502528623749706,0.027967441317057036
-0.13297910202283625,0.01190470791514875,0.22338606651076887,0.00014172207054500533,0.04990133471115365,0.0028320026724833244,0.9971679973275167,-0.011793242606372892,-0.017324992001408718,-0.004604116680220191
-0.13673531435657404,0.009147234115917302,0.2179065423778673,8.36718919714014e-05,0.04748326121107728,0.0017590348276214315,0.9982409651723786,-0.011793242606372892,-0.017324992001408718,-0.004604116680220191
-0.18486988954984923,0.0105102798410535,0.25439403012979894,0.00011046598233725559,0.06471632256568105,0.0017040175028172426,0.9982959824971828,-0.004962447122268934,-0.009308308225920667,0.0013535593856994687
-0.12256130904187859,0.01175739447158759,0.24064451859123373,0.00013823632476051841,0.057909784328006635,0.0023814132369374542,0.9976185867630626,-0.004962447122268934,-0.009308308225920667,0.0013535593856994687
-0.1353445183127312,0.013768289495374071,0.1599737801335408,0.000189565795628428,0.025591610330214454,0.007352876172255326,0.9926471238277447,0.005972896326933521,0.018433455881764843,-0.0022009154684251627
-0.13515197109890464,0.010914670359581815,0.18307193989042295,0.00011913002905833383,0.03351533517524263,0.003541903471178136,0.9964580965288219,0.004390589876593966,-0.00177631558220432,0.00985895840396202
-0.10653399823943849,0.01318641378150931,0.17341188360040544,0.00017388150841717866,0.030071681373840566,0.005748992309849811,0.9942510076901503,0.004390589876593966,-0.00177631558220432,0.00985895840396202
-0.1310279074226604,0.012190508361030946,0.15043354526666916,0.00014860849410036538,0.022630251541499,0.006523965372635696,0.9934760346273642,0.004390589876593966,-0.00177631558220432,0.00985895840396202
-0.060759699364909624,0.011420031915750391,0.15874716554608598,0.00013041712895675754,0.025200662568916427,0.0051485025712388974,0.994851497428761,0.004390589876593966,-0.00177631558220432,0.00985895840396202
-0.01766656193984192,0.010461704523866616,0.18415741337202704,0.0001094472615446912,0.03391395289987564,0.0032168231577511513,0.9967831768422487,0.004390589876593966,-0.00177631558220432,0.00985895840396202
-0.08455616863113657,0.015449876627766151,0.1906396999908952,0.00023869868781319477,0.03634349521261852,0.006524996517783418,0.9934750034822165,0.004390589876593966,-0.00177631558220432,0.00985895840396202
-0.0868396877126896,0.012933131338516977,0.16398537538399358,0.00016726588621932993,0.026891203339829285,0.006181646301643206,0.9938183536983568,0.004739084906811388,-0.015307732464063157,-0.004806014955264049
-0.15435554635416393,0.018732617251965192,0.2654209858402749,0.00035091094910862395,0.07044829972442342,0.004956424595278863,0.9950435754047212,0.004739084906811388,-0.015307732464063157,-0.004806014955264049
-0.1732159021511408,0.017791484291273404,0.2779823524685046,0.0003165369132866283,0.07727418828392393,0.0040795715271650535,0.9959204284728349,-0.017768882475363637,0.0029666441414332965,-0.003263168504994031
-0.28511601890020527,0.023766633937768043,0.27053071080342145,0.0005648528887318677,0.07318686548780445,0.007658843768873762,0.9923411562311262,-0.017768882475363637,0.0029666441414332965,-0.003263168504994031
-0.27467501994628996,0.023375461989236852,0.25520675437975937,0.0005464122232102569,0.06513048748105082,0.008319701838404624,0.9916802981615954,0.032883161723679305,0.00648426292484504,-0.018427495670087893
-0.2564997205377224,0.03040553531388616,0.26706132066286076,0.0009244965777239784,0.07132174899419134,0.012796465344399335,0.9872035346556007,0.01247386993615341,0.03695910215965371,-0.001993942971080882
-0.259273526731732,0.039985602225632404,0.2842692420537269,0.001598848385346499,0.08080900197780037,0.019401651399725266,0.9805983486002746,0.024015971073611475,0.011303565377917837,-0.023896193580322474
-0.25180810947667914,0.035935198070339194,0.23581208250642868,0.0012913384603545097,0.055607338256018726,0.022695404091584305,0.9773045959084158,-0.045566224584893227,0.05943257697942919,-0.02295127811904754
-0.23359228182880526,0.033092603885771066,0.19783588422947831,0.0010951204319405502,0.039139037088859546,0.027218674365789793,0.9727813256342102,0.009853892345661766,-0.040769617941813885,0.028957626488976373
-0.1518744785327075,0.02345084882774634,0.17579222051800544,0.0005499423107418119,0.030902904794651055,0.017484659143862352,0.9825153408561377,0.020816939169929466,-0.021848330122650216,0.013228982460811348
-0.16372355008548328,0.025303997987329265,0.23174987304741743,0.0006402923141427635,0.05370800365749409,0.011781276720744246,0.9882187232792558,0.020816939169929466,-0.021848330122650216,0.013228982460811348
-0.09422593460277338,0.019581724557253797,0.16709528470564142,0.0003834439366361564,0.027920834170859363,0.013547207781802182,0.9864527922181979,-0.021136575645774314,-0.006226544986654217,-0.027208964171070237
-0.1459927690414327,0.01823046942174779,0.19714549000928136,0.00033235001533728117,0.038866344230999654,0.008478599140284853,0.9915214008597151,-0.004458685115996258,-0.02724066480360083,-0.033634449959320696
-0.15359318877566072,0.015671733829337457,0.2990725824664326,0.00024560324121760004,0.08944440958314112,0.002738356629500862,0.9972616433704992,-0.02828625850987766,0.025554124302063365,0.009589965913639361
-0.18081090983059875,0.028631498331948703,0.3776943359621598,0.0008197626967323813,0.14265301141789682,0.005713716081612966,0.9942862839183871,-0.02828625850987766,0.025554124302063365,0.009589965913639361
-0.07314331129484816,0.022964262781006172,0.39914636220105393,0.0005273573650751053,0.15931781845833493,0.003299175983000617,0.9967008240169993,0.020363893149851913,0.004560525958742394,0.04222698018527846
-0.057357943580425876,0.020380675154114285,0.301236794977722,0.0004153719197375313,0.09074360664845012,0.004556566190864345,0.9954434338091356,-0.012033016025924282,-0.007552426892323272,-0.015407283467766257
-0.11921581273551096,0.024220128123469263,0.2833290828765964,0.0005866146063172667,0.08027536920369324,0.007254516630405069,0.9927454833695949,-0.012033016025924282,-0.007552426892323272,-0.015407283467766257
-0.06649966177797811,0.018900664659636537,0.22682343364088253,0.00035723512457603353,0.05144887004863984,0.006895618255446978,0.993104381744553,-0.012033016025924282,-0.007552426892323272,-0.015407283467766257
0.010250628170653467,0.027608971126801433,0.2404129315976326,0.0007622552866805553,0.05779837767936798,0.013016513792166232,0.9869834862078337,-0.02280883777936321,0.016739191353640676,0.0028588117827859708
-0.0720494116745791,0.03633260007664981,0.1757978970573045,0.0013200578283297738,0.030904900609770632,0.04096383338602029,0.9590361666139796,0.0058558977111276035,0.02441850736624485,-0.036536402168035095
-0.09483676766453307,0.030949638472762622,0.20746946347889764,0.0009578801215947083,0.04304357827622164,0.021769281211875578,0.9782307187881244,-0.02330688752092384,-0.042428827451622825,0.0022753912773658333
-0.024721810630184162,0.028506341741212565,0.1952465923152832,0.0008126115194667978,0.03812123181073041,0.02087159781722689,0.9791284021827731,-0.02330688752092384,-0.042428827451622825,0.0022753912773658333
-0.07986686641237623,0.026607374289500642,0.2125598248312099,0.0007079523665815797,0.04518167913227463,0.015427283755791877,0.9845727162442081,-0.021958530842380697,0.005607005763949039,-0.056589302251454046
-0.04962456402308594,0.021771575417874858,0.22085255196407036,0.0004740014961762128,0.0487758497090424,0.009624424938891728,0.9903755750611083,-0.05646153352067959,0.015030823492789173,-0.035694165619338775
-0.027174688513301442,0.024894321685223902,0.17921593937730304,0.0006197272521674091,0.03211835292688916,0.01892985931911381,0.981070140680886,-0.03024330457172552,0.008211312286452053,0.0032179815674371823
-0.12768861942027682,0.02049802721510592,0.19302991759405363,0.000420169119711223,0.03726054908636714,0.01115077258913405,0.9888492274108659,-0.026092255114828752,0.007292461636229087,-0.009216160268801166
-0.11446730781294637,0.020001202204678624,0.17843567511685524,0.000400048089632441,0.03183929015440791,0.012408694204707893,0.9875913057952921,-0.016266641021069634,0.030236148096663806,-0.004839325867546134
-0.15234670411436016,0.026674578613318678,0.13330943712389012,0.0007115331441981182,0.017771406026288416,0.03849675301286987,0.9615032469871301,0.0375974949591899,-0.001098861264164721,-0.017909641700087936
-0.08931062354760626,0.017263032430678477,0.14662013746847502,0.00029801228870265684,0.021497464711274512,0.013673125332515962,0.986326874667484,-0.019634041298751598,0.020743486742892187,0.014582561596091531
-0.0688201095195422,0.013768421101295713,0.1872961774092586,0.00018956941962260506,0.035079858072120475,0.005374893586435025,0.9946251064135649,-0.019634041298751598,0.020743486742892187,0.014582561596091531
-0.027375921401952115,0.011802045063199047,0.26821265349670625,0.000139288267673781,0.07193802749574421,0.0019324841137393625,0.9980675158862605,-0.019634041298751598,0.020743486742892187,0.014582561596091531
0.00015707672025744995,0.015857330161285894,0.20818699831144372,0.0002514549198440273,0.04334182626592907,0.005768203562664858,0.9942317964373352,-0.019634041298751598,0.020743486742892187,0.014582561596091531
0.012723376216574838,0.012117184065722651,0.21142153799667698,0.00014682614968260292,0.04469906672888033,0.003274015528694897,0.9967259844713051,-0.019634041298751598,0.020743486742892187,0.014582561596091531
-0.008843456817065661,0.0123792491195284,0.20006053541079652,0.00015324580876334467,0.04002421782885457,0.0038142230715594886,0.9961857769284406,-0.019634041298751598,0.020743486742892187,0.014582561596091531
-0.03824300961767551,0.012545026415868252,0.153130327089532,0.00015737768777483225,0.02344889707454706,0.0066667735320112284,0.9933332264679887,-0.019634041298751598,0.020743486742892187,0.014582561596091531
-0.04173425675973097,0.012675015491044826,0.18168216268007706,0.0001606560176982263,0.03300840823610998,0.004843549895435505,0.9951564501045644,0.008035254961654942,0.031546728985355696,-0.0037976944903803274
-0.06574127219615948,0.011557358322376593,0.19938299312187716,0.0001335725313918075,0.039753577946238516,0.0033487609366008287,0.9966512390633993,0.008035254961654942,0.031546728985355696,-0.0037976944903803274
-0.13562790744968756,0.010883483660884699,0.19827617205130033,0.00011845021659674421,0.03931344040331685,0.003003919282960411,0.9969960807170395,-0.005825210624780907,0.007845081886370977,-0.007153705232329623
-0.07123699956957254,0.007980307343848154,0.23858608697277237,6.368530530227677e-05,0.0569233208969793,0.0011175408140623995,0.9988824591859375,-0.005825210624780907,0.007845081886370977,-0.007153705232329623
-0.061082299659413725,0.006492944715234484,0.23797292829905514,4.215833107509141e-05,0.05663111460322724,0.0007438838255197092,0.9992561161744803,-0.005825210624780907,0.007845081886370977,-0.007153705232329623
-0.16682102347554748,0.00865743674832972,0.26901636304146903,7.495121105132988e-05,0.07236980358405946,0.0010345981743372294,0.9989654018256627,-0.005825210624780907,0.007845081886370977,-0.007153705232329623
-0.20054171637106247,0.008273055352796066,0.23749233827442204,6.844344487042764e-05,0.056402610739052506,0.0012120093357476794,0.9987879906642524,-0.005825210624780907,0.007845081886370977,-0.007153705232329623
-0.20899969178462738,0.00785503039178847,0.22654419824312666,6.170150245592054e-05,0.05132227375762107,0.0012007927012968923,0.9987992072987031,-0.005825210624780907,0.007845081886370977,-0.007153705232329623
-0.15380748990717077,0.009964400381394591,0.18053643546718345,9.928927496073668e-05,0.032593404531196496,0.0030370478355025263,0.9969629521644975,-0.005825210624780907,0.007845081886370977,-0.007153705232329623
-0.11349786474644863,0.013947282512284146,0.18645701011768478,0.00019452668947746716,0.034766216622026405,0.005564146269551938,0.9944358537304481,-0.005825210624780907,0.007845081886370977,-0.007153705232329623
-0.015433811440652869,0.009309722312767381,0.18360885148094117,8.667092954083883e-05,0.03371221034215031,0.0025643135594973555,0.9974356864405027,-0.005825210624780907,0.007845081886370977,-0.007153705232329623
-0.04693956620908235,0.01000362530724333,0.21491428137774055,0.00010007251928771922,0.04618814834011064,0.002161943523206304,0.9978380564767938,-0.005825210624780907,0.007845081886370977,-0.007153705232329623
-0.08699008740286499,0.011440778810909368,0.18051625380094555,0.00013089141980015276,0.03258611788632739,0.004000714691719643,0.9959992853082803,-0.005825210624780907,0.007845081886370977,-0.007153705232329623
-0.0684344128521293,0.009571056310029953,0.2340074083787063,9.160511888976418e-05,0.05475946717611862,0.0016700697918370598,0.9983299302081629,-0.005825210624780907,0.007845081886370977,-0.007153705232329623
-0.13341708191556376,0.009290330558922017,0.2163982458347652,8.631024189404029e-05,0.04682820080036347,0.0018397344441317461,0.9981602655558683,-0.005825210624780907,0.007845081886370977,-0.007153705232329623
-0.13365965956354342,0.011711155530137112,0.1727143419478267,0.00013715116385106107,0.02983024391447081,0.0045766795376310475,0.995423320462369,-0.005825210624780907,0.007845081886370977,-0.007153705232329623
-0.08556488182438994,0.009485309608473432,0.23545647791499655,8.997109836859842e-05,0.05543975299213526,0.0016202331245507553,0.9983797668754493,-0.005825210624780907,0.007845081886370977,-0.007153705232329623
-0.07261242030202135,0.008887959545002636,0.20582788243262112,7.899582487360346e-05,0.0423651171866969,0.0018611727108555373,0.9981388272891444,-0.005825210624780907,0.007845081886370977,-0.007153705232329623
-0.04246415348141404,0.009654153308648161,0.21776295635693727,9.320267610688224e-05,0.047420705161313366,0.001961587256215519,0.9980384127437846,-0.005825210624780907,0.007845081886370977,-0.007153705232329623
-0.07730538610530524,0.00746761789416106,0.20927633123504172,5.5765317013194455e-05,0.043796582815198895,0.0012716609118641837,0.9987283390881359,-0.005825210624780907,0.007845081886370977,-0.007153705232329623
-0.034277561358557654,0.008359620284231517,0.26885959486881067,6.988325129653502e-05,0.072285481753021,0.0009658337193429264,0.9990341662806571,-0.005825210624780907,0.007845081886370977,-0.007153705232329623
-0.05805044484064085,0.007730435361988025,0.22578210172430704,5.9759630885874936e-05,0.050977557459045336,0.0011709007113476285,0.9988290992886523,-0.007709438218414518,-0.006203717145508556,-0.0016912450105623419
-0.15065120792096515,0.008408488548822295,0.1545909607335667,7.070267967567567e-05,0.023898365140527164,0.0029497467405087156,0.9970502532594913,-0.007709438218414518,-0.006203717145508556,-0.0016912450105623419
-0.09979377748552196,0.008552496064525869,0.10572201468212725,7.314518893373047e-05,0.011177144388447928,0.006501627218626131,0.9934983727813739,-0.007709438218414518,-0.006203717145508556,-0.0016912450105623419
-0.1069310035624397,0.0067571289622242806,0.162591989241906,4.565879181213018e-05,0.02643615496564007,0.0017241565185194846,0.9982758434814805,-0.007709438218414518,-0.006203717145508556,-0.0016912450105623419
-0.11366309630305596,0.005740628501296446,0.16613088999682202,3.295481558989708e-05,0.027599472611136176,0.001192613847526953,0.9988073861524731,-0.007709438218414518,-0.006203717145508556,-0.0016912450105623419
-0.14933939431099363,0.006716096221061205,0.2039625015726054,4.51059484505526e-05,0.04160070204775506,0.0010830849639095067,0.9989169150360905,-0.007709438218414518,-0.006203717145508556,-0.0016912450105623419
-0.158156561754635,0.0062334980572417665,0.27888497361710557,3.885649802963688e-05,0.07777682850941367,0.0004993401783447661,0.9995006598216553,-0.007709438218414518,-0.006203717145508556,-0.0016912450105623419
-0.1053383614056377,0.006908432322043871,0.23982089459523112,4.7726437148260465e-05,0.05751406148445696,0.0008291340292150105,0.999170865970785,-0.007709438218414518,-0.006203717145508556,-0.0016912450105623419
-0.0676497441938671,0.005833904059007706,0.2907786659491862,3.403443656970659e-05,0.08455223257118843,0.00040236361969473117,0.9995976363803052,-0.007709438218414518,-0.006203717145508556,-0.0016912450105623419
-0.007270621888789623,0.006634300375056799,0.2897591494456149,4.4013941466478785e-05,0.0839603646874462,0.0005239481820454778,0.9994760518179545,-0.007709438218414518,-0.006203717145508556,-0.0016912450105623419
0.021343325668537173,0.008436142978526295,0.328512976800783,7.116850835413851e-05,0.1079207759265118,0.0006590168250657155,0.9993409831749344,-0.007709438218414518,-0.006203717145508556,-0.0016912450105623419
-0.06962891829143951,0.006692004957278988,0.2769606037735544,4.4782930348246554e-05,0.0767071760426118,0.000583476056474646,0.9994165239435253,-0.007709438218414518,-0.006203717145508556,-0.0016912450105623419
-0.053674524200939204,0.008903719797348957,0.3093303632356548,7.927622622970374e-05,0.09568527361950216,0.000827824350006455,0.9991721756499935,-0.007709438218414518,-0.006203717145508556,-0.0016912450105623419
-0.016014186775533006,0.008008019482785076,0.28669710222868744,6.412837603666535e-05,0.08219522842632646,0.000779587618108182,0.9992204123818917,-0.007709438218414518,-0.006203717145508556,-0.0016912450105623419
0.04976830478746679,0.006861667702295805,0.21365746784200582,4.708248365672939e-05,0.04564951356465775,0.001030328027211253,0.9989696719727887,-0.007709438218414518,-0.006203717145508556,-0.0016912450105623419
-0.04741729807693403,0.008117174778243095,0.20597875342833644,6.588852638054583e-05,0.04242724686389142,0.0015505687159914734,0.9984494312840085,-0.007709438218414518,-0.006203717145508556,-0.0016912450105623419
-0.10124439480979794,0.006795960311650055,0.3213207707581894,4.618507655752271e-05,0.10324703772063688,0.0004471259130737197,0.9995528740869263,-0.007709438218414518,-0.006203717145508556,-0.0016912450105623419
-0.1355436624127612,0.007024321840961026,0.3614650710699808,4.934109732540209e-05,0.13065699760362628,0.000377495826260512,0.9996225041737394,-0.007709438218414518,-0.006203717145508556,-0.0016912450105623419
-0.14112539364773455,0.0072819799954734355,0.28221391702833326,5.3027232654475294e-05,0.07964469496447497,0.0006653544316274729,0.9993346455683725,-0.007709438218414518,-0.006203717145508556,-0.0016912450105623419
-0.2173137270622712,0.005321340133609371,0.24494953083550486,2.8316660817561798e-05,0.060000272656533946,0.000471719577947449,0.9995282804220526,-0.007709438218414518,-0.006203717145508556,-0.0016912450105623419
-0.205933658331834,0.005076600461585055,0.15552614203077203,2.577187224656559e-05,0.024188380854975874,0.0010643309529303458,0.9989356690470698,-0.007709438218414518,-0.006203717145508556,-0.0016912450105623419
-0.147090250274601,0.003700353591011398,0.20796187635950986,1.369261669851095e-05,0.04324814201896807,0.0003165056871449061,0.999683494312855,-0.007709438218414518,-0.006203717145508556,-0.0016912450105623419
-0.1950465745567982,0.004469795348813426,0.2821843588302867,1.997907046027414e-05,0.07962801236846,0.0002508421128936504,0.9997491578871063,-0.007709438218414518,-0.006203717145508556,-0.0016912450105623419
-0.16440717012555667,0.0032759393019090827,0.20843906611876245,1.0731778309792567e-05,0.04344684428446183,0.0002469483869576899,0.9997530516130423,-0.007709438218414518,-0.006203717145508556,-0.0016912450105623419
-0.12170643656204141,0.004265460098408237,0.19482368653234206,1.8194149851112807e-05,0.03795626883405228,0.00047911539549156865,0.9995208846045085,-0.007709438218414518,-0.006203717145508556,-0.0016912450105623419
-0.08065565693367105,0.005427280331713912,0.16467261416056297,2.945537179900867e-05,0.027117069854473645,0.001085051274647169,0.9989149487253528,-0.007709438218414518,-0.006203717145508556,-0.0016912450105623419
-0.11517054981183329,0.007514328879140865,0.1872523518113342,5.6465138503890407e-05,0.03506344325887568,0.001607781485788371,0.9983922185142117,-0.007709438218414518,-0.006203717145508556,-0.0016912450105623419
-0.08583392207551002,0.0058559913382680755,0.17286777032695147,3.429263455387073e-05,0.029883266017811643,0.0011462377312381165,0.9988537622687619,-0.007709438218414518,-0.006203717145508556,-0.0016912450105623419
-0.04160418960057373,0.007530773005997272,0.19197825436415272,5.671254206785719e-05,0.03685565014870732,0.001536410512189465,0.9984635894878106,-0.007709438218414518,-0.006203717145508556,-0.0016912450105623419
-0.09403649050805293,0.005504236973053841,0.24771783374472162,3.0296624655532906e-05,0.061364125155177536,0.0004934752014471253,0.9995065247985528,-0.009891384434521252,-0.008234585971437471,0.003869379119001897
-0.1519151647674661,0.006493935891347982,0.2658465701327629,4.2171203360937505e-05,0.07067439885135403,0.000596341187479946,0.9994036588125201,-0.009891384434521252,-0.008234585971437471,0.003869379119001897
-0.02394994450752377,0.013640619475866889,0.33965018084190923,0.00018606649968539907,0.11536224534594165,0.0016102918053358024,0.9983897081946642,0.0013920970557226183,0.011934196673147292,-0.0017768802906359526
-0.08638375368503065,0.014529542399738363,0.27597142798089147,0.00021110760234579483,0.07616022906181237,0.0027642255794754177,0.9972357744205245,0.0013920970557226183,0.011934196673147292,-0.0017768802906359526
-0.022281958061675017,0.013476401096207756,0.24116337882817243,0.0001816133865058696,0.058159775287820605,0.0031129424690192506,0.9968870575309807,0.0013920970557226183,0.011934196673147292,-0.0017768802906359526
-0.07682518406930976,0.014606538802730317,0.17582956937914618,0.0002133509757956664,0.03091603746805598,0.006853683495276158,0.9931463165047238,0.0013920970557226183,0.011934196673147292,-0.0017768802906359526
-0.04650706139153935,0.02152782571802851,0.18703419623188022,0.0004634472801458097,0.03498179056010548,0.013075022439813429,0.9869249775601866,0.0013920970557226183,0.011934196673147292,-0.0017768802906359526
-0.05416613643708517,0.01792862859456158,0.214510012581111,0.0003214357232817311,0.046014545497548395,0.006937065209643844,0.9930629347903562,0.0002740881528065578,-0.05185572838798983,0.01124490834365862
-0.08310518740708628,0.02678736018619473,0.21454014112354383,0.0007175626657449306,0.0460274721533101,0.01535056436523233,0.9846494356347677,0.0002740881528065578,-0.05185572838798983,0.01124490834365862
-0.09470004246090005,0.02266607103461682,0.23323255411252306,0.0005137507761462956,0.054397424297850994,0.00935603318366388,0.9906439668163362,-0.0007409202438676543,-0.03552812563983086,-0.020284521767039404
-0.19137765440021334,0.030308641923669184,0.21972316527843533,0.0009186137752571972,0.04827826935997461,0.018672194592737158,0.9813278054072628,-0.011827404679925076,-0.018589817630057768,0.03883622628921426
-0.1413478721345765,0.028368315764904575,0.14459129412207472,0.0008047613393373335,0.02090664233589632,0.03706629711165705,0.9629337028883429,-0.056845613692056374,-0.015692356819654345,-0.04846945679076193
-0.07915854995476551,0.025069926686294885,0.23016024426740223,0.0006285012240562004,0.05297373804123026,0.0117252792545782,0.9882747207454218,-0.009091921244784536,-0.05654502628504593,-0.042279677183425575
-0.12601730177583473,0.02977619901000453,0.17260444298830066,0.0008866220274833949,0.029792293739301534,0.02890004438955147,0.9710999556104486,-0.041357415124843616,-0.010552948393339034,0.02861918828767889
-0.022216461521135395,0.05317668834045529,0.21382119769884725,0.0028277601828579136,0.04571950458536952,0.05824756958724868,0.9417524304127513,-0.005766790673718072,-0.04121201645434808,0.04559862110693706
-0.03907380757414183,0.04823697901343362,0.18504286949712268,0.002326806144342436,0.03424086355172917,0.0636301455269489,0.9363698544730511,-0.06161230253239018,0.02656891423068465,0.006508675083604379
-0.1400613435727921,0.06424309105010237,0.17912048987633475,0.004127174747671743,0.03208414989353814,0.1139746968266071,0.8860253031733929,0.052962650235996916,0.01738316582604012,0.01882583918495084
-0.2555202612117759,0.05728849478570298,0.17310630676761768,0.003281971634811517,0.02996579344272456,0.09871254886329152,0.9012874511367086,0.01683573907320522,0.03372332580120966,0.08318465140207251
-0.18928506689682958,0.04073780215619051,0.16066651934531626,0.00165956852451692,0.025813730438538882,0.060406597938914924,0.9395934020610851,-0.026488691277586712,-0.005142425793170327,0.07642471998152085
-0.18636608018340955,0.04024890742038003,0.23750379124994322,0.0016199745485343227,0.05640805085809661,0.027917106211737583,0.9720828937882624,-0.026488691277586712,-0.005142425793170327,0.07642471998152085
-0.12481345217718699,0.03565419272781032,0.24549871983917898,0.0012712214590718423,0.06026962144267569,0.020656549360258184,0.9793434506397418,0.007082843287766108,-0.03220104747443656,0.07220399980580065
-0.08009389521882336,0.030674401652884837,0.15971594072996034,0.000940918916762504,0.025509181723256204,0.035573358663857184,0.9644266413361428,-0.037131175296672626,-0.029014857991519764,0.00398417738076183
-0.09056349678548065,0.02885564056845643,0.1701074215905664,0.0008326479926159485,0.028936534880190698,0.02797013260906634,0.9720298673909336,0.007068246378218866,0.0034337468592201114,0.03454202589729959
-0.12893729926695674,0.024986960978693552,0.16132523486611342,0.0006243482189507543,0.026025831404606656,0.02342754261959503,0.976572457380405,0.022226641173144546,-0.00286725173833555,0.020331106070531367
-0.07732203728301583,0.019301742072248017,0.20288181544125605,0.00037255724702358917,0.04116103103673988,0.008970023116669435,0.9910299768833305,0.022226641173144546,-0.00286725173833555,0.020331106070531367
-0.13219483290068446,0.016764817567378753,0.16834099971140618,0.00028105910806749127,0.028338692183835654,0.009820459486208256,0.9901795405137916,-0.017653464524195334,0.008916635600984754,-0.015714380714408147
-0.1505199637652722,0.015495599342249023,0.18387127918505225,0.00024011359897550835,0.03380864730914743,0.007052051016582662,0.9929479489834173,-0.017653464524195334,0.008916635600984754,-0.015714380714408147
-0.12289005339628324,0.020220510303443386,0.24521063052162936,0.0004088690369316601,0.06012825332081503,0.006754021681364886,0.9932459783186351,-0.017653464524195334,0.008916635600984754,-0.015714380714408147
-0.11273903995810092,0.01777743490232196,0.2615753207753846,0.00031603719170629496,0.06842164843874535,0.0045977281429778975,0.9954022718570221,-0.017653464524195334,0.008916635600984754,-0.015714380714408147
-0.1667694721899093,0.025414965529649156,0.3241212733549212,0.0006459204728732548,0.10505459984121554,0.006110854241340572,0.9938891457586595,-0.017653464524195334,0.008916635600984754,-0.015714380714408147
-0.06809743864134268,0.029446192466820578,0.3322925918785118,0.0008670782507930409,0.1104183666173392,0.007791479396254253,0.9922085206037456,0.09573803763694641,-0.030633816490932997,-0.0007274794587271358
-0.018534164289904,0.03366504593827211,0.4226204915082573,0.0011333353180259715,0.17860807984268098,0.006305365499724453,0.9936946345002755,0.03456932428584311,0.05565253320004725,-0.011716488979941396
-0.011287600627384627,0.05788951956278758,0.3495129463424601,0.003351196475210366,0.1221592996609874,0.02670052767199497,0.973299472328005,-0.017579959324009922,-0.02029220151306306,-0.07429785929274814
-0.014350195273233467,0.0751046270838543,0.3136755380015353,0.005640705009404822,0.09839234314055262,0.054220318540259264,0.9457796814597408,-0.10239797784079349,-0.03839288231234523,0.025041087052250093
-0.030055283923927423,0.09285291771840289,0.1911965193459252,0.008621664328820496,0.03655610900999674,0.1908386290789738,0.8091613709210261,-0.04961437396794639,0.003022746440640982,0.06975966243554016
-0.0007747626683092187,0.0952589503491693,0.23518428716568363,0.009074267621625502,0.05531164892963074,0.1409355975293397,0.8590644024706603,0.012460728532301978,0.05307209069177312,-0.010617200493897812
-0.1239420737625554,0.12972548548627655,0.2415239438589847,0.016828701584650146,0.058333815457198,0.22389752561480145,0.7761024743851985,-0.04136923036332113,0.08209076795047189,-0.02000761755811204
-0.16081519758076276,0.10972534935679938,0.22744248557461239,0.012039652291471675,0.051730084244357766,0.18879884010038395,0.811201159899616,-0.09154023751277468,0.06756228319544014,0.05022329097274817
-0.23922295875135524,0.0952057999402458,0.24026805096561993,0.009064144342262109,0.05772873631481774,0.13570524662348632,0.8642947533765136,-0.1043805321378837,-0.043792483582905856,0.14052343130904346
-0.10962026348887915,0.07912086401730184,0.4118020604123649,0.006260111122844369,0.16958093695986903,0.03560096570795968,0.9643990342920403,-0.05403436365671707,-0.11451562499653559,0.12427551576475247
-0.1815019301951205,0.10585114698453979,0.47850615175664396,0.011204465317942646,0.22896813726895238,0.046651721292352004,0.953348278707648,-0.17893705911766078,-0.07028938755610999,0.03791554607765299
-0.12931700296557153,0.09803327440925043,0.5149163385077957,0.009610522891399395,0.26513883566227486,0.03497923686515872,0.9650207631348412,-0.16602603384748327,-0.023791307549484386,-0.03625688794664212
-0.09850217271116977,0.1346094708451856,0.3867474243183492,0.018119709641220873,0.14957357021687723,0.10805268795835919,0.8919473120416409,-0.1065573935140643,0.18975846233365282,0.10853583894820862
-0.12091116156853307,0.13637860051109607,0.2787521777359132,0.018599122677365132,0.07770277659251415,0.1931334980761117,0.8068665019238883,-0.11483694851517724,0.03760077665733376,0.02007948929940554
-0.0720462753905731,0.11225566652711719,0.3271351275656284,0.012601334667447337,0.10701739168737996,0.10534583548455247,0.8946541645154475,-0.027789558736803402,0.056497426123593084,0.03428972150888168
-0.1780853033338791,0.12992367618468345,0.23219284390964728,0.01688016163334248,0.05391351676284983,0.2384416520762452,0.7615583479237549,-0.024411668639961918,0.009047775176043408,0.1571794281903188
-0.13686044403449021,0.1125421842982197,0.19918652714874782,0.01266574324661445,0.03967527259757885,0.2419850482901849,0.758014951709815,0.06768024322963395,0.06697394178540093,0.12430375858241628
-0.13623886898744925,0.13255338879261053,0.28248240790057055,0.017570400880404968,0.07979631077330432,0.1804559338811316,0.8195440661188684,-0.03792806277903338,0.036726972328235394,0.2102036418690703
-0.1415423992011026,0.09062036261239183,0.2281436677203416,0.008212050120001382,0.052049533120889634,0.13627338809161962,0.8637266119083804,-0.0481756189526054,0.053521893622065775,0.16930600770600984
-0.11964242183465162,0.0978396406942285,0.23514851770663928,0.009572595291175734,0.055294825379629646,0.1475716961177714,0.8524283038822287,-0.04956945864886081,0.03318533689351134,0.09097975907571508
-0.12431849701298948,0.09647922176124711,0.2746157816385031,0.009308240231655898,0.07541382752492601,0.10986795386533466,0.8901320461346653,-0.04636292239483379,0.015581231466580286,0.05003570765000448
-0.06026640153459268,0.12215140601493357,0.26453557708438996,0.01492096599142515,0.06997907154337123,0.17574746048032988,0.8242525395196701,-0.0018998448334331675,-0.049324110193138884,0.004117130265127729
0.02082373184892767,0.06036849225010749,0.23029886929404747,0.0036443548565512885,0.05303756919811676,0.06429483327059285,0.9357051667294071,-0.053901733347292625,-0.07199511879116659,-0.09419014457007824
-0.008102392670578183,0.07159778926617381,0.19289110650900199,0.005126243427803434,0.037206978970267146,0.12109268176185597,0.878907318238144,-0.07393847319337965,0.00449396670489155,-0.02347073033682373
-0.015149617951699314,0.04440569358502212,0.19572023792592982,0.0019718656227668743,0.03830641153378258,0.048956056762379144,0.9510439432376209,-0.04922619604007927,0.06063550564761669,-0.07786691595150108
-0.04734388459613046,0.08332720710109626,0.27054081544184516,0.006943423443268986,0.07319233281993852,0.08664575923465641,0.9133542407653437,0.03177151087295976,-0.01595712714468092,-0.07239641295779489
-0.04485982213439854,0.07293325302464214,0.21542528924746818,0.005319259396756472,0.04640805524735533,0.10283269938432753,0.8971673006156724,-0.030450373276332987,0.17428281737122875,-0.08155287803288697
0.041361306590521243,0.09098524099632803,0.305891143825067,0.00827831407915989,0.09356939187060782,0.08128130135049715,0.9187186986495028,-0.09364409691057926,0.05797794878212907,-0.06875706493171507
0.05500062761751761,0.10296827909401682,0.23193121681417067,0.010602466499583341,0.053792089332901846,0.1646484918253711,0.8353515081746289,-0.15439587364211135,-0.026209143701362906,0.011089535173576949
0.032818786801272946,0.09873141779461232,0.21644116904370153,0.00974789285973429,0.046846779657004185,0.1722404676314939,0.8277595323685061,-0.13069794778046143,-0.05754060195717871,0.12925854085181207
-0.09860444927937931,0.1058946727493031,0.2047773370025126,0.011213681716681996,0.041933757749840615,0.21099194672859933,0.7890080532714007,-0.17861569338337804,-0.03757592491032116,0.19616861628116217
-0.10461963264904547,0.11213593355243871,0.18038437345358102,0.01257446759367695,0.03253852218624099,0.27873274759711175,0.7212672524028881,-0.16849466543807107,-0.13260442160365798,0.04122210618351493
0.011524404728666157,0.1299575248063426,0.28781863366249577,0.01688895825379115,0.08283956588334594,0.16934932507942338,0.8306506749205766,-0.08629041802621946,-0.16039682401209898,-0.09128205046269879
-0.05556647317259757,0.13034465860886427,0.19545398638350628,0.016989730027861374,0.03820226079320386,0.3078296284499466,0.6921703715500533,-0.10855996425886251,-0.19177160090524323,-0.13160281022392845
-0.05391738517940147,0.13270089619086542,0.183487298683768,0.01760952784985884,0.03366758877826629,0.3434188388081115,0.6565811611918885,-0.11836765753576872,-0.14923510773607265,-0.13873213129266745
-0.01899025675605698,0.19114863545361876,0.21306983377013158,0.03653780083578044,0.0453987540628315,0.4459279607373316,0.5540720392626685,-0.16001619672598427,-0.03270486495718796,-0.11397600788068935
0.04482726231088992,0.19017085998094585,0.17595789879470036,0.03616495598589251,0.030961182148246016,0.5387611590826792,0.46123884091732065,-0.15971429733912879,-0.0591334592081428,-0.008266870052965225
0.05388194774617425,0.3073419115817812,0.16829029126774975,0.09445905061474341,0.028321622134984046,0.7693315934771426,0.23066840652285736,-0.263239782193097,-0.1485461991387057,-0.06852254176012092
0.0867720709136107,0.29989042333068666,0.1778349864249429,0.08993426600545845,0.03162528239675962,0.7398371184128012,0.2601628815871988,-0.21884713923382274,-0.15578824600470606,-0.0648847290386978
0.16115801910207905,0.22022626387954725,0.2109685156365276,0.048499607302343976,0.044507714589879795,0.5214600992225642,0.4785399007774358,-0.29382435628158726,-0.1624709433936059,0.07523851187021072
0.09135471621197266,0.19351835370337375,0.23040224001764828,0.03744935322006407,0.053085192205150004,0.4136471116541812,0.5863528883458187,-0.31776994774843453,-0.23995672263848764,0.06343993899043819
0.10292407734379536,0.23556732939747208,0.19436289513824515,0.05549196667945711,0.037776935006520476,0.5949675151776768,0.40503248482232324,-0.3537524799609171,-0.23590641902976694,0.01061194745909147
0.09999405981101685,0.21229028772380895,0.17529493995647177,0.04506716626185759,0.030728315974343043,0.5945890827822068,0.4054109172177931,-0.22282071450292107,-0.19450474638875462,0.04754208139408856
0.045198636316548704,0.24043854024010342,0.23456918379287717,0.05781069163279183,0.055022701985256585,0.5123544526940883,0.4876455473059117,-0.21541587906402282,-0.12464819994769508,0.11381165881145534
0.06588002399043841,0.16265670868282428,0.30870096110172784,0.026457204879529163,0.09529628338513049,0.21730141170180067,0.7826985882981994,-0.06522999747284336,-0.1551218927498141,0.14636043285145314
0.02581757265142087,0.15869466890950412,0.2615391382579961,0.025183997940297135,0.06840272084073519,0.2690979902738218,0.7309020097261782,0.03165767832054767,-0.1737012082370714,0.21260529690305513
0.0005100582187327549,0.15721873903801045,0.31794139777498787,0.024717731904702032,0.10108673241911306,0.1964773828779215,0.8035226171220785,-0.022374549335193113,-0.15213000669585866,0.2194367834169484
-0.023757283702973267,0.0995154375387643,0.310014825408458,0.009903322308531698,0.09610919197303669,0.09341654026078991,0.9065834597392102,-0.0035767988320355676,-0.13976098968075826,0.14225531660302557
-0.05782236093282954,0.09655915481846924,0.24293459284698746,0.009323670379257113,0.05901721640173157,0.13642887615925414,0.8635711238407459,-0.057225202983993584,-0.181409125134758,0.10352931450279117
-0.03408407185933378,0.11886124310518789,0.23807004783162922,0.014127995112510576,0.05667734767455422,0.19953289619680473,0.8004671038031953,-0.14673553029422604,-0.16578863787397607,0.12434450396674693
-0.06540480705394967,0.10120013479437295,0.20447781989223265,0.010241467282399256,0.04181117882788034,0.19675209711148045,0.8032479028885195,-0.06822996168317351,-0.10188830993534206,0.09256080541749585
-0.05521095895410687,0.09885344789352268,0.21968341651720574,0.009772004160437404,0.0482608034926721,0.168387582052715,0.831612417947285,-0.17879021799743047,-0.1408794329431347,0.06186540279977414
-0.048620283941155085,0.10327414135231694,0.21278435561853298,0.01066554827205834,0.04527718199599431,0.19065119312113984,0.8093488068788602,-0.06233961388127374,-0.12454833807762068,0.08748967772682163
-0.013681392643245301,0.0813771902562927,0.24764585209466602,0.006622247094008859,0.0613284680596932,0.0974566210087646,0.9025433789912354,-0.06303603359079418,0.051906435728647705,0.08106774800648436
-0.03197969171653241,0.07600877549507944,0.2830155822557138,0.005777333952261389,0.08009781979954073,0.06727596632850454,0.9327240336714955,-0.12697724712929212,0.08595486309107499,-0.026903057799039058
-0.12386834347318826,0.09576029868645297,0.2325318147914254,0.009170034804518687,0.054071044890193765,0.14500123730944758,0.8549987626905525,-0.07249440029633356,0.11885915569687297,-0.0614445579772952
-0.0714686828849466,0.10043691737733598,0.2140093350907007,0.010087574372261815,0.045799995505963816,0.1804976382806016,0.8195023617193984,-0.01732468989321589,0.1190961856144182,-0.03152975174566297
-0.10390416379675899,0.09917882134797029,0.18272414626601577,0.009836438603972607,0.03338811362864432,0.2275660034842444,0.7724339965157557,0.020132359998347886,0.018717764487174333,0.05661664413755724
-0.03270271376863066,0.09373386785948384,0.22848047657254605,0.00878603798389918,0.052203328174817765,0.14405852261252644,0.8559414773874735,-0.07614554068178711,-0.007369129601493728,-0.010912558528598168
0.008608682354524258,0.10288451629918456,0.23843696416261997,0.010585223694117173,0.056852185879086525,0.15696367581597054,0.8430363241840295,-0.07614554068178711,-0.007369129601493728,-0.010912558528598168
-0.02163523726604131,0.1676476746840095,0.16771772366204066,0.028105742826955483,0.02812923483037663,0.49979112640922263,0.5002088735907775,-0.12779238285067157,0.008097937288167956,-0.1116332597867647
-0.03976274438677958,0.1714078942238067,0.17144899994441998,0.029380666202239707,0.02939475958194172,0.4998801082296387,0.5001198917703613,-0.0625682564206548,-0.035386399598045765,-0.07420886069041667
-0.004123604260201835,0.15111254124638634,0.2140256821611863,0.022835000121940813,0.045806992624561144,0.33266808273284726,0.6673319172671528,-0.008502692926756292,-0.1629036354598215,0.01170367853460257
-0.04927395605273012,0.14919285519566514,0.34252628726753515,0.022258508041434706,0.117324257469282,0.1594645869065101,0.8405354130934899,-0.0544156180037109,-0.10387935178357088,0.0029893427633957033
-0.14477670944934468,0.18879295195000878,0.2850953538380084,0.03564277870599832,0.0812793607800192,0.3048419988094793,0.6951580011905207,0.01447468051663547,-0.06713248730919813,0.0929108075027262
-0.1851739567362082,0.2595221917933099,0.31993443103860886,0.06735176803320352,0.10235804016399837,0.3968643223904957,0.6031356776095043,-0.08081296710374053,-0.0395224387171207,-0.02449421127555526
-0.14629846578751346,0.2775001742257072,0.29824427527486363,0.07700634669529786,0.08894964773422864,0.4640166627304248,0.5359833372695751,-0.16615605117119633,-0.03403283650911885,0.055407215708659516
-0.14427977318879487,0.28393334584974517,0.37729266580609466,0.080618144885431,0.14234975567106944,0.3615683902670206,0.6384316097329793,-0.18285553754467915,-0.12569172510788884,0.1888714962848741
-0.16139500950100202,0.3045471892041663,0.30100579253741744,0.09274899045215826,0.09060448714107878,0.5058480028282774,0.49415199717172265,-0.1098226607981474,-0.024321818765098653,0.17398208552399524
-0.16863096107032177,0.3177905765245882,0.32494349539892586,0.10099085052783015,0.10558827520207176,0.4888724849183149,0.5111275150816851,-0.09310107884257922,-0.005946159181272271,0.014202087333308612
-0.1271748795637031,0.2493774023242599,0.3952323754964121,0.06218908878999579,0.1562086306405369,0.2847515484692445,0.7152484515307554,-0.10149953153041186,-0.10397010428611064,0.08715096883313389
-0.1786601241784266,0.2668148803738752,0.2747669438396047,0.07119018038892533,0.07549687342695649,0.4853201324656884,0.5146798675343116,-0.12039183805642258,-0.04128118292044787,0.18240364671326892
-0.1341004762467345,0.25668170075375707,0.2410883748677214,0.06588549550184129,0.058123604496358956,0.5312956509062439,0.4687043490937561,0.008162086988523904,-0.05288051403737107,0.13776129390675923
-0.13703035882992046,0.2595090283195842,0.219033584232221,0.06734493577937477,0.04797571102161345,0.5839798652499204,0.4160201347500796,-0.04989013325333079,-0.05692463673890482,0.24667036561615324
-0.15559154632734892,0.15173383584039146,0.2992367843862906,0.023023156938838864,0.08954265312984737,0.2045306378978699,0.79546936210213,-0.03710884772080517,-0.04336026976113549,0.02563316560303862
-0.2500980714315647,0.10769966535597258,0.26354846698780876,0.01159921791778848,0.06945779445162413,0.14309949970677086,0.8569005002932292,-0.002120151865673159,0.015970670332131766,0.06585181146950231
-0.21601972245202944,0.08377614574094469,0.34444059704545404,0.007018442595208005,0.11863932489302885,0.05585363114035127,0.9441463688596489,0.01679696679656774,0.009993448750401257,0.11565101075592324
-0.23682268372293191,0.07342997388389425,0.2781075417856679,0.005391961064589391,0.077343804798067,0.0651708606111194,0.9348291393888806,0.04679633314311788,0.037836696888829756,0.09611491311492476
-0.2574456141729552,0.07711337398573767,0.2891186483643336,0.005946472447464243,0.08358959283201918,0.06641427037141465,0.9335857296285854,0.05820974593134218,0.004709813107549324,-0.01074916227516129
-0.28026054616747265,0.0537973804097742,0.2714346295072114,0.002894158138953957,0.07367675809571712,0.037797094265975245,0.9622029057340248,0.07566862289691387,-0.10474800545191547,0.07839615737123429
-0.19565928940866606,0.06509388256029855,0.28538392154164816,0.00423721354677394,0.08144398267448959,0.04945324918003875,0.9505467508199613,0.06955874943063357,-0.10539930508343162,0.018793237786571985
-0.17723713496720886,0.05036345723667642,0.18282076811031475,0.0025364778248305347,0.03342343325244548,0.07053626521433197,0.9294637347856681,0.02658102786770171,-0.017835822087214574,0.021521179228330807
-0.19694533682610357,0.0672338413495109,0.13224557132230808,0.004520389422611201,0.017488891134363672,0.20538560589971952,0.7946143941002805,0.02632207581280705,0.02604218561312294,0.10004414266768934
-0.2826996939361606,0.0440538522472249,0.14508681667896764,0.0019407418978203222,0.021050184374036364,0.08441338443140478,0.9155866155685953,-0.010625372939251296,0.03835088204749067,0.07310241699657594
-0.14567479084235346,0.04287943589907237,0.12738090004269817,0.0018386460230226565,0.016225893695687863,0.10178205764735103,0.898217942352649,-0.03611979126705417,0.07415924719560382,0.09311682239866041
-0.09882296881887111,0.06562650026984541,0.18595157017101807,0.00430683753766802,0.03457798644906706,0.11075882815201188,0.8892411718479881,-0.02204505408544377,0.011017065898355619,-0.02124201121833974
-0.029214682527705718,0.05658781354756471,0.2082580142364416,0.003202180642093948,0.043371400493705914,0.06875530212626312,0.9312446978737369,-0.044754563194375915,0.04960251910148536,-0.0034180682439144613
-0.1690000590971663,0.08518617575628817,0.1930905036593993,0.007256684539981219,0.0372839426034405,0.16292281912902906,0.8370771808709709,-0.05888785734400987,0.05126928345729149,0.018134978768925187
-0.13415354620681563,0.08613554725960618,0.16504321184633963,0.007419332501711849,0.027239261776555744,0.2140690543344998,0.7859309456655003,-0.01295927602169962,0.010113784168860274,-0.06262931063225324
-0.02857456705371493,0.10021984373370602,0.20499282949862482,0.010044017078008453,0.04202206014585227,0.1929090420010652,0.8070909579989347,-0.043351276055479115,0.026061468790506498,0.009702163597543393
-0.08979465965512375,0.08461689875190094,0.2616668512292794,0.007160019554389455,0.06846954103224584,0.09467223528540136,0.9053277647145986,0.03762230731696001,-0.08005294850221142,-0.028701979070632204
-0.05018911760908555,0.057476690934538444,0.19798819293932662,0.0033035700007844537,0.03919932454338002,0.07772576517939822,0.9222742348206018,-0.03229616158750958,0.05559820281575746,-0.03567905412498722
-0.06107934860410709,0.07895477412795948,0.21604351516125067,0.0062338563575971,0.046674800443229546,0.11782299409082148,0.8821770059091785,-0.028716463214470737,0.08597096051112928,-0.007327683000259477
-0.09378637167703174,0.0720645552518181,0.20117142380493827,0.005193300123642343,0.04046994175570608,0.11373042977027559,0.8862695702297244,-0.04135593480615159,0.004889328447322698,-0.011272358655511464
-0.17773354152736448,0.06689634773325807,0.18788149221212277,0.004475121340048982,0.03529945511585395,0.11251210544027883,0.8874878945597212,0.014581284943664514,0.04904644689505156,0.021826149247409977
-0.14759940052031767,0.056275022118748054,0.15738978334549333,0.0031668781144655826,0.02477154390154133,0.1133520752407264,0.8866479247592736,0.06503135285692134,-0.010140062270152586,0.1112148040952205
-0.09778752053728203,0.0519837598994476,0.1525711530395948,0.002702311293283416,0.023277956739831452,0.10401398822517945,0.8959860117748205,0.04608723982091607,0.00397719237542447,0.11361310174228072
-0.12312041188203415,0.06650876369720919,0.277016315480823,0.004423415648531211,0.07673803904257086,0.05450143378241052,0.9454985662175894,-0.04325845203452232,-0.051998797342408136,0.07492872975830926
-0.15698629701995317,0.0664321084503426,0.2820737588261917,0.004413225033158081,0.07956560541833654,0.052551637233232466,0.9474483627667676,0.004402520560518774,-0.03982722510295485,0.0816027050425007
-0.2682687221714785,0.06830609595193417,0.30392285972974803,0.0046657227441948374,0.0923691046663081,0.048082970503535154,0.9519170294964648,0.09889377562408443,-0.01674374830878869,0.07451510216702888
-0.39189961518256095,0.058720389950472546,0.356543941352336,0.003448084195935557,0.12712358211505803,0.026407598932857018,0.973592401067143,0.08907583101212128,0.04490401957086025,4.406853085596116e-05
-0.3088718112609723,0.05205339120580641,0.4050482084382599,0.0027095555360247244,0.16406405115904404,0.016246908546979584,0.9837530914530204,0.023008702050148364,-0.0343176888016168,-0.018185528628605327
-0.2886988806327956,0.07728545315897589,0.4334745472812776,0.005973041269988257,0.18790018314070858,0.030809005669267125,0.9691909943307329,-0.058390383571620276,0.003863740296920243,0.02340836189064971
-0.32703351499207634,0.04711870970608798,0.5057935787351574,0.0022201728043665897,0.25582714428971787,0.008603743024218737,0.9913962569757813,0.06473888851051655,-0.026679763599816254,-0.01499536722142629
-0.3671157591793064,0.05639158162808996,0.4897718927133088,0.003180010478517533,0.23987650689197684,0.013083419909576831,0.9869165800904232,0.004351010653553193,0.011308786358378564,0.05485398995782319
-0.28044426641431786,0.05569045031907217,0.34354232388113526,0.003101426256741045,0.11802132829765084,0.0256056450181564,0.9743943549818436,0.050625229841691315,-0.03426315288479819,0.0043338439555968295
-0.2911969754117767,0.051677529695453674,0.42439181171598306,0.002670567075424496,0.18010840985157442,0.014610909418160867,0.9853890905818392,0.015985947525216926,-0.028947769777498134,0.07276306550854326
-0.17491587197921035,0.057041162383582714,0.4276116874977406,0.0032536942060702517,0.18285175528466535,0.017483067878849092,0.982516932121151,0.04483508161033989,-0.02450465917276533,-0.008067708969229828
-0.263386356726138,0.05330071924269281,0.34339959961857175,0.002840966671788363,0.11792328501819538,0.023524897741108552,0.9764751022588914,0.03705236956963677,0.03933189783610257,0.024801688827949833
-0.13191187808824423,0.03967729722676615,0.22811077255532158,0.0015742879152211447,0.05203452455578565,0.029366215042957076,0.970633784957043,-0.048851642122949554,0.037456879152844465,0.046641797325954956
-0.2134863421657857,0.02842721829113116,0.1866031469300208,0.0008081067397716221,0.034820734444186936,0.022681252404455468,0.9773187475955445,-0.018009732928223728,0.021687119284620127,0.040399622089581165
-0.1811981790810164,0.03878646354382841,0.19877395495583272,0.0015043897542367304,0.03951108516878341,0.03667858916811869,0.9633214108318813,0.024265326516859004,-0.012919297690397805,0.056655336351756666
-0.15027529593879962,0.030809662261778066,0.2833443803482027,0.0009492352886848316,0.08028403787490695,0.011685301499217102,0.9883146985007829,-0.0025627875692105853,0.04452904409239862,0.05232342381235471
-0.09695516475306894,0.03550537765354302,0.29429114232882203,0.0012606318423207122,0.08660727645320299,0.014346897141113956,0.9856531028588861,-0.05979332717380888,-0.02157185900435554,0.051104459992266024
-0.12309791392739171,0.04897422880011041,0.2211155333551847,0.002398475086565564,0.048892079090947796,0.04676251066160435,0.9532374893383957,-0.041428428124477314,0.030559986900644792,0.059433187279040206
-0.09168160817063162,0.05106638604516482,0.17464353785118636,0.0026077757837138045,0.030500365313178762,0.07876539416942871,0.9212346058305714,-0.0063263527618970805,0.022646749591686197,0.055967745005748686
-0.07239882597795627,0.04307883066893743,0.1842778924724141,0.0018557856518029842,0.03395834165407462,0.051817140089810976,0.948182859910189,-0.023524941162689317,0.0030166803595158415,0.006376468562973053
-0.06889094604936774,0.03379452039389373,0.20947045921300406,0.0011420696086532993,0.04387787328290679,0.025368082127607577,0.9746319178723925,-0.006584414347292532,-0.021701186312152804,0.03952243737683062
-0.18766195456039442,0.03759532636908871,0.2874893449383086,0.0014134085647982968,0.08265012345305778,0.016813575766695982,0.983186424233304,-0.02358313072664682,0.04358253505343884,-0.04258101209116808
-0.13089785219332822,0.046900690917768134,0.3526193342187737,0.0021996748085640182,0.12434039486489121,0.017383227417532017,0.982616772582468,0.03941635624584032,0.03689833814295984,-0.014314741510899488
-0.07710505178949344,0.03854249481977862,0.25560676003254257,0.0014855239069326614,0.0653348157743338,0.022231612620028905,0.9777683873799712,0.012139073589528614,-0.055671552465095565,-0.04159189277566483
-0.031211483215692393,0.045034468650496554,0.34009501017965704,0.002028103366632557,0.11566461594910103,0.01723219055880403,0.9827678094411959,0.022025301845476013,0.013453826694372704,0.038581021843595784
-0.0032332584551293176,0.033420361764895795,0.3644074055362636,0.0011169205804965087,0.13279275720967088,0.008340850332316468,0.9916591496676835,0.07253054422072316,0.038449488332596815,0.07311098245084864
-0.05953184081499632,0.038223340410724484,0.4470291327389561,0.0014610237521541234,0.19983504551734324,0.007258083863515928,0.9927419161364841,0.05769613090305806,0.028129388477639617,-0.015803423013677168
0.0012793159509416167,0.039368451990323176,0.36696707911096726,0.001549875012114381,0.1346648371512349,0.011378176318104054,0.988621823681896,0.021196481495280903,-0.004410631705129141,0.026801297121087805
-0.034467549686487076,0.029260610953196667,0.4302414963901641,0.0008561833533543327,0.18510774521604761,0.004604029178888873,0.9953959708211112,0.014604794409716735,-0.056078120073853516,-0.025262427247347195
0.012730090839161812,0.03654862396800394,0.38080152485723345,0.0013358019139545524,0.14500980133359417,0.009127721532535533,0.9908722784674645,0.0025589881915635726,-0.06424877536118331,-0.01169735418316857
-0.05495441131331059,0.0347558952877004,0.21395032180325052,0.001207972257249595,0.045774740199714455,0.025710994407913166,0.9742890055920868,0.018953184081970623,-0.013523752533561209,-0.010133607002083092
-0.11100188693513072,0.05475007417840079,0.2401383386677123,0.0029975706225403888,0.057666421698088895,0.04941268300802287,0.9505873169919771,0.0073760071277943606,-0.02507848283733346,-0.042097557472739355
-0.1434593958455788,0.04233688971938853,0.2260297408999894,0.0017924122311116662,0.051089443771316335,0.03389465435988801,0.966105345640112,0.022358370069286142,-0.011165508920510808,-0.10762412029579728
-0.1665772061762013,0.04670667337014571,0.17211693528342223,0.002181513337305478,0.029624239411357757,0.06858864038038417,0.9314113596196159,0.024901082799387003,-0.03492369589320632,0.03780754279124615
-0.19273991456890172,0.028963180867136225,0.22156540507624875,0.0008388658459424459,0.049091228726602196,0.016800806269726517,0.9831991937302734,-0.018767836974443956,-0.017588472610356582,0.017960881506202057
-0.2647020001650099,0.03867734894637256,0.2404018270482695,0.0014959373215194664,0.05779303844814609,0.02523128966388459,0.9747687103361155,-0.00935882420947839,0.003101387802000595,0.02594053664188488
-0.24073210538433493,0.043214613161397755,0.23567901153749715,0.0018675027906892522,0.05554459647929171,0.03252803528237666,0.9674719647176234,-0.03951268823548738,-0.04692332957655943,-0.0009170230840100484
-0.27807809507712006,0.036256232500720256,0.24122504960768248,0.0013145143951462839,0.05818952455822887,0.022091179326100562,0.9779088206738994,-0.01924603927803204,-0.028267910791496396,-0.02830899879889275
-0.2354225314043672,0.0692715425664425,0.189843937847896,0.004798546609534455,0.036040720737595795,0.11749835198431015,0.8825016480156898,0.033688549641306374,-0.08870453513566554,0.015854116121581333
-0.2081053317326533,0.07170798768194808,0.1776682581068476,0.005142035497394418,0.03156600993872142,0.14007925064665355,0.8599207493533464,-0.0037827707469338797,-0.014878629748324542,0.04409988705854697
-0.24499604207683698,0.0834170832540691,0.32529819247461983,0.006958409778616296,0.10581891402725481,0.06170043359597833,0.9382995664040217,0.060320136319575335,0.049801334410315985,0.06146633499491491
-0.18824330331879993,0.09010688253032705,0.2889883544539229,0.008119250279334158,0.08351426900998618,0.0886056799117224,0.9113943200882776,-0.029677370478303246,-0.05425785154774292,0.03343561645243461
-0.2075306976717336,0.06295369411915187,0.2666146108473691,0.003963167603247737,0.07108335071729406,0.0528094799324346,0.9471905200675654,-0.04284240601084496,-0.11789488670544374,0.09576502091297845
-0.26235405313319704,0.10438896652296283,0.22196426546746117,0.010897056331732253,0.049268135144509576,0.18111895041562875,0.8188810495843712,-0.04451040452629944,-0.11954729303231579,0.0788582415642089
-0.15383654342728012,0.10872131382832947,0.21952481680457184,0.011820324080558105,0.04819114519308083,0.1969677500589106,0.8030322499410895,-0.054814601140832316,-0.05885378370303489,0.11664700699767125
-0.14765580597944325,0.13190046909224945,0.20338752646146188,0.01739773374675545,0.041366485920111856,0.2960599808077553,0.7039400191922448,-0.0207829746006682,0.056988326446865856,0.1720832218908532
-0.10581346579258874,0.11730525922943437,0.19562494575316552,0.013760523842884797,0.038269119400928954,0.2644746914446872,0.7355253085553128,-0.07911791263792434,-0.004406924837520996,0.14697969244852505
-0.09001943487302726,0.1746836929289922,0.29184737716646003,0.030514392575310436,0.08517489155894198,0.26376161632999473,0.7362383836700052,-0.08404149268929632,-0.032616478248409936,0.1480445717608233
-0.08821337111985207,0.1650803626685888,0.24001597548483708,0.02725152613879281,0.05760766848793791,0.3211381660957757,0.6788618339042243,-0.13278787341033832,0.03534716163461128,0.13376191422565561
-0.04479795189501172,0.12177716678454162,0.25826521101024,0.014829678350070066,0.0667009192181638,0.181890956185608,0.818109043814392,-0.026498451436527445,0.013326921422681506,0.03887285823250232
-0.0052956257223545945,0.1415103979084116,0.2672716662614406,0.020025192716196984,0.07143414358616688,0.21895187004193697,0.7810481299580629,-0.058707775271868476,-0.08439368407624015,-0.07998736407573584
-0.004785339096878637,0.13881443827727608,0.1951546611277948,0.019269448274235688,0.038085341759904426,0.33596929328423414,0.6640307067157659,-0.15537727149644825,-0.11146040262407625,-0.01161986816226368
-0.03833230912402619,0.13709897186958792,0.1715512958916006,0.01879612808769806,0.0294298471220875,0.3897511249059019,0.6102488750940982,-0.132727320450386,-0.15127611065232385,-0.03653136153736625
-0.13290157435445274,0.176106052176141,0.21586156495471576,0.0310133416130657,0.04659621522469897,0.39960725040469064,0.6003927495953093,-0.01456443146190732,-0.1724892662491184,0.029567282050184295
-0.07947880809623684,0.1869657860074398,0.1643716813643006,0.03495620513737977,0.02701804963452717,0.5640439770681275,0.43595602293187247,0.03955210578462244,-0.10062298942648801,0.07806508920461347
-0.12813940222627285,0.13743370480456804,0.2062227323618751,0.018888023216309148,0.04252781534279757,0.30754319503642824,0.6924568049635718,0.0640256639458203,-0.04369653764749529,0.1709588266937184
-0.0884064704002716,0.15030842956318077,0.1360437522146146,0.022592623997749677,0.018507902516631453,0.5496918388586698,0.45030816114133015,0.007433703720712758,-0.13925859844038008,0.1528370835697568
-0.09365656541061437,0.11471829891662792,0.15921583432324546,0.013160288106324795,0.025349681899247148,0.3417371684376969,0.658262831562303,-0.053302416331532494,-0.05835911946354147,0.006722712117133968
-0.04842328045728554,0.12191678628464213,0.17984561562737372,0.014863702777975102,0.03234444546038905,0.3148546031275163,0.6851453968724838,-0.09982888131963363,-0.09969608320409823,-0.07327124780174472
-0.08847923962629674,0.11996808812670887,0.20295909846415724,0.014392342168777784,0.04119239564938348,0.2589261501216501,0.7410738498783499,-0.18054439490437263,-0.08664287194696502,0.017624478658196316
-0.05332391221655876,0.13421573086477398,0.2502315900115744,0.018013862411565443,0.06261584863972067,0.22341469635315167,0.7765853036468484,-0.12738011387773518,-0.1532039418266211,-0.0304070192428885
-0.0808206561883123,0.12998204022228324,0.2271426664149356,0.01689533078034726,0.05159379090608671,0.24668634031692965,0.7533136596830703,-0.07417927647788067,0.004205231556856502,0.08605634064242143
-0.07242823524680483,0.17223107161689258,0.17601164639023922,0.02966354203030318,0.030980099665002613,0.48914513048775776,0.5108548695122422,-0.02685171916309516,0.03318109240774648,0.10946758799123499
-0.026571786985035633,0.2379425324694792,0.1835994193861618,0.056616648757989156,0.03370874679893573,0.626807648158133,0.37319235184186705,-0.24617347275598295,0.14590852825611056,0.11481371382045008
-0.015110608628123407,0.2894304683036683,0.2100673058576027,0.08376999598248075,0.0441282729902716,0.6549736494113712,0.3450263505886288,-0.17688729194181868,0.18948760503235043,0.06604519046571666
-0.034096305736938254,0.418577964305423,0.20064338242517396,0.17520751220207195,0.040257766911014604,0.8131589132284957,0.18684108677150432,-0.13523222639392568,0.06185773509516542,-0.014573864862744604
-0.06900909982005979,0.38875204829690735,0.24100834359509668,0.15112815505504099,0.05808502168245218,0.722364419926889,0.27763558007311084,-0.11416897357250393,-0.00203807956691638,-0.030398573734927787
-0.05534703027832651,0.29399492395371096,0.17925921491472127,0.0864330153105483,0.03213386613184223,0.7289810970742662,0.27101890292573383,-0.07811407382217929,-0.017972454772592746,-0.10098362183776347
-0.040990808624599126,0.27427851975353823,0.16434058430777482,0.07522870639819206,0.027007827650620844,0.7358299760267113,0.26417002397328865,-0.1116035385866404,0.0963523549671852,-0.07279236376571584
0.026579024494445252,0.23425891571680607,0.24024504147436115,0.054877239592813654,0.05771767995301751,0.48738646303198574,0.5126135369680141,-0.022378700583405624,0.09538261354179586,-0.07278021247050315
0.06175506516859367,0.19093839552843736,0.2003694034086214,0.036457470886973986,0.040147897822326854,0.47591273955382185,0.524087260446178,-0.16319131207316873,0.09879552849628916,-0.08484667984713186
-0.0060610958891703995,0.25702431279035703,0.15421186336043075,0.06606149736535528,0.02378129880109616,0.7353009944499431,0.26469900555005693,-0.1150922146116469,-0.03994956103321967,-0.09776339820832108
0.026523120190557484,0.2853150165394847,0.1610849222572519,0.08140465866292644,0.02594835217862489,0.75828947902613,0.24171052097387005,-0.05346328883193079,-0.06042196141634766,-0.11927522280386235
0.022907074388337497,0.24985664548057088,0.23347083079967967,0.06242834329080368,0.05450862883429265,0.5338631756602981,0.466136824339702,-0.11485699960070886,-0.02186195531979771,0.003778531411917585
0.011473794145580129,0.1694104761712611,0.26370087741729703,0.028699909436573422,0.06953815275065231,0.2921465346280556,0.7078534653719444,-0.2149578341000549,-0.05172191284204603,0.012897494588535688
0.013828538062425327,0.11723552110404693,0.25790098235978137,0.013744167408537435,0.06651291670214027,0.17125176625634297,0.8287482337436571,-0.20908812527947365,0.024969645158988536,0.019334058332640614
0.08463310817436494,0.16415610527697058,0.20010933421919472,0.026947226899703847,0.04004374564164937,0.4022516150675294,0.5977483849324705,-0.2098605823252962,0.10366294552589944,0.024091377181836744
0.09413408132925154,0.15683353032200964,0.17091902930699834,0.024596756233264717,0.029213314579246558,0.4571032125002477,0.5428967874997523,-0.33432421000545404,-0.015342591426266192,-0.002360556737883884
0.06302843814268827,0.13832449610745362,0.1442877874429143,0.019133666223380953,0.020818965605171616,0.4789087814161689,0.5210912185838311,-0.2413890084052571,-0.06945161079027592,-0.07170080318901956
0.05554522253654422,0.14610179823233527,0.13549822476363294,0.021345735446722004,0.01835976891409599,0.5376014179985158,0.46239858200148426,-0.21296994855837076,-0.01102822962636281,-0.015772964695528913
-0.0027832499283875424,0.11160273615404356,0.13040537830169707,0.012455170717069062,0.017005562690008726,0.4227719162645412,0.5772280837354588,-0.21288606951112587,-0.012100578615752141,0.10508192054689863
-0.10316088548838921,0.12668745277634727,0.1809983860468156,0.01604971069095922,0.032760415751552086,0.32881928117647086,0.6711807188235293,-0.1859968178145414,0.00212866020305868,0.14363328661955424
-0.08378257697319585,0.09318824893278625,0.19568260137936117,0.008684049739158938,0.03829168048259396,0.18486247468991218,0.8151375253100878,-0.12107279235584023,-0.007263144475972551,0.07811917326600407
-0.0889334218726537,0.09949694104313675,0.16629824277129499,0.00989964127694143,0.027655105548820565,0.26360559220040924,0.7363944077995908,-0.07832451891187378,0.07341415875812621,0.11375593206594808
-0.14566880062687454,0.14885818177341265,0.14755079676477825,0.02215875828088636,0.021771237625920897,0.5044106611777013,0.4955893388222988,-0.07204028206163168,0.018934265293401094,0.1731883465019566
-0.1781791668613252,0.11706565729015939,0.17183639019486568,0.013704368116777048,0.02952774499520213,0.31699510225836514,0.6830048977416349,-0.07295710147178197,0.005984248560309533,0.09512051606080692
-0.07532806947920233,0.09856609345327003,0.15146996912037877,0.00971527477863876,0.0229431515453285,0.2974814120639042,0.7025185879360958,-0.07365016444926631,0.01178785163163034,0.11436799859631935
-0.12015909622148105,0.06391699230957402,0.15113376862300942,0.004085381905902145,0.02284141601819335,0.15172178724772667,0.8482782127522733,-0.04703128640719582,0.002573107922347261,0.06940998961816268
-0.11324802423132534,0.043338600258960656,0.17900057502160996,0.0018782342724059846,0.032041205858067016,0.055373386623754774,0.9446266133762452,0.023039558037773522,-0.07212129977140659,0.07510956732307508
-0.06173069629425108,0.047885856012293886,0.16934630107103701,0.0022930552060301426,0.028678169686442313,0.07403824724373329,0.9259617527562667,0.004400760222161449,-0.09449165272198129,-0.03930192395475304
-0.07812473633966169,0.05880818966526797,0.1256128374815604,0.0034584031717061303,0.015778584940168906,0.1797788277246608,0.8202211722753392,-0.0025831490946236525,-0.0665025046376485,-0.021130927332440853
-0.09773821670702958,0.04549010743407578,0.14719415219694126,0.002069349874363756,0.02166611844097631,0.08718386538117513,0.9128161346188248,0.005620819595260002,-0.09555839509970225,0.06274717425580986
-0.026022950289416175,0.06523421294264008,0.1390705170205036,0.00425550253824571,0.01934060870435018,0.18034762145737143,0.8196523785426286,-0.037686990511549875,-0.07589184101643007,0.07378350820638442
-0.016500223370113115,0.06161348620409631,0.15458630153349742,0.0037962216822223665,0.02389692462180539,0.13708163169853457,0.8629183683014654,-0.05116841391007218,-0.0792546391498211,0.07409271060708933
-0.08078357031404784,0.07481709639765573,0.1293591958161015,0.005597597913376109,0.01673380154218849,0.2506604176112789,0.7493395823887211,-0.05513429221857953,-0.032144986702920715,0.09401244074218298
-0.10138366820882243,0.09811638036072111,0.1283614187855272,0.009626824095089699,0.016476653832633498,0.36879469171675133,0.6312053082832487,-0.09279385479965128,0.04664941303831224,0.10697004866828777
-0.14049222656747837,0.14772044863743009,0.18256686883637682,0.02182133094564362,0.03333066159671882,0.3956580703567977,0.6043419296432023,-0.05973520739524685,-0.030294372120904488,0.09068029735886618
-0.06976971050471903,0.1812868648979778,0.23489804385106036,0.032864927384537654,0.055177091005054676,0.37328684627728503,0.626713153722715,-0.2220469411730389,0.030122662016763484,0.11629078447685985
-0.009754592351450167,0.1178394477152685,0.22990652619506854,0.013886135437839498,0.05285701078708374,0.20805335413831802,0.7919466458616821,-0.24246288157021284,-0.039301895212102755,0.10229794347968992
-0.1827158570661489,0.11090763658392813,0.2957716727454492,0.012300503852632674,0.08748088239864109,0.12327453360546643,0.8767254663945335,-0.10317408541876434,-0.04140712027292557,0.205338288044974
-0.1957806936618699,0.11819422451185946,0.2953224203138459,0.013969874707959839,0.08721533194002788,0.13806242207479505,0.861937577925205,-0.08972178572985733,-0.11911226162514292,0.16052768710340864
-0.12032432129257291,0.15220290542398993,0.31720801588984693,0.02316572441950402,0.10062092534477338,0.18714234906282465,0.8128576509371754,-0.0009019968365855009,-0.0661774705851699,-0.0005679739360071115
-0.11456405327270473,0.13529400758524934,0.3768092268475028,0.018304468488477506,0.1419851934374128,0.11419618875321198,0.8858038112467881,0.0044989167120366375,-0.049085764602080945,-0.0891495629840299
-0.11172493813996456,0.10690891408216281,0.2885700397206305,0.01142951591022727,0.08327266782436626,0.1206890428446605,0.8793109571553395,0.04438965674111214,-0.017729559642314117,-0.030385596350501535
-0.08590079934057628,0.13505044569525976,0.2728589182116443,0.018238622882488304,0.0744519892476288,0.19676882548672042,0.8032311745132796,0.01333795697399425,-0.04033485200662141,0.07326127015791471
-0.16321452170767,0.11234065019133255,0.25687542973616834,0.012620421685411345,0.06598498640214116,0.16055411443643203,0.8394458855635679,-0.16603420862688958,0.06530697707993831,-0.02108583974969488
-0.13150837446713354,0.14173012871999277,0.2739296955401661,0.020087429386985718,0.0750374780987281,0.21116897685290803,0.7888310231470921,-0.10371548315998042,0.14119471155467422,0.061718271055405005
-0.12113685280706767,0.18386937976936943,0.22265181776020906,0.0338079488167726,0.04957383195192535,0.405459664030878,0.5945403359691219,-0.036579390649410085,0.09738997309838288,-0.009951230682238042
-0.06656294499902991,0.22824964775733367,0.3024258123747159,0.05209790170134689,0.09146137199050686,0.3629016806895644,0.6370983193104356,-0.1638459894356441,0.19121609479021345,0.13907484279826426
-0.011072805087230214,0.21841161720499994,0.2230513506398023,0.04770363453010342,0.049751905022240035,0.4894912567230902,0.5105087432769098,-0.13478679341713645,0.19507150174529145,0.11619718330500127
0.045161434476811084,0.11800416373310822,0.2576338204282607,0.013924982658350214,0.06637518542846128,0.17341162528198062,0.8265883747180194,-0.17289066464088648,0.22498027854817387,0.05771485480967846
0.04453694693384557,0.18652858216027415,0.22212353271790927,0.03479291196272215,0.04933886378708411,0.41355256860606876,0.5864474313939312,-0.19001967277607007,0.18108884303350037,-0.07714606940321381
0.021504099392906244,0.18701205297602444,0.19290749504477508,0.03497350795830737,0.03721330164444992,0.4844861291247799,0.51551387087522,-0.19511937707718116,0.10771544379209246,-0.12494231292014668
0.045745030045844584,0.1533870250688939,0.177782100885366,0.023527579459485484,0.03160647539521445,0.42673406702064576,0.5732659329793542,-0.1443977426351783,-0.035045698171494596,0.012737271602410165
-0.04527716269644576,0.0899788219833745,0.20709883071307206,0.008096188405515797,0.04288992568272168,0.15879202701159748,0.8412079729884024,-0.0917965529401043,0.00885679026197523,-0.007071676404680538
0.03308869462591692,0.09110680524447978,0.16807948675539086,0.008300449961855569,0.02825071386795561,0.2270912630991441,0.772908736900856,-0.02163470004976667,-0.028193462799459636,0.07857973710069058
-0.08719786558639495,0.06413010113102083,0.16785945380419703,0.004112669871074959,0.028176796231443358,0.12736877897012375,0.8726312210298762,-0.05141624899146878,-0.045708829497888924,0.035035870874247727
-0.055311096632895865,0.05639058889014715,0.1548232097414968,0.003179898515377587,0.023970226274659508,0.11712279556609884,0.8828772044339012,-0.04250427887070579,-0.04294337847916346,-0.06608104824604454
-0.10098797296144038,0.0437627909169178,0.17026824516730807,0.0019151818688378632,0.028991275312354528,0.06196704648513758,0.9380329535148624,-0.08447028254653441,0.029177073866021804,0.0258629855522605
-0.052734697758426846,0.05910208053824263,0.16933632689807326,0.0034930559239489184,0.02867479160733113,0.1085884257736632,0.8914115742263369,-0.055538729646628676,-0.02242052034459866,0.008513027696403976
-0.08948561602994962,0.05952585147332304,0.20282801750433282,0.0035433269936241147,0.041139204684737946,0.07930004994188825,0.9206999500581118,-0.04904691773038056,-0.01475056753227762,0.09372906610084411
-0.10007270335471681,0.11225672468082604,0.1989262764963282,0.012601572236066777,0.039571663480693624,0.24153327013257456,0.7584667298674255,0.022973654517544524,-0.05247642075992045,0.15034176845639033
-0.12373552401930141,0.09547506357596522,0.25355876843766206,0.0091154877648346,0.06429204905162393,0.12417645599015438,0.8758235440098455,0.14171877427199034,-0.03287689480912501,-0.0006010771191733918
-0.06119273574272285,0.10096143796043036,0.2774055235127549,0.010193211955037829,0.0769538244753856,0.1169656751687236,0.8830343248312763,0.05231007349522407,0.0317310931689202,-0.05092413120449944
0.006786310151364328,0.10954500670483261,0.371513959600375,0.012000108493961822,0.13802262217794906,0.07998860199528837,0.9200113980047115,0.06304600429856724,0.02085291365431588,-0.06350693410247724
-0.07187086495657109,0.12019690921531985,0.36887661752438916,0.014447296984915842,0.1360699589562345,0.09598432348889277,0.9040156765111073,-0.029803740686213963,0.15086481987217867,-0.13158460404376704
-0.05669069270622213,0.17573353241742506,0.3439981902267262,0.030882274415906186,0.11833475487926289,0.20696213134505828,0.7930378686549419,-0.03103444318328795,0.17162887091119103,-0.10268276007238297
-0.11129915532671811,0.18498265066597425,0.4115469473100556,0.034218581047409866,0.16937088984022566,0.1680763788923823,0.8319236211076178,0.008699289304840114,0.12611392906440153,-0.17978518124401466
-0.07172403914672754,0.1616497942797584,0.2528712265159055,0.02613065599068821,0.06394385719965838,0.29010044090350595,0.7098995590964939,0.011392461294408754,-0.07678238878493898,-0.15168908350453275
-0.08510441402760927,0.1966978974035378,0.3745120458962461,0.03869006284297268,0.14025927252139195,0.21620679822137684,0.7837932017786231,-0.033143436722161496,0.10982038669889091,-0.11784025417142908
-0.1233587580760688,0.15358792717427683,0.22187328412265978,0.023589251373690962,0.04922775420737451,0.32395250512505075,0.6760474948749492,-0.023673897720359112,0.10165239395298506,-0.08560760836147394
-0.11147969167875249,0.1424278878128814,0.25672376888737924,0.02028570322683873,0.06590709351174051,0.2353526512008283,0.7646473487991717,-0.02600862437608102,0.09956666614053408,-0.051462472339859185
-0.18566387511216578,0.17321830243563338,0.20960477536815372,0.030004580298682554,0.04393416185713418,0.40580322877892105,0.594196771221079,0.10497819021792051,0.13544919174504275,0.07714599982131216
-0.14748149843628727,0.1916247657965275,0.2932062991007638,0.03672005086657402,0.08596993383236656,0.29929134767339405,0.7007086523266061,0.12558873967059536,0.09449555515605537,0.2070324134059402
-0.13406406022992487,0.2065163805148925,0.20728519644554785,0.04264901542097187,0.04296715266546936,0.4981420726271217,0.5018579273728783,0.041021448322055364,0.22131788477815484,0.07706231572221069
-0.08998856050287407,0.25511827645878077,0.30260639031274517,0.0650853349832989,0.09157062745810947,0.4154666951003654,0.5845333048996346,-0.08725963248481056,0.15999981387399895,-0.1184953974621333
-0.23809570485946835,0.19946163956723362,0.27023820072746824,0.03978494565884901,0.07302868513241942,0.3526608033071859,0.647339196692814,-0.08175950297993098,0.2445122960614507,-0.013829372921888912
-0.14784813761169752,0.10696995307647189,0.2687465676791044,0.011442570861182598,0.07222471763929943,0.1367627786947664,0.8632372213052336,-0.009911355391879633,0.21275329967151102,0.03349954167508677
-0.16791087489717024,0.06295017095183222,0.18519873915665308,0.003962724022864902,0.03429857298521403,0.10357003898817563,0.8964299610118245,0.03501130896661811,0.07163610307862867,0.1382376241865216
-0.15977300622418844,0.08060494647459313,0.1508456146958149,0.006497157396172023,0.022754399472958247,0.22211321692174948,0.7778867830782505,0.05674385883550476,0.05795898434498859,0.17270468528435268
-0.19662426986675896,0.11134550798595609,0.16380009669978682,0.012397822148650612,0.026830471678859512,0.31604285934955023,0.6839571406504497,-0.008782515074700827,0.00339548986615721,0.14332311379490292
-0.22620250525675126,0.09945850897514949,0.2195228358284689,0.00989199500755989,0.04819027545017291,0.1703100607053304,0.8296899392946696,0.02339210771122367,-0.0441204779629701,0.05509791069722628
-0.1584145446561714,0.11949500650214555,0.16961254557559272,0.014279056578947806,0.028768415616632514,0.33170487953561734,0.6682951204643827,-0.03934842147463226,-0.009704488898030716,0.08417715520725547
-0.14954482567315544,0.1655974797078399,0.1970703254204814,0.027422525285588445,0.038836713161334434,0.41386719691255314,0.5861328030874468,0.0069891824268562205,0.01981488294866545,0.07956561604411888
-0.15750777560105672,0.17768767925815543,0.1759025690711488,0.03157291136014912,0.03094171380583027,0.5050483990957555,0.4949516009042445,0.051057108688467565,-0.036066000291968936,0.07093051702058652
-0.11207101870026347,0.1189675120084361,0.12099683337057413,0.014153268913477388,0.01464023368570648,0.4915438427375818,0.5084561572624182,-0.034131362401023393,0.002772200428772853,0.11250946534860028
-0.05812851530469218,0.10736146462596187,0.12526738977854163,0.011526484086631662,0.015691918941929076,0.4234812775215623,0.5765187224784376,0.010395284838074254,-0.022487720629888203,0.08724675684134152
-0.11519275865095849,0.16155503073142105,0.1220216795867835,0.0261000279546304,0.014889290289179659,0.6367519410638613,0.36324805893613865,-0.05133907379885083,-0.07946654484950474,0.12430735359145156
-0.08097000852161365,0.21925788410006233,0.1659427480381938,0.04807401974003637,0.027536995626467477,0.6358070911627178,0.36419290883728217,-0.0954564236353442,-0.06456002647667196,0.13131687869620917
-0.15197733114728845,0.15522725276704977,0.12332958351260448,0.02409550000160556,0.015210186169392483,0.6130283515921567,0.3869716484078433,-0.069278656797095,0.04320768092177389,0.1457230927156423
-0.16013898477245325,0.14002280701026887,0.16279724375811785,0.019606386483035,0.02650294257524004,0.42521517626629457,0.5747848237337054,-0.01677470726692074,0.03399594325018319,0.21414388467818382
-0.14809920216075528,0.08846154305817984,0.18092099888773774,0.007825444600234205,0.0327324078385368,0.1929452406793,0.8070547593207,-0.04748557516741282,-0.008324573163268952,0.07116555157435689
-0.1322568108245608,0.06283005149170322,0.21674151070815065,0.0039476153704500775,0.046976882464051385,0.07751898473853108,0.922481015261469,0.10587468442877698,0.044439353723818284,0.01777775780847813
-0.16829656949350574,0.05950594598905594,0.1807808113668163,0.0035409576080524426,0.03268170175844442,0.09775531863150701,0.9022446813684929,0.0395451649056622,0.06053500787776031,-0.034984198747188826
-0.1278938282605544,0.048964139504220905,0.18958860104473882,0.002397486957388806,0.035943837646101144,0.06253010249861267,0.9374698975013874,-0.03509466291738419,0.08479877777742897,0.02186180572961939
-0.1537013841738715,0.047307928061513925,0.2761696087354994,0.0022380400574733765,0.07626965278911882,0.02850727076958706,0.9714927292304131,-0.08524033592293101,0.08353624578503534,0.012625394700762996
-0.05810403428825616,0.0721370124939422,0.25554678743220904,0.005203748571551174,0.06530416056692263,0.07380375670098636,0.9261962432990136,-0.008887075899063485,-0.046008662624654584,-0.018776506339624896
-0.025091955373727444,0.07948258935527243,0.28610042685174875,0.006317482010618866,0.08185345424475284,0.07165039046791319,0.9283496095320868,-0.06515392881861545,0.003100266200573354,-0.04831618274628345
0.005489581890325765,0.10007767739077822,0.2577080788243053,0.010015541511932681,0.06641345389131435,0.13104374143726058,0.8689562585627394,-0.02898545630908949,0.020327499433974855,0.04720944804406136
-0.017142447411291645,0.1261951569186828,0.1670093828887524,0.015925217629730974,0.0278921339728819,0.3634454627509102,0.6365545372490897,-0.0651149660032257,0.028243622187565876,0.0633417881825965
-0.06945855104308588,0.23925210277213158,0.23542191379775804,0.05724156868088661,0.05542347749619902,0.5080685680536177,0.4919314319463823,-0.09065191925017609,-0.0029305092602643773,0.11271088634951645
-0.07385171159766808,0.21179348792476324,0.2867545121580275,0.04485648152733683,0.08222815024298834,0.3529654286476126,0.6470345713523874,-0.055451922214609164,-0.11706766938165244,0.0004026523565276094
-0.10616182367950645,0.26410206735447783,0.23975670102218719,0.06974990198090915,0.057483275685042454,0.5482052972380855,0.4517947027619144,-0.08950808764400774,0.02459657673371452,0.03694884091264351
-0.10399798936650057,0.24012611463724895,0.21129202847164236,0.05766055093078122,0.04464432129566132,0.5636149058781367,0.4363850941218632,-0.06204084075654124,0.06204325760369352,-0.07030510960833891
-0.12108053552922704,0.24012150425036205,0.1780375326059479,0.05765833680345664,0.03169736301641396,0.6452675869551501,0.3547324130448499,0.08167416589208165,0.022863107153199058,-0.00485765199236584
-0.1811680671918255,0.23931299121169847,0.2138914909337273,0.05727070776269047,0.04574956989385275,0.5559168453576089,0.44408315464239106,0.018005438424885924,-0.07283481863965828,-0.028899189683851974
-0.2157146330578816,0.22157109146685144,0.20988199735290225,0.04909374857381185,0.044050452812843664,0.5270725159799948,0.47292748402000506,-0.09133518628391996,-0.06444984123306884,0.03417481696055673
-0.22521109444244897,0.22579778632510272,0.19946085479003364,0.050984640309316744,0.03978463259357089,0.5616949291184062,0.4383050708815937,-0.11660350090041989,-0.05520937338809164,0.14295606343240563
-0.0982150097530701,0.13329055848883947,0.2007614753803485,0.017766372982266736,0.04030516999689428,0.30593939941706394,0.6940606005829361,-0.061000897539294,0.10206317999098989,0.10782075169558956
-0.1365944900165214,0.16174190806163435,0.17884342036047543,0.02616044482341818,0.03198496900623372,0.4499141566015886,0.5500858433984114,-0.05196935753607214,0.01963566912633316,0.03785583645343614
-0.11643277071595157,0.2593272547716976,0.18165773502633645,0.06725062506742496,0.032999532694898664,0.670828122055079,0.329171877944921,-0.05146350568793151,0.0470600406649651,0.08030918805178647
-0.1991895310595597,0.2555248610280749,0.15616009339196352,0.065292954603417,0.02438597476818677,0.7280746442997966,0.2719253557002034,-0.010996544541293493,-0.00467514045305705,0.014266071750948302
-0.12480308551551703,0.19532927765290323,0.14872317164890445,0.03815352670840496,0.022118581785309496,0.6330212707322798,0.3669787292677202,-0.08337762161069681,0.009621699681098023,0.09474525231800329
0.0025156123255880916,0.18199369483582747,0.21021073531731857,0.03312170495999629,0.04418855324264776,0.42842574491445057,0.5715742550855494,-0.1145836073518975,-0.016674235684351477,-0.061705416771148526
0.06382157770783048,0.20795475295237925,0.3005512595433979,0.04324517927548509,0.09033105961312292,0.3237490412613589,0.676250958738641,-0.10529195134350654,-0.023976616752592307,-0.16420674021624548
0.07225484304530397,0.20814027930448553,0.26632017368305755,0.04332237586894925,0.07092643491057393,0.3791932325015844,0.6208067674984157,-0.2429336806292471,-0.1118931079998971,-0.19234375714845917
0.07109942445567137,0.21923628242552065,0.2304036084945093,0.048064547531762654,0.05308582280729112,0.4751791552581703,0.5248208447418298,-0.24648215975421295,-0.06303651651145192,-0.1958067301333813
0.13065402798818704,0.27285753942698254,0.2371661364891118,0.07445123682214733,0.05624777629717201,0.5696388598908425,0.43036114010915755,-0.33661295395381224,-0.09070665829418251,-0.15832014323315569
0.0167322042717081,0.15503827877474136,0.19487463643402972,0.024036867885434417,0.037976123925295265,0.3876101955989726,0.6123898044010274,-0.1445658939282206,-0.13918555779732947,-0.13897621669604915
-0.003672451254255478,0.1601696149008591,0.1944683283960185,0.025654305537489503,0.03781793074914169,0.40418152941135504,0.595818470588645,-0.21240371651556741,-0.15211371397344753,-0.07001014521805052
-0.005381872127879144,0.15158446215910315,0.15288364928415826,0.022977849168064574,0.023373410218441505,0.49573300644240864,0.5042669935575913,-0.0974943014278085,-0.05728770155622944,-0.06229194369992417
-0.013979374741560552,0.21186584249975768,0.17715791452509524,0.044887135218132125,0.03138492667888095,0.588513462226068,0.411486537773932,-0.09304332464063109,-0.02736376886080789,-0.05408948583950095
-0.010840629482334677,0.21357166618440537,0.14979533988627441,0.04561285659678308,0.022438643851644475,0.6702696677694936,0.3297303322305064,-0.09774060958283753,-0.026593978404308275,-0.03484412409244165
0.01612796702671659,0.20659346535724823,0.20509514347215968,0.04268085992831653,0.042064017875865764,0.5036394061118129,0.496360593888187,-0.10211723745225332,-0.07444804008856364,-0.12285988527980266
0.01907572693888375,0.15770773690176895,0.2510404093716628,0.024871730278677576,0.06302128713749203,0.2829773173096449,0.7170226826903551,-0.05838867093280199,-0.07319675731969623,-0.0597273141856936
0.03291095987719119,0.1591390940111658,0.24639433713584902,0.025325251242694666,0.06071016937261443,0.294358428907225,0.7056415710927749,-0.03638392041461908,-0.05850323634845589,-0.002487612255105744
-0.03397024935057739,0.16711474264697918,0.19421590686618007,0.02792733720996608,0.03771981847985273,0.42541579930624956,0.5745842006937504,-0.0662007957668394,0.08162606007209586,-0.030437094693769623
-0.08407439032885158,0.16776200892558282,0.2127629094931502,0.028144091638747332,0.045268055655990416,0.38337104519982795,0.6166289548001721,-0.03597884728510201,0.06994782616128656,0.014822303750982233
-0.06524410978457615,0.1543890002253374,0.20007445154900044,0.023835963390579237,0.04002978616263333,0.37321981746599964,0.6267801825340005,-0.10955687632376479,0.04510499896224682,0.026879137058423097
-0.0532636535245669,0.10436117563859852,0.1395284842299181,0.010891254980670409,0.0194681979114985,0.3587434536239538,0.6412565463760461,-0.10508420545543755,0.07470982973395965,0.04658042982071764
-0.12329383790338637,0.09107759177973627,0.17821144500225042,0.008295127724396285,0.031759319129790124,0.2070962995592909,0.7929037004407091,-0.028750094732936674,0.03329661340782818,0.10006583965903165
-0.1594417644388592,0.11328385236074347,0.17949142117995304,0.012833231205690724,0.032217170277199295,0.28486385877303977,0.7151361412269602,0.005701753378303399,-0.04612955873619734,0.10237802898707896
-0.21492568833240772,0.10905533981898975,0.18471139649071763,0.011893067143035332,0.03411829999355109,0.25848106420594563,0.7415189357940544,-0.011772241000467289,-0.06198232915453454,0.11222309584462288
-0.24307654014342528,0.07242469809806118,0.1937349932105003,0.0052453368945953064,0.0375332475942726,0.122615952754591,0.8773840472454091,0.004059463305504182,-0.024079901083512045,0.15683238939544947
-0.24866170516661149,0.09220898776161532,0.15630361530326184,0.008502497424021723,0.024430820156870068,0.25817312219267424,0.7418268778073258,-0.02987180991410006,0.007555963375283553,0.05467955370768004
-0.2582924034896931,0.11378267969920201,0.17287765403057714,0.012946498199531198,0.029886683263115926,0.3022539479310275,0.6977460520689724,0.05634487557206478,0.04985282599186711,0.11750063511882576
-0.16513145307288346,0.09687257244101807,0.15861840205864491,0.009384295291340295,0.025159797471637928,0.27166136206644514,0.7283386379335549,0.01572778206507751,0.0693478650294934,0.09477345574398535
-0.12779921207846817,0.09340189625311958,0.23006348181708608,0.008723914223678512,0.0529292056658007,0.1414999636566195,0.8585000363433806,-0.014757310804926663,0.07675958821994076,0.007445439799745376
-0.04823456598279082,0.11983589354241199,0.286103061484833,0.0143606413811083,0.08185496179099414,0.14925480803172,0.8507451919682799,-0.03775695426637975,0.08005514395386679,0.09905408470103957
-0.09003572797858295,0.12847682021395493,0.17907271027132787,0.016506293332288896,0.03206703556391893,0.3398221556434762,0.6601778443565238,-0.029330321320735323,0.059654337195973434,0.08155998963828676
-0.11285779050307512,0.11853921437510624,0.21827489891757262,0.014051545344667394,0.04764393149747655,0.22775649146241525,0.7722435085375848,-0.04339283034305008,0.006752107281246412,0.176465006732636
-0.20425582165648648,0.14128043360285664,0.1482668825774135,0.019960160919011184,0.021983068469224522,0.47588517169852534,0.5241148283014746,0.07321120843513053,-0.05790341909420344,0.19000041375628507
-0.22163557671062584,0.14109716921254992,0.20876979689329514,0.019908411159794945,0.0435848280948677,0.3135516693351405,0.6864483306648596,0.05631771234762163,-0.06773167247206109,0.2801632265465018
-0.18027400315524222,0.15815262938169558,0.22337449657805425,0.02501225418034396,0.04989616572149917,0.33390444242608475,0.6660955575739153,0.12683080651821604,-0.046540196758075594,0.3274232986051775
-0.28028830466238647,0.1388193336811301,0.2490908591748768,0.019270807403672947,0.06204625612447831,0.236983562459822,0.763016437540178,0.05780297222811574,-0.08120753503271325,0.321816978536259
-0.29282133940625943,0.17725173665674662,0.2150736032025058,0.031418178147832654,0.04625665479450891,0.40448336942230095,0.5955166305776991,0.10659906778698734,-0.09899419121637808,0.2781338031164703
-0.33470854486173984,0.1884615706414717,0.17682264099918985,0.03551776360865043,0.03126624636992837,0.5318303531046259,0.46816964689537394,0.12630710115717042,-0.018752703698529275,0.24679777781420048
-0.3259774331367005,0.15240567941380695,0.29011561423936455,0.023227491117584098,0.08416706962548379,0.2162818205770574,0.7837181794229426,0.2006919088604749,0.030731032572614086,0.1596882932149575
-0.2975220833913227,0.15970923226990544,0.2821006019494577,0.025507038872242604,0.07958074962024637,0.24272124514320412,0.7572787548567959,0.20065398526082182,0.11747221092064977,0.1101406472973334
-0.3852553806724412,0.10878390263227122,0.2637797981389672,0.011833937471907465,0.06957978190623428,0.1453555685982415,0.8546444314017585,0.1645560894396359,0.05023416862486284,0.1813395470946976
-0.38637852497832664,0.1662843091975445,0.20724719042134263,0.02765047148530458,0.04295139793754025,0.39163936750317335,0.6083606324968267,0.10694732833512156,0.03349294404919534,0.0957896438208453
-0.3481331785733663,0.144264671927252,0.22207943538884345,0.020812295566277655,0.049319275622627494,0.2967607200788077,0.7032392799211924,0.08297552438179656,0.03479264496642663,0.103375102105435
-0.3087664357216557,0.19940009430531527,0.24359185011102016,0.03976039760896862,0.05933698944050971,0.4012254893170559,0.5987745106829441,0.1451520906372399,0.14908120929326601,0.06920638613482069
-0.2959709788791748,0.259553792170913,0.17186665427039907,0.0673681710303015,0.029538146850100883,0.6951886368589962,0.3048113631410038,0.07795382015846872,0.19809557668999822,0.09691913761167903
-0.2646460180583493,0.3040222052192686,0.2127048660177383,0.09242950126638706,0.045243360027624004,0.6713705257348919,0.3286294742651081,0.05229134502504161,0.22412703150667213,0.14720046169631215
-0.18214589118767843,0.23919458800916044,0.18798744152064367,0.057214050932872,0.03533927816947743,0.6181738840490789,0.38182611595092103,0.06647513983444385,0.21724793013359772,0.15727793851741673
-0.16266334021339998,0.1552578615903038,0.22372504254359565,0.024105003585593934,0.05005289466113368,0.3250497135907924,0.6749502864092077,0.048302602324798896,0.16235577295411685,0.1330925661311964
-0.13118294435669123,0.1287955261104063,0.2509271164440757,0.01658828754605635,0.06296441776693874,0.20851946493574017,0.7914805350642599,0.010303908755087424,0.03402410683083927,0.06900816433675237
-0.11086602315567445,0.13183966833876834,0.17168923701460567,0.017381698147676435,0.02947719410665744,0.37093702628168385,0.6290629737183162,-0.06557018944770959,0.06072774435972447,0.00413543196219344
-0.13230381153390178,0.08672184302949106,0.17811116841678254,0.007520678058431686,0.031723588314791475,0.19163762642185958,0.8083623735781404,-0.01664761821780409,0.016529953520356716,0.01245296441810257
-0.036207411140912235,0.0725982939996722,0.19161814391509463,0.00527051229166284,0.036717513077465916,0.12552417612708047,0.8744758238729196,-0.12587803864530767,-0.03518895642304757,0.028409308515677686
-0.006392480285915452,0.09541817283767577,0.16386271481162362,0.009104627707680566,0.026850989305435495,0.25321850837267895,0.7467814916273211,-0.1126571701336122,-0.023082732930647235,0.03699105632613235
-0.0402625003225533,0.07887546965777524,0.132655016267377,0.006221339713734623,0.017597353340898056,0.2611956793542283,0.7388043206457716,-0.0801771922693548,-0.017505996978787394,0.07391484094304962
-0.0883499973246254,0.1131691171840392,0.17523553743386483,0.012807249084214796,0.030707493579735443,0.2943197707296786,0.7056802292703215,-0.054338070210818754,-0.008913177332374738,0.01657586928525455
-0.05941301228786208,0.10961167466652816,0.15779811889061046,0.01201471922320081,0.024900246325415234,0.3254701459053982,0.6745298540946019,-0.07020507689553959,-0.1316359854209974,0.17347437364032714
-0.1102427458526967,0.091107142973146,0.15768646673486786,0.008300511500729265,0.02486502179132659,0.2502752308438679,0.7497247691561321,-0.05573471434014436,-0.09977947318272698,0.09152494399212824
-0.14492291090926449,0.12383636871115145,0.20326536941168694,0.01533544621556425,0.041316810402069554,0.2706943576681971,0.729305642331803,-0.14406018464685916,-0.0562973585497141,-0.012558042500018664
-0.17023279486849385,0.11485234483997307,0.25165761865956077,0.013191061115240089,0.06333155702940091,0.17238120486555622,0.8276187951344438,-0.03628308901860234,-0.07447035461177451,0.058065017020812966
-0.11411254288413597,0.08011648922516687,0.2544356870543919,0.006418651845766279,0.06473751884684045,0.09020513306561606,0.909794866934384,-0.08240320772172077,-0.014541984096602754,0.012332626120729039
-0.14736039734562914,0.090124875746074,0.16101209207035533,0.008122493228245278,0.02592489379287258,0.23856436393216637,0.7614356360678337,0.011013492908677973,-0.026403154448972795,-0.007572591240025309
-0.19111103239637195,0.0672363047661596,0.2163265196898243,0.004520720678607897,0.04679716312111194,0.08809249999963126,0.9119075000003687,0.0405503106421843,0.05257623518704711,0.014266183047845955
-0.2130259455164484,0.0774701474596396,0.22142822866535833,0.006001623747418303,0.049030460449878216,0.10905681358354107,0.8909431864164589,-0.03768150273027939,-0.009750965553164091,-0.001382606074109824
-0.18260091387637337,0.04153726821740325,0.19286041445508423,0.0017253446509644982,0.03719513946378686,0.044329989469749954,0.9556700105302499,-0.07505226872714332,0.011030942108639405,0.03519320026673282
-0.1669224149670333,0.042334197121053636,0.24971431996023064,0.001792184245884226,0.06235724159320044,0.027937650609372908,0.972062349390627,0.023868729230237695,0.05682227899333428,0.05099589485794029
-0.13719424491865442,0.034463006534960865,0.22492732503140106,0.0011876988194287554,0.05059230154578154,0.022937404616681714,0.9770625953833183,0.05419176642356324,-0.025093323944371956,-0.01139894006995882
-0.1112430404235231,0.03391060730203716,0.19840595300944538,0.001149929287592976,0.03936492218958625,0.02838290764167544,0.9716170923583245,0.029950481320625586,-0.007794526752552967,0.018281604024965828
-0.05143898173112018,0.029463977347721486,0.21430940299638462,0.0008681259611470448,0.04592852021266679,0.018551029446055158,0.9814489705539448,0.00860903068715723,-0.02356028266709038,0.013406517404943596
-0.029931823428557762,0.033220660947122616,0.17848469842888473,0.0011036123137636777,0.031856787573249924,0.03348297707390683,0.9665170229260931,0.04656643575067333,-0.0393669067510006,-0.0031241454150381237
-0.0982092075599287,0.027176074173590033,0.21128267110768667,0.0007385390074884672,0.0446403671103989,0.016274940730608565,0.9837250592693915,0.01230809719197442,-0.010020749532855373,0.04307731644157505
-0.08756519830341242,0.020312943760580095,0.1996730370712996,0.0004126156842204898,0.039869321733276585,0.010243193616632349,0.9897568063833676,0.01230809719197442,-0.010020749532855373,0.04307731644157505
-0.11308777707902087,0.019426721582243876,0.18248145102499383,0.00037739751143402,0.033299479968187225,0.011206428258154072,0.9887935717418459,0.01230809719197442,-0.010020749532855373,0.04307731644157505
-0.10086534018169895,0.025396317701795804,0.23500638407815638,0.0006449729528105469,0.055228000557489956,0.011543558759972608,0.9884564412400274,-0.005146285421311514,0.008698128500895262,0.028545146695338516
-0.058770793254121594,0.02114427259981188,0.22637462656281898,0.0004470802637751554,0.05124547155145575,0.008648833305293042,0.9913511666947069,-0.005146285421311514,0.008698128500895262,0.028545146695338516
-0.0903710064987012,0.029485340842072463,0.2208691543112649,0.0008693853245731864,0.04878318332617334,0.017509372590336577,0.9824906274096634,-0.005146285421311514,0.008698128500895262,0.028545146695338516
-0.11163186269253059,0.0328411671721385,0.2705731618548909,0.0010785422612283476,0.07320983591615299,0.014518317503890973,0.985481682496109,0.026862108834682857,-0.01169320625368311,-0.022798631177476533
0.04428851565286977,0.033570844746514186,0.24671203092660748,0.001127001616994559,0.06086682620393133,0.018179255203437234,0.9818207447965627,-0.06757568042352541,0.03483226989296101,-0.04243601295216406
-0.07403669000090274,0.03600314570720766,0.2338404574146688,0.0012962265008144255,0.05468135952390153,0.023156170047098825,0.9768438299529012,-0.057973603145564545,0.06925875725651837,-0.017192864309638102
-0.03258785892512887,0.02949010471940342,0.26998246082803895,0.0008696662763613798,0.07289052915476359,0.011790455153734615,0.9882095448462653,-0.004534057013615713,-0.0628376805052311,0.03345153522577671
-0.07354173796285005,0.04127183697822091,0.16921342547392945,0.0017033645275568432,0.028633183360621078,0.056148924189908904,0.9438510758100911,-0.02987182496283396,-0.05702705089949418,-0.03614662045664632
-0.03986694315743234,0.05012932973777629,0.169605960537009,0.0025129496999587025,0.028766181849681452,0.08033949714910203,0.919660502850898,0.034192962690124534,-0.07034781564211043,0.0026931426536005026
-0.12086253915521572,0.040026155115062446,0.1818820284859867,0.0016020930932950396,0.03308107228617728,0.0461922398306603,0.9538077601693398,0.009681501100764343,-0.03360677681307875,0.005973524925850187
-0.15800993445992928,0.0556746350485301,0.1622772452753939,0.003099664987787016,0.02633390433417035,0.10531053688669263,0.8946894631133073,-0.015546054082616126,-0.02402305749007557,0.0020426186125714133
-0.14852505358147042,0.04723621276655106,0.18561170037998662,0.002231259796526881,0.034451703317949924,0.060825506095670945,0.9391744939043292,-0.007446207183048846,0.006249101583364364,-0.004422403355857724
-0.23420600232178354,0.0530923779422012,0.22869808456004362,0.0028188005955575328,0.05230281388143286,0.05113784533169279,0.9488621546683073,-0.00011734487037829647,0.012968153435343913,0.07140570132648244
-0.1385933796158239,0.062025344576564286,0.2486840508595091,0.0038471433698415327,0.061843757151894906,0.05856432685937305,0.9414356731406269,-0.008812354887941768,0.03526551098494181,0.07933098258289087
-0.1923590810740308,0.07327380874357707,0.2454545790310497,0.005369051047790311,0.06024795036730982,0.08182408418551655,0.9181759158144835,-0.0020373542279425406,0.04100765579780653,0.051228397993782586
-0.10469037570733929,0.06367185867355163,0.21628048994065308,0.004054105586944732,0.046777250328968935,0.07975599930190967,0.9202440006980903,-0.007809455422760789,0.017952641563454365,-0.03983764472522203
-0.03631969658089944,0.05677338708104442,0.16425323234840214,0.0032232174806541016,0.02697912433689818,0.10672078013437053,0.8932792198656295,-0.017700127147839022,0.09455135334057219,-0.062225094857603136
0.027630325069289467,0.06009946438920713,0.1889744140388973,0.003611945619869576,0.03571132916134459,0.09185261502165389,0.908147384978346,-0.0959041317901134,0.14282592618562165,0.016706539664279218
0.025058507846370207,0.06559444443993388,0.2363710514022333,0.004302631141383573,0.05587127394099722,0.07150327264772124,0.9284967273522787,-0.07274658262540559,0.09906467916261426,0.006118379054322876
0.02527162180814394,0.06813272640624507,0.20650975399576568,0.004642068407548244,0.04264627849539166,0.09816516566071054,0.9018348343392895,-0.09164111988237586,0.053386053116047855,-0.025235612018825286
-0.013951356610141012,0.0637969311012134,0.2689297337736616,0.004070048417932969,0.07232320170757249,0.053277592081058735,0.9467224079189412,-0.028904069086323043,-0.01723714943679014,-0.05405351881338126
0.05658756375096303,0.12102001539371711,0.24833151596534744,0.014645844125895527,0.06166854182164761,0.191914590467422,0.808085409532578,-0.027970697366030417,-0.014595923159886191,-0.06801250111767922
0.04902709165772129,0.14749794281303968,0.24049108205652808,0.021755643134078725,0.05783596054871972,0.27334093205085924,0.7266590679491408,-0.14498403535177495,-0.015249290488969273,0.02959198982581737
0.020510759062667652,0.13481810679325082,0.29430661464018054,0.01817592191931638,0.08661638342096373,0.1734471043488907,0.8265528956511092,-0.17323679341965476,-0.10658546578933044,0.06433791609608933
-0.0016497064421358391,0.13056275892681474,0.25200013174250985,0.01704663401858154,0.06350406639824233,0.2116261426700291,0.7883738573299709,-0.09602465807269091,-0.02767929871398432,0.02255440647992081
-0.001158088107340553,0.14206251459314412,0.23755856415403537,0.020181758052527286,0.05643407140292694,0.2634149913401552,0.7365850086598447,-0.10029611329282971,-0.15076978770392477,0.024740825749676714
0.013599910501430296,0.10769515965268615,0.23496811601737538,0.011598247412617559,0.05521001554475478,0.17360498386281847,0.8263950161371815,-0.11264272601996357,-0.1907501071535704,0.016877270557989828
-0.10289085573927934,0.14829286877945694,0.22084085592535443,0.021990774930841235,0.04877068364584315,0.31077334149365743,0.6892266585063425,-0.04851959751152181,-0.16321658049737994,0.013888748569287056
0.029676323242126865,0.19283390425388022,0.1819910075736081,0.037184914629794646,0.03312072683765708,0.5289037103375204,0.4710962896624797,-0.14241274035986812,-0.20060120456533112,-0.15618200143970762
0.058317197341421496,0.2461351169941114,0.22361865665144132,0.060582495817704904,0.0500053036025952,0.5478226000994468,0.4521773999005531,-0.14073451030320125,-0.1400509556657682,-0.1152139824002811
-0.03076030968978951,0.3345666022514374,0.2266532898711773,0.11193481134207153,0.05137171380942793,0.6854276719085757,0.3145723280914243,-0.10634898755401365,-0.17811337973547248,-0.21398195952259727
0.016139309618589746,0.24753534765604523,0.12018258850791257,0.06127374833919918,0.014443854580462238,0.8092404668992548,0.19075953310074528,-0.14918631162685192,-0.05267892370306473,-0.18861535909260269
0.046962801481469404,0.3175595171222195,0.11964020494655463,0.10084404691489723,0.014313778639653595,0.8757029444527581,0.12429705554724188,-0.16305776062184324,-0.11264975794543182,-0.15265600207704383
0.040797452232989306,0.33569414857248076,0.1139082823743469,0.11269056138580279,0.012975096793473948,0.8967490642911887,0.1032509357088112,-0.16703566703382042,-0.1704517554728871,-0.08947883222458354
0.0503817055293127,0.3226142841931837,0.13695995861197982,0.10407997636548032,0.018758030262995225,0.8472945729270174,0.1527054270729826,-0.16466066490970035,-0.1554250581802596,-0.09284317810091756
0.048610351004722906,0.2883334946402711,0.11853276615552584,0.08313620413147123,0.014050016652480572,0.8554320094027092,0.1445679905972908,-0.15974505664971111,-0.31153587234270136,-0.10105929413359552
0.04948505377683628,0.3307000158978436,0.11330914175599566,0.10936250051483401,0.012838961605480318,0.8949361048328569,0.10506389516714314,-0.19384777340885415,-0.24086431019089877,-0.10146020062943296
0.058333982827212055,0.4266220973026325,0.14469451830803767,0.18200641390689684,0.02093650362839505,0.8968355048667604,0.10316449513323953,-0.24438855868009746,-0.12328505921915217,0.013908169399056501
0.0814035771991623,0.3636850095969486,0.14548173450371393,0.1322667862055326,0.02116493507420911,0.8620563277418982,0.13794367225810178,-0.26779518771411787,-0.05254494975847121,-0.09972396608802539
0.16382334465158818,0.47611880533418593,0.14747737706793124,0.22668911679285245,0.02174957674683677,0.9124549544317976,0.08754504556820242,-0.35692087055371186,-0.058872903055110525,-0.26097913117486937
0.16963805263624085,0.5029069511147164,0.15814014534169651,0.25291540147949976,0.025008305568692896,0.9100173719100675,0.0899826280899326,-0.4082480486521469,0.048601757198597786,-0.21429472613605133
0.23081289775938435,0.7619433244568868,0.18327764026640217,0.5805576296844127,0.03359069342162072,0.945305242792593,0.05469475720740713,-0.4414691530745583,0.002414864410880055,-0.1441865433730961
0.1338570107147509,0.7792987131306564,0.22193899087827582,0.607306484287097,0.04925691567206739,0.9249776705872869,0.0750223294127132,-0.44664790117072856,-0.11234085967897359,-0.12495061182153822
0.16146363794182156,0.7965420615826918,0.2273523506964595,0.6344792558704048,0.05168909136720591,0.924669956614442,0.07533004338555811,-0.3383707848820931,-0.25767285988512517,-0.05202734209363652
0.13644481667886105,0.6783456062153006,0.2168912159178249,0.46015276147160367,0.04704179954231254,0.9072509779121589,0.092749022087841,-0.36784094915386495,-0.3976019912293574,-0.05125208006258207
0.04738399220087189,0.5595447971320137,0.22855552927056874,0.31309037999750633,0.05223762996014981,0.8570117030823766,0.14298829691762338,-0.34213898969422224,-0.3175065492485752,-0.06378902476485313
0.0729140265303702,0.5251107642512809,0.21982238979446692,0.2757413147325643,0.048321883054950554,0.8508874707623086,0.14911252923769133,-0.2400698287301878,-0.3465742614024885,0.04246043733429698
0.1623006271524293,0.3258481062941916,0.2140605990087579,0.10617698837551078,0.045821940047988244,0.6985377428430333,0.30146225715696673,-0.2910703876536284,-0.30464261591185504,0.043221703884312256
0.09624746982430907,0.30158490634867596,0.1588226655811131,0.09095345573733965,0.02522463910229009,0.7828795597215659,0.21712044027843416,-0.4180011769726175,-0.2914308290787512,-0.06277289476327745
0.0938053708532861,0.41232378130805175,0.17909505000226075,0.1700109006321701,0.03207503693531228,0.8412802131538644,0.15871978684613566,-0.331217862104092,-0.2854548320331593,-0.1297778622184719
0.05168901300303179,0.3640010613038387,0.18321563640581687,0.13249677263032092,0.03356796942358849,0.7978621529867468,0.20213784701325313,-0.3389423987371136,-0.3789545976860051,-0.09711455497969038
0.07776655747989793,0.46051281945195066,0.1658621648443537,0.2120720568795849,0.02751025772685556,0.8851740881957569,0.11482591180424312,-0.32834008988237284,-0.39058497415152865,-0.14754611197453268
0.07268976311379022,0.5103458900724109,0.19417577885871987,0.26045292751380134,0.037704233095390484,0.8735424196475658,0.12645758035243412,-0.17214529330918618,-0.3495377874425591,-0.10786311911485136
0.041834291819885724,0.6022085447728985,0.18890980928659135,0.3626551313974921,0.035686916044696315,0.9104113756660962,0.08958862433390383,-0.2634916156664607,-0.2178763426302049,-0.30303909272863905
0.05001945953384494,0.5220440216776128,0.1744351253221359,0.2725299605693358,0.030427612946149256,0.8995647720798965,0.1004352279201035,-0.22415235948295775,-0.29824476218310036,-0.29704340169471566
0.1691862043156095,0.41195833625960887,0.1717482866555878,0.16970967081378496,0.02949747396912996,0.8519256224405269,0.14807437755947306,-0.3376079612506917,-0.3256013105956552,-0.18669677748453634
0.16846036883830537,0.2245495149576906,0.2172946332693238,0.050422484667734115,0.047216957647649924,0.5164151235610812,0.4835848764389187,-0.21741284664326252,-0.35314898962132873,-0.18030898894423605
0.23563970718344487,0.1959240075585743,0.30792529377406064,0.038386216737812284,0.09481798654584155,0.28817571661811703,0.7118242833818829,-0.22893100525197224,-0.4212922807805465,-0.14730756655566138
0.18657548224383433,0.19297651611660263,0.2873351409769337,0.0372399357725014,0.08256148324023435,0.3108472009713218,0.6891527990286782,-0.1644199383432219,-0.2667287714140377,-0.08284022485758616
0.1975282905758881,0.12139280122667487,0.26383132612258764,0.014736212189658995,0.06960696864360319,0.1747172924245171,0.8252827075754829,-0.17050251320563112,-0.2883727574567394,-0.13515212500376067
0.21273003518863984,0.1502370542898964,0.35068646786365354,0.022571172481705277,0.12298099874268531,0.15507272953632834,0.8449272704636716,-0.16533077214679093,-0.1516114528800894,-0.15318049454399266
0.16223596467741774,0.1459118095552268,0.34160945584356167,0.02129025616768078,0.1166970203217343,0.15429144417756474,0.8457085558224352,-0.19519165114739617,-0.028402933710584305,-0.0933438862587446
0.18392451156524614,0.1350152857153818,0.3374006392096878,0.018229127376806178,0.11383919133910593,0.13802801121454622,0.8619719887854539,-0.16864905775205644,-0.03912545486230709,-0.07928105589680175
0.022961777035783445,0.09270753863649928,0.39299147701685766,0.008594687720038007,0.15444230100789136,0.05271618291712031,0.9472838170828796,-0.19740347394107594,0.0027474728808259373,-0.047995070328780746
-0.030559638377954917,0.08434191951103565,0.44083928510033504,0.007113559386806015,0.19433927528777448,0.035311289604323504,0.9646887103956765,-0.012983911136130927,0.05855135448489565,-0.09811544372017694
-0.023054449083320702,0.08159921640102132,0.41217959798785225,0.006658432117260706,0.1698920209974275,0.03771404717344651,0.9622859528265536,-0.00922991937452371,0.10970685748848927,-0.03026614123190749
0.029867782625454038,0.07149440577280086,0.3561278566032843,0.005111450056805901,0.1268270502488494,0.03874115625813891,0.961258843741861,0.0004366145431859633,0.09000563474138244,0.007212109924104856
0.15212422423609145,0.05072216210354608,0.24283491869893928,0.0025727377284584063,0.05896879773952045,0.04180489987606902,0.958195100123931,-0.073603993738524,-0.037549442607941644,-0.06790269961113113
0.11034267728280822,0.055228858070064106,0.24466689732748173,0.003050226763723285,0.059861890647856485,0.0484839310647944,0.9515160689352056,-0.10128151394584137,-0.029122791821726876,-0.05379119451430658
0.10449436820387345,0.053197520581615254,0.21522435002279613,0.0028299761960313787,0.04632152084273507,0.05757660227112388,0.9424233977288762,-0.13659759025610463,-0.058737446111884105,-0.09788862653118797
0.07457518026061932,0.06733907731373535,0.18321430268259795,0.004534551333465227,0.033567480707470614,0.11901074799877924,0.8809892520012208,-0.12913081616033056,-0.04983715105918346,-0.12726659183714154
0.022972173902660882,0.07738171301478138,0.2381520482625384,0.005987929509101985,0.056716398091642424,0.09549467697395257,0.9045053230260476,-0.0761639354983312,-0.05094397037482123,-0.06653205681384904
0.04401338019695618,0.10774018081674554,0.2610339744382782,0.011607946562425022,0.06813873581104367,0.1455602442251181,0.854439755774882,-0.08463107409494722,-0.18112951842673713,-0.10024855863632276
-0.006304957931133663,0.18234941304415211,0.23596065539999453,0.03325130843754679,0.055677430896794965,0.3739095897056766,0.6260904102943234,-0.08678626091884328,-0.16556278116383089,-0.13462818973949192
-0.003717683045214061,0.13991049338841413,0.33079556144899663,0.019574946160189476,0.10942570347435691,0.1517430045169889,0.8482569954830111,0.006035454991708466,0.054026452139239095,-0.18889949466756648
0.005471183025827657,0.17457551272926378,0.38537812237806846,0.030476609644685338,0.1485162972076455,0.17026713617109163,0.8297328638289083,-0.08821646543645047,0.022389892928320297,-0.06809195874614153
-0.032441214451887274,0.14694527334220142,0.43493516461021653,0.02159291335761429,0.18916859741451614,0.10245188164816278,0.8975481183518372,-0.10102647466120739,-0.040050033675635296,-0.01901222438122349
-0.056061539281397496,0.13525368616283145,0.48116886947199605,0.018293559620633705,0.23152348094895878,0.07322782937034113,0.9267721706296589,-0.14935750250197544,0.0038144137322808046,-0.11659051243823759
0.016678897338656094,0.11680773319174982,0.4038511473172165,0.013644046533395012,0.1630957491894321,0.07719849668035343,0.9228015033196465,-0.20624954551481786,-0.04824923331547019,-0.11282242895821815
-0.011737664030858047,0.13254252101751812,0.30686752814898133,0.01756751987767923,0.09416767983226584,0.157224580286991,0.842775419713009,-0.11863272722142983,0.05675048628631636,-0.1551264750659569
0.05313318982756643,0.17220086370194085,0.2765225986865346,0.02965313745969441,0.07646474758435427,0.27943581279805596,0.720564187201944,-0.17052552611468066,-0.01607012454816028,-0.11149042111322521
0.0746361476340307,0.19472416205709936,0.2830300760229974,0.037917499288839494,0.0801060239335837,0.3212706946341658,0.6787293053658343,-0.2090248900102896,-0.06677882606453278,-0.03163454918390362
0.0814106909691446,0.20628036718866286,0.20393735566142174,0.042551589887489576,0.041590445034173223,0.5057114428847079,0.494288557115292,-0.34041174613333147,-0.06801688787024981,-0.11743834825504754
0.01293963010171548,0.21393352960562934,0.17731899604342008,0.04576755508952268,0.031442026357846424,0.5927704079152497,0.40722959208475024,-0.3631927786838243,-0.12618338890517078,-0.14365263923040325
0.07234136782573447,0.15434356134747332,0.1878990360417453,0.023821934929421258,0.035306047745417096,0.40288766590304415,0.5971123340969559,-0.33777710962778523,-0.06574168605801657,-0.12813524095138498
0.03871178124126448,0.1433691639771514,0.21983372162084602,0.02055471717950733,0.048326865161671624,0.2984065766331744,0.7015934233668256,-0.3007415116429866,-0.11124031999246997,-0.13759148626030768
0.03259510593929089,0.17171398697616166,0.17680195401711216,0.029485693323249417,0.03125893094426904,0.4854041601013917,0.5145958398986082,-0.2787183805782007,-0.1149263373313602,-0.08188982969739958
0.029220625983459057,0.18272553147889894,0.29988692405517425,0.03338861985424609,0.08993216721927386,0.2707460813912974,0.7292539186087025,-0.27296673236054353,-0.06146237145932107,0.004403748814289564
-0.02292978310724883,0.2055789067861216,0.2839877678771667,0.04226268691537687,0.0806490523038555,0.3438458131325824,0.6561541868674176,-0.26347090440380466,-0.07076388140597363,0.014425433907952574
-0.0004184988480465182,0.21385934450318328,0.2216051231211838,0.04573581923133123,0.04910883059355503,0.48221823071490344,0.5177817692850966,-0.2331901673870952,-0.11222110210498171,-0.01739366168742959
0.016971210362147188,0.14635051908698185,0.16212932439754352,0.021418474437029038,0.0262859178296039,0.4489832784644925,0.5510167215355075,-0.12776388947263304,-0.13469583642385632,0.05644840516185131
-0.050033168950308925,0.15848405507082236,0.17219792941274004,0.025117195711691454,0.029652126894035,0.45859971452459236,0.5414002854754076,-0.03306624494174529,-0.03784649809548351,0.07747520764642721
-0.03873167747019439,0.11677699927943848,0.19240520336935604,0.013636867560709975,0.03701976228360326,0.2692020294800734,0.7307979705199267,-0.12948720179465917,-0.0790210486319412,0.07182394098602697
-0.03790351403567903,0.1649151765037219,0.20822281374807547,0.027197015441253747,0.043356740165165726,0.38547934418928614,0.6145206558107139,-0.16519954927145067,0.068017563477209,0.08054527513312879
-0.013087741826477657,0.12803558763243392,0.24089400059887425,0.016393111700382663,0.05802991952453043,0.22026933639455246,0.7797306636054476,-0.11797446188166136,0.12454937753621231,0.010156382928619673
-0.06549699331033473,0.10024293937697723,0.19881517727036918,0.010048646894936333,0.03952747471304832,0.20269126686420572,0.7973087331357943,-0.022249431841657643,0.01575292365628977,-0.026654001019617086
-0.09269541645289409,0.09511688210700134,0.1638129615815853,0.009047221261757192,0.02683468638212994,0.2521388035314918,0.7478611964685082,-0.012033832866830602,-0.06264698712506846,-0.011243824535337135
-0.037345586332765815,0.137788718853925,0.16299701310160172,0.018985731043405986,0.026568026280043722,0.4167764013097708,0.5832235986902292,-0.0669419895009466,-0.04396424270778887,-0.05876766829260828
-0.016648170325693205,0.11301532075920315,0.24002388729361357,0.012772462726305573,0.05761146647153731,0.18146845269753742,0.8185315473024626,-0.12034926353915107,-0.11416243771600774,0.0624056203998974
-0.08759623127851449,0.08043277790526904,0.37666522177354317,0.006469431761558335,0.14187668929371247,0.043610387083515,0.9563896129164849,-0.11923942705948182,-0.10075733750030078,0.00048307403263931053
-0.09133496456018683,0.09561225395662845,0.2876840063411151,0.009141703106666814,0.08276208750447474,0.09947035966499689,0.9005296403350032,-0.13051630283301466,0.010475691718443498,0.06748682435172282
-0.08922763493540861,0.049204844227869804,0.26671578998289563,0.0024211166954889326,0.07113731262620009,0.03291419783993479,0.9670858021600652,-0.008695805565733693,-0.055702957808745374,0.0219472240632817
-0.04078068026697689,0.06770640050895932,0.2856670930238698,0.0045841566698796065,0.08160568803670827,0.05318673778198859,0.9468132622180114,-0.06087931062482886,-0.04792984927078376,0.027734384366701732
0.017840325416269755,0.06544522659919401,0.36481279016452045,0.004283077684619851,0.13308837186762243,0.031178805338230045,0.9688211946617699,0.03049874191074251,-0.032801009741120914,-0.01488572310886091
-0.00015091484073493332,0.05562351197328885,0.32089597692723076,0.0030939750842426082,0.10297422800808181,0.029169675680746045,0.9708303243192539,0.007760901792749915,-0.02905467218398068,-0.07890693442668512
-0.010929959879584533,0.040693464776487255,0.32771957690133197,0.001655958075515209,0.10740012108438804,0.015184463702267932,0.9848155362977321,0.011107127813313612,-0.0362603268014187,0.040677071970966476
-0.04346164171710326,0.06188185339041159,0.3268095066555985,0.0038293637790323947,0.10680445364047568,0.034612958933812964,0.965387041066187,-0.010680505224357902,0.0330493057403429,0.050545654724175736
-0.1031868104932436,0.06664974263351488,0.26887176825321807,0.00444218819311377,0.07229202776361221,0.057890579029554794,0.9421094209704451,-0.0713427969389862,0.05824719113410852,-0.008458351831101742
-0.09850215395069252,0.0828857271156631,0.1800259152192766,0.006870043759492169,0.032409330150538165,0.17490206883714718,0.8250979311628528,-0.07576970820538194,0.15813525953965216,-0.005133347084351619
-0.056909506861319015,0.11259577731924753,0.20693834051174378,0.012677809070125575,0.04282347677375442,0.2284237000524111,0.7715762999475888,-0.05850423442987766,0.17803312221066345,0.0800260744936938
-0.11424665480535046,0.10126982624604329,0.2577258451474796,0.010255577707903798,0.06642261125698264,0.13374830373993546,0.8662516962600646,-0.17156248096916862,0.008296845443255596,0.03925391638115926
-0.08109570867866756,0.07389728267796078,0.2443630592290312,0.005460808387186442,0.059713304715771014,0.08378799690852476,0.9162120030914753,-0.15894812530101932,-0.06371181470155858,0.0087674810140539
-0.025871532654306372,0.06204230091965387,0.21875684527776953,0.0038492471034048833,0.047854557355881996,0.07444804388496973,0.9255519561150303,-0.11241167721220906,-0.10027643996318922,-0.01565172949699823
-0.05134159069959223,0.08014879467177692,0.17574448454476474,0.006423829287338656,0.030886123847905053,0.172174681218524,0.8278253187814759,-0.00874679598465455,-0.06147612026168711,-0.07806503672680298
-0.04780220777844337,0.06868934756062291,0.2355413329582321,0.0047182264683040525,0.05547971953174075,0.07837852919932752,0.9216214708006725,-0.026849821251891108,-0.1133498288928704,-0.05951367555025209
0.05302225770781285,0.06724860135880556,0.25051377271375475,0.004522374384715545,0.06275715031927877,0.06721769222675641,0.9327823077732436,-0.07122577056433704,-0.13158111495638883,-0.10565928558933205
0.07499953817531983,0.05641515943847318,0.194637733418189,0.0031826702144683496,0.03788384727017,0.07750036792525401,0.922499632074746,-0.00243006742126272,-0.20949147778369592,-0.06894203310359094
-0.0028727787028204506,0.054562881786617945,0.19956896402189347,0.0029771080688604443,0.03982777140077181,0.0695506705251335,0.9304493294748665,-0.022817779870812523,-0.17195583192904154,0.009635375426803412
0.00026186261510944414,0.052466163058923224,0.23254511007181136,0.00275269826612552,0.05407722821831086,0.04843747716054819,0.9515625228394518,-0.06778445482299489,-0.09154517241001571,-0.014180346640777925
0.02285124109016934,0.07656495991445776,0.19076512075493282,0.0058621930867025236,0.036391331296644104,0.13873855902569368,0.8612614409743063,0.02807473535694277,-0.03707367064275415,0.01975659642154782
-0.05268629064078145,0.05569487325374419,0.20730009462644808,0.0031019189067506303,0.04297332923213433,0.06732289096741255,0.9326771090325875,0.03908046824682592,0.015466603867410077,-0.03607534738237779
-0.0508948042972209,0.046382506778590994,0.15784622377644292,0.0021513369350660396,0.024915430360482892,0.07948259618797632,0.9205174038120237,-0.035805013693301344,0.05252501168078203,0.027643356046496727
-0.07509729779862614,0.05103299550307294,0.18788004087355611,0.0026043666300166633,0.03529890975864912,0.06871085769238269,0.9312891423076174,-0.06520147793733047,-0.07596010713317254,-0.030535748982046175
-0.15549318295027825,0.089768578720032,0.23404938187338142,0.008058397725414581,0.05477911315531193,0.12824183536980693,0.8717581646301931,-0.07452790296450532,-0.05314435946504611,-0.029362312325487215
-0.2191157224531234,0.08655891109960324,0.21538872053231845,0.007492445090749018,0.046392300932549174,0.13904575308770134,0.8609542469122986,-0.03971092437683029,-0.1055805624772285,0.03612643230208213
-0.18762103451013445,0.054521265914838433,0.31196937645115597,0.002972568436956523,0.09732489184332306,0.02963752450610145,0.9703624754938985,0.00014405113470178366,-0.024073528760198783,0.1409566343578647
-0.12718854702205204,0.07755142530648877,0.2641066535696917,0.006014223567067907,0.06975232445978115,0.07937834999341231,0.9206216500065877,-0.0026661763128559735,-0.03316773077933535,0.04440471499947246
-0.04251194079358803,0.07165688525822984,0.2986365652226878,0.005134709204911118,0.08918379808800465,0.05444010250252109,0.9455598974974789,-0.047449422772203584,0.05977275122817334,0.03115799060509546
-0.08927134111944697,0.0451189098246043,0.33746524010613194,0.0020357160237607745,0.11388278827988928,0.01756161396310109,0.9824383860368989,0.03920661061607596,0.01639364461770268,0.025759323083695995
-0.17248696638910815,0.04563555043634893,0.22443420667356456,0.002082603463628547,0.05037071312519229,0.03970394245904374,0.9602960575409563,-0.053341424574726765,0.000874921449688381,0.04706023351014943
-0.19017236123775552,0.08413599404251129,0.21018215683129748,0.0070788654935214955,0.04417653905025613,0.1381096404667996,0.8618903595332004,-0.04359334469612061,-0.08719372697692304,0.020477612527211694
-0.12033585864698655,0.0643024154002107,0.18150928403103733,0.004134800626301254,0.03294562018945978,0.11150899950260965,0.8884910004973904,-0.061637254948048795,-0.08033263847506122,-0.001741521894244008
-0.08188043717799,0.05877327224170279,0.22502548635969255,0.003454297529997312,0.05063646951141618,0.06386113044676552,0.9361388695532344,0.07027800130753775,-0.055193557620137626,0.005157528493733299
-0.07060989748935316,0.05197585218257706,0.2028002103835329,0.0027014892101051005,0.04112792533160521,0.0616364429767645,0.9383635570232355,0.04285905393526174,-0.06225452417874144,-0.012443955837729108
-0.07366259501320067,0.04682926632387594,0.17941150305464884,0.002192980184432501,0.03218848742832827,0.06378378634478567,0.9362162136552143,0.013899114106816025,-0.007471379496915816,0.027028381333714418
-0.15792265822842264,0.04881827140731462,0.22180632870668515,0.0023832236231982325,0.04919804745433806,0.04620327443299724,0.9537967255670028,0.02165585391221196,-0.008794825880386527,0.02529217928994051
-0.2406778161815696,0.07571989650702105,0.15515750542116635,0.005733502727033978,0.024073851488519267,0.19235195064855107,0.807648049351449,0.02767493672821392,-0.0029367460886099515,0.08711664385544732
-0.26500342911815566,0.08357804587790309,0.18367713914126507,0.006985289752768873,0.03373729144311965,0.17153357050643267,0.8284664294935673,0.007832264843030345,0.04530424961214859,0.07259744156113569
-0.221240862001351,0.05495241526259161,0.2286832371729427,0.0030197679431923116,0.05229602296389636,0.0545914266735239,0.9454085733264761,0.03257758075269661,-0.00016875042712057378,-0.005117623299335634
-0.20705821283227538,0.06971544961801963,0.26803770990007686,0.004860243915442634,0.07184421392847776,0.06336325230708684,0.936636747692913,0.026957704993685397,0.012399165329726847,0.06575711311609123
-0.17806949103229266,0.10141975209046916,0.278727260304059,0.010285966114092224,0.07768888563660666,0.116919391273774,0.883080608726226,-0.02700504773011722,0.0027256752669886156,0.044017938748664054
-0.11106446487843533,0.09387228165560065,0.2609723883188884,0.008812005263228418,0.06810658746486468,0.11456274680399858,0.8854372531960013,-0.051150239046739536,-0.0963141607878862,-0.09459532429016493
-0.09599180779035543,0.128739141084493,0.2828153126701352,0.016573766447172993,0.07998450108070634,0.1716452342352522,0.8283547657647478,-0.09355291540487454,-0.0899335240021274,0.05462096617502413
-0.12734256575471709,0.12157638767153997,0.2453360631900652,0.014780818039260577,0.06018978390159967,0.19715485345736275,0.8028451465426372,-0.1317857457331445,-0.07841044127931565,0.0061053078340594785
-0.09551125933920895,0.09688231628859477,0.28792775409514787,0.009386183209443316,0.08290239157827595,0.10170471513980217,0.8982952848601978,-0.08797610003371889,-0.08842647106675086,0.0421748926762515
-0.0706830473005604,0.10087414892759666,0.2214593277851525,0.010175593921866951,0.04904423386305162,0.17182748249157107,0.8281725175084289,-0.07121256874842816,-0.09218806945851395,-0.1318182777263454
-0.006285045907369339,0.1301927265014471,0.25770869113765515,0.016950146033880602,0.06641376948788334,0.20332713414181464,0.7966728658581853,0.010586281274450701,-0.06619688799001024,-0.1445615352161927
-0.01869797763012656,0.2239830151057885,0.15707032312434205,0.05016839105587988,0.02467108640638522,0.6703466239616028,0.32965337603839706,-0.009739737810768142,-0.10827558734530468,-0.0917805513671841
-0.11094586496801123,0.24057286289166316,0.19853998222329447,0.05787530235989096,0.039418124541226084,0.594853159183218,0.405146840816782,-0.08354602071963786,-0.07831425680056335,-0.03604331256834388
-0.22230893167537058,0.18357766546536192,0.20378118652895166,0.033700759257712334,0.041526771983147394,0.4479843841985314,0.5520156158014685,0.0029700413535480594,-0.17803937179071846,0.018661390084804975
-0.14078468225429328,0.13006413297353808,0.22585525158710085,0.016916678686158197,0.05101059466947262,0.24904103831154137,0.7509589616884588,0.012649231769541608,-0.11713201951962054,-0.011729023326933628
-0.1059313532097048,0.16733407030477035,0.2555553636231379,0.028000691084761827,0.06530854387655424,0.3000848854496587,0.6999151145503412,0.15412057621529135,-0.18033292110064292,0.09011271561655712
-0.05662469955027062,0.14811772544868462,0.22980087112868683,0.021938860592091915,0.05280844037150333,0.293507060579712,0.706492939420288,0.07500024028803806,-0.2193642885590118,0.15153059187092055
-0.15186453509330317,0.1842961582696641,0.2868546319487681,0.03396507395295709,0.0822855798704632,0.2921710359113211,0.7078289640886789,-0.14993061285621162,-0.2745683610488078,0.15945969211227337
-0.13470465120432845,0.1863710921550705,0.30985035338726596,0.03473418399107378,0.0960072414942136,0.26567083739638814,0.7343291626036118,-0.05179564279259244,-0.29225920806681027,0.199391783521569
-0.23101518523077957,0.1503447007196502,0.2540448039730093,0.022603529034481186,0.06453876242568474,0.25938644320379856,0.7406135567962016,-0.04232102033659735,-0.27006192316153266,0.13555378280573552
-0.1981510548491302,0.14548558529741662,0.2163411777927323,0.021166055529331887,0.046803505208746606,0.3114049186060732,0.6885950813939267,0.07022277392542788,-0.2648198202272602,0.15992776225831393
-0.21898924427045832,0.17166865436195566,0.23180761125399688,0.0294701268904446,0.05373476863528414,0.3541874153466343,0.6458125846533657,0.1262728255072544,-0.29308189690498254,0.03632489974522182
-0.2642987253539019,0.13142190745850132,0.22907535787265718,0.017271717760030884,0.05247551958448596,0.247633001931204,0.7523669980687959,0.04586702351948976,-0.33375356797210687,0.01071547296966293
-0.14007209287261665,0.10207141925389009,0.23649563943442953,0.010418574628503404,0.0559301874714997,0.1570274154143249,0.842972584585675,-0.020563020986932246,-0.227756812574508,0.022343487613344662
-0.01303090519142263,0.12773226502767804,0.29724884492983594,0.016315531529100983,0.08835687581212165,0.1558723253198316,0.8441276746801685,0.03352703368247898,-0.2817357396243811,0.10324345737729747
-0.08926952955548179,0.13225908497675784,0.18202167976089095,0.017492465558889253,0.033131891902976336,0.3455345694425062,0.6544654305574937,0.04242371459809758,-0.2572169132968995,0.06025872307190805
-0.17660673982138164,0.15008862498842088,0.23006430287146495,0.022526595350914835,0.052929583455733155,0.29853877717075905,0.7014612228292411,-0.04786185524490068,-0.2420814916511425,0.02836735604703343
-0.1481035596566332,0.14668212337409675,0.22908356749723835,0.02151564531753374,0.05247928089726176,0.2907719004283786,0.7092280995716214,0.045365823419365216,-0.136128860107133,0.09315484098712565
-0.17761880325011686,0.15275210787329946,0.2202741623729918,0.023333206459736116,0.04852070660912316,0.324731186697868,0.6752688133021321,-0.003958879841342126,-0.1315550403651543,0.10284632338440687
-0.1799579439768088,0.129662931830668,0.16734392592594066,0.016812475890924453,0.028003989544306714,0.37514060351818396,0.624859396481816,-0.015580714208837623,-0.048382001766131784,0.11692036484947145
-0.0761311843873674,0.15006109121364783,0.18606090825596255,0.022518331096230734,0.034618661581033716,0.39411124109076656,0.6058887589092334,-0.06136701361156203,0.032641207088536836,0.13578823647654772
-0.150323787537601,0.15951648645518504,0.1332075659699868,0.025445509451007233,0.01774425563164839,0.5891560049541871,0.4108439950458129,0.012325329546798137,0.08116281090324891,0.12494492822116302
-0.13530854811119578,0.13306185336808374,0.1421556405276859,0.017705456821749416,0.020208226133836653,0.4669938513356892,0.5330061486643107,0.10937212044223044,0.15128032067880087,0.14188889280686418
-0.1204541392592878,0.13777329700212526,0.1797110793316905,0.018981481366835817,0.032296072034561155,0.3701713538914416,0.6298286461085583,0.05845094361001271,0.043748068395674126,0.11454086700712825
-0.18991974230392014,0.16574291657043697,0.21185528603560191,0.02747071439327483,0.0448826622212267,0.3796742554205683,0.6203257445794317,-0.01563090475892889,0.05554101719277446,0.14436017232614828
-0.15469026576671763,0.12119331213952522,0.25684047161659,0.014687818907348391,0.06596702786023238,0.18210708340533555,0.8178929165946643,0.05466356391786089,-0.05307922698146128,0.12781252037327573
-0.06316853413237628,0.11369556217599337,0.17677840405494294,0.012926680858515175,0.03125060414021267,0.292609218943342,0.7073907810566579,-0.1304377778039436,-0.11270361310033804,0.20230836724272036
-0.10725025859147418,0.11754412275712994,0.1300678360480121,0.013816620794743233,0.01691764197421255,0.44955107264519106,0.5504489273548089,-0.02920338258833935,-0.10642921943232199,0.11970680594325298
-0.14326116986069787,0.12021720369324096,0.19076871915059895,0.014452176063822188,0.0363927042063601,0.2842405368451146,0.7157594631548855,-0.0080475859754095,-0.09516229078822917,0.12163173627775477
-0.09222041915435955,0.11659108462832488,0.2330374707372645,0.013593481014809214,0.054306462767621404,0.20019870794541927,0.7998012920545808,-0.012552673819229594,0.002385822369088804,0.12884090003896595
-0.13719435958376447,0.13095217705966333,0.27047204037376915,0.017148472676665416,0.07315512462394981,0.18989800173274587,0.8101019982672542,-0.039308749771391614,0.05125153900909317,0.06276985530701493
0.049663003863317935,0.16496050606053853,0.25344776179273903,0.02721196855974897,0.06423576795774899,0.29756853035440767,0.7024314696455922,-0.0928352576014183,-0.02855749457251517,-0.06170063062214719
-0.034408725711385965,0.13849547001692705,0.18127708137027562,0.01918099521520954,0.03286138023012553,0.36856494445295096,0.631435055547049,-0.1028505270086395,-0.1481695186913376,-0.0551196888128156
-0.06097125135678507,0.14696787740472841,0.16102346830011363,0.02159955698885128,0.0259285573433977,0.45445853033128764,0.5455414696687123,-0.0574270615276652,-0.16644508645115927,-0.10064356169812691
-0.049402838069889515,0.13701389784486198,0.1528172689880076,0.018772808202642276,0.02335311770095307,0.44563550355198395,0.554364496448016,-0.07389448596528962,-0.1581045239028032,-0.12399368007381467
-0.1348087752528266,0.09904872058505612,0.13344986316335145,0.00981064904953652,0.017808865978317226,0.3552071439213422,0.6447928560786578,0.10390485120284837,0.017112240413499426,-0.023370560045495193
-0.09195827856549371,0.10536758074181786,0.15864543064828543,0.011102327071383505,0.025168372665579943,0.3060963023018034,0.6939036976981965,0.10121739482214227,-0.06321491932973933,-0.020406859005896005
-0.07748458715826409,0.09201069463623364,0.12248522933413375,0.008465967927442234,0.01500263140503534,0.3607359692628271,0.639264030737173,-0.013099013213679274,-0.13650776293595487,-0.05649735574340496
-0.1015047825386501,0.07760807940277181,0.11749647283485883,0.006023013988586934,0.013805421128632717,0.3037563959526163,0.6962436040473836,0.0018727526591002658,-0.11610417723440958,0.0824628178417709
-0.04296458287671061,0.1335105593609944,0.12943192168190149,0.01782506946088561,0.01675262235026988,0.5155077891906847,0.48449221080931526,0.023126401012463327,-0.10064364090443748,0.1168435131281136
-0.10401246857205415,0.11355149775636438,0.141942005356434,0.012893942642713624,0.02014753288460594,0.3902350738559654,0.6097649261440345,0.03992725170199804,-0.026677184282940247,0.04977897350433691
-0.1174880969707148,0.13748976554730424,0.12242224139754194,0.01890343563025269,0.014987205188798033,0.5577774622552025,0.4422225377447975,-0.003074945036196434,-0.05298493941439114,0.10289949627328346
-0.1016121386582024,0.10060076237257494,0.15823550325608182,0.01012051338994329,0.02503847449070548,0.2878499638356638,0.7121500361643363,0.02037230014647364,-0.09249177536862323,0.13972348373899257
-0.1993539376379471,0.12469482783529837,0.16935370552372084,0.0155488000888747,0.028680677574615152,0.3515483544068571,0.648451645593143,0.06405726713277493,-0.03864245511704478,0.18977809174166954
-0.14715197735005386,0.1426630294357025,0.1814737764242776,0.020352739967772118,0.03293273152968869,0.38195664588877626,0.6180433541112237,-0.09117329679957976,-0.02832673832919315,0.19101983415593288
-0.14547369543003932,0.12107535324112012,0.1433489354330834,0.014659241162462016,0.020548917289798317,0.41635921351407423,0.5836407864859259,-0.07731420013388494,0.012717746662313081,0.2105626608152658
-0.14803814137139548,0.08718547430435082,0.17919463021656093,0.007601306929674617,0.03211071549845001,0.19141072312376772,0.8085892768762323,3.4216011061065366e-05,0.0686146152595419,0.1780606963129662
-0.09239581128900268,0.08374680933719435,0.1858567448577061,0.0070135280741603825,0.03454272960910246,0.16877188816222843,0.8312281118377716,-0.11481855170899931,0.05893777925247423,0.06540691982568789
-0.04802119684838135,0.05938902865115282,0.18504360218653113,0.003527056724127451,0.03424113471016719,0.09338696374337847,0.9066130362566215,-0.06379225630556014,0.09754224110834597,0.07988274429777834
-0.06728785622990344,0.043653700167132936,0.34144314874436826,0.001905645538281942,0.11658342382446879,0.016082880459191266,0.9839171195408087,0.060835133115131425,0.05735833002434354,0.028883000720236793
-0.050856377865418384,0.0316553647687907,0.24932284450039402,0.0010020621186451956,0.06216188078976766,0.015864464321015816,0.9841355356789843,-0.055837807575126464,0.027081340633996386,0.06352423777235618
0.01434074018981587,0.04070872099366786,0.33103510726779195,0.0016571999649402944,0.10958424224379852,0.014897325421497541,0.9851026745785024,-0.021847158277285485,-0.0027293332229732497,0.025930605798760057
-0.025262970545975448,0.02668656373232678,0.3661991014063505,0.000712172683839539,0.13410178187081856,0.0052826332866810185,0.9947173667133189,0.018898743406867726,0.04138008863206983,-0.006319840177441383
0.017366151954420733,0.027875926278510592,0.4455108832729322,0.0007770672658849574,0.1984799471146282,0.003899823894786575,0.9961001761052135,0.004920792634595611,0.016928446316590923,-0.026477881971499563
0.05263423691939821,0.02025117583017571,0.4544737998072974,0.00041011012250469285,0.20654643471128345,0.001981624320381181,0.9980183756796188,0.008499686234221732,0.028345533736361332,-0.03349118140675901
0.05090603391708679,0.02310233055814603,0.3450288243384588,0.0005337176772178478,0.11904488962437904,0.004463320733212122,0.9955366792667878,0.01385384857383974,-0.025170794097787365,0.014187504049018987
0.003233368610561376,0.026678816330507248,0.26767504279800225,0.0007117592407969402,0.07164992853691234,0.009836133769895216,0.9901638662301048,0.01385384857383974,-0.025170794097787365,0.014187504049018987
-0.07912026330827931,0.027579973077916112,0.21261944536865895,0.0007606549149785775,0.04520702854887615,0.01654760165533891,0.983452398344661,-0.0007947248485392425,0.029092771150251988,-0.004406361796414057
-0.08056696766061239,0.027218114642895447,0.2772764862190964,0.0007408257647137995,0.07688224981000875,0.009543885748261238,0.9904561142517389,-0.00031093333991425316,-0.006640120968182159,-0.04026645843270186
-0.10021374043961506,0.024195728351481725,0.27072534017072725,0.0005854332704586966,0.07329220981055598,0.007924363123180674,0.9920756368768193,-0.00031093333991425316,-0.006640120968182159,-0.04026645843270186
-0.05816548534316928,0.02492363464140433,0.2931911514839636,0.0006211875637382099,0.08596105130849248,0.007174538009520587,0.9928254619904795,-0.01053527755516042,-0.008027942264059382,-0.018603907231768642
-0.14936288233299272,0.026306780740977934,0.28906596528414946,0.0006920467129538875,0.0835591322856571,0.008214089359690705,0.9917859106403092,-0.01053527755516042,-0.008027942264059382,-0.018603907231768642
-0.0908679181428827,0.03135349803713832,0.1805618921185923,0.0009830418391648366,0.032602596885446165,0.0292697080209012,0.9707302919790988,0.039778400006779624,0.03455467370241787,-0.021930260105216134
-0.0971660147786927,0.03293167232556038,0.1734273606839393,0.0010844950421580793,0.030077049433797173,0.03480235207837317,0.9651976479216268,0.007754329109277362,0.01000041787772582,0.026865528094438658
-0.13257864343610481,0.03901018564664637,0.20104658904475312,0.0015217945841858144,0.04041973096652984,0.03628372035122236,0.9637162796487776,0.007754329109277362,0.01000041787772582,0.026865528094438658
-0.11067501562638705,0.033092526646432245,0.17989869843160405,0.0010951153198448282,0.03236354169738522,0.03273040275588114,0.967269597244119,-0.011505964764660315,0.04053212767841964,0.028321149254148834
-0.08669113515588209,0.037615807062823685,0.22812054355077716,0.0014149489409875761,0.05203898238990202,0.02647043736088902,0.973529562639111,-0.0037843727183481304,-0.0009095393418671605,0.044107873712549144
-0.018065973267979714,0.04545276978701702,0.24009848754618662,0.002065954281311567,0.057647283721966334,0.03459792753489868,0.9654020724651013,-0.03830881132776126,0.02043539280650086,0.060011606536980365
0.017358137469247983,0.05808120757888023,0.25412917309663324,0.0033734266738209744,0.06458163661877858,0.04964202092338199,0.9503579790766181,-0.00951625568344882,0.056584338915452045,0.043181828890013464
-0.01796850703421061,0.038924963087421806,0.2998643045832615,0.0015151527513571502,0.08991860116320304,0.016571043914187063,0.9834289560858129,0.011537052805904495,0.07022560008610199,-0.03887169525887416
-0.05455504911614888,0.042673562890484656,0.19656912912569438,0.0018210329697681492,0.03863942252523391,0.045007722910907294,0.9549922770890927,0.02184279691625452,0.07633491341034918,-0.010432154263214618
-0.052650881161835396,0.059714230202637886,0.1599182127685501,0.003565789288693631,0.025573834775087255,0.12236909031114546,0.8776309096888545,-0.03436154309569673,-0.03821256156583008,-0.04958568563776975
-0.09107872166346069,0.04574600252055487,0.25014868670725215,0.0020926967466106125,0.062574365461363,0.03236109195559804,0.967638908044402,-0.001001723880328334,0.0160158094985567,-0.07068664790955546
-0.10690568561609076,0.042716637261566354,0.2780258151055182,0.001824711098936239,0.07729835386508781,0.023061683717205662,0.9769383162827944,-0.029253964549749073,0.030251680631296046,-0.01924823615866946
-0.1151654075757613,0.0340870834649194,0.23668705167764212,0.0011619292591443814,0.05602076043185483,0.020319597861226068,0.9796804021387739,-0.011832178117958194,0.04054201762342681,0.05901878138094174
-0.08106890421059547,0.03536324105308663,0.15982435314018276,0.0012505588177787114,0.025543823856677847,0.046672425074039334,0.9533275749259607,-0.016946825974192836,-0.0031316197033640853,0.027530463360898653
-0.11012572373935785,0.05175245992182509,0.17508434831543446,0.002678317107960112,0.030654529025040376,0.08035068764525632,0.9196493123547438,-0.032626922988612736,-0.0070039893112483044,0.006260447314698152
-0.18688812717035524,0.044500339814232334,0.23744562716264847,0.0019802802435821515,0.056380425858663465,0.03393173893600225,0.9660682610639978,-0.05348142837558802,0.052663627390489194,0.029993035714108475
-0.23972802278080782,0.04275127400139091,0.2909449876335938,0.001827671428742002,0.08464898582911204,0.021134852880498083,0.9788651471195019,-0.04047428893760656,0.050755806681123894,0.01417414773478682
-0.1555050981509608,0.031143776704906603,0.30119728021402464,0.0009699348274450833,0.09071980160832568,0.010578444929051887,0.9894215550709482,-0.04047428893760656,0.050755806681123894,0.01417414773478682
-0.20440855554879003,0.02024242945449032,0.25765115070243033,0.00040975595022001724,0.06638411545828647,0.006134633935409725,0.9938653660645903,-0.018828407372839084,0.030452462044843996,0.04644567363530258
-0.25128840623247356,0.022940670566528792,0.3006157750595423,0.0005262743660420005,0.09036984421464933,0.005789844211827486,0.9942101557881726,0.011947453552618115,0.017031656369756384,-0.03127180936191078
-0.218461794731399,0.018707816010476837,0.3117556278447052,0.00034998237988185344,0.09719157149284631,0.003588033673715195,0.9964119663262849,0.011947453552618115,0.017031656369756384,-0.03127180936191078
-0.23650735684800173,0.02181610664019349,0.25423679361615853,0.0004759425089362945,0.06463634722822519,0.007309564920194479,0.9926904350798056,0.028676739030563315,0.021574638424927343,-0.014719009394910946
-0.20284195511933817,0.02127954321768987,0.2774263208730422,0.000452818959553531,0.07696536351315217,0.005849000132664899,0.9941509998673351,0.0014173118332436521,-0.003966220824150192,-0.02256673806928039
-0.07100194681921312,0.015070840172140365,0.19622488480061956,0.00022713022349419982,0.03850420541501642,0.0058642497024647905,0.9941357502975352,0.0014173118332436521,-0.003966220824150192,-0.02256673806928039
-0.05793264723680633,0.015045990790694,0.18601118432408695,0.00022638183887364866,0.03460016069364945,0.0065002673941072335,0.9934997326058927,0.0014173118332436521,-0.003966220824150192,-0.02256673806928039
-0.09859601977795283,0.015250537516517303,0.1900967800228656,0.00023257889454270173,0.03613678577506175,0.006394912219543901,0.9936050877804561,0.0014173118332436521,-0.003966220824150192,-0.02256673806928039
-0.05911951737612267,0.017449148550673126,0.22737591511926877,0.0003044727851434581,0.051699806776324915,0.005854764025402472,0.9941452359745976,0.0014173118332436521,-0.003966220824150192,-0.02256673806928039
-0.17361339612836565,0.019135574265839096,0.2444578515097919,0.00036617020248344345,0.05975964116478347,0.006090066714389324,0.9939099332856106,-0.001325786501823439,-0.0180496520798906,0.008178963880734202
-0.19354751449977486,0.022027478690013775,0.23330453247592642,0.00048520981743901097,0.054431004873810605,0.008835456343212318,0.9911645436567876,-0.001325786501823439,-0.0180496520798906,0.008178963880734202
-0.22463480675608133,0.01532013892658333,0.18903559533194755,0.0002347066567298138,0.03573445630250383,0.0065252187546266565,0.9934747812453735,-0.006537067878632303,-0.0008344374093043256,0.004696439884845249
-0.147271439694352,0.010282286275005994,0.18549670301200055,0.00010572541104117664,0.03440902682832234,0.0030631948422506286,0.9969368051577494,-0.006537067878632303,-0.0008344374093043256,0.004696439884845249
-0.10140382959178251,0.006862445636715104,0.18647032309342085,4.709316011687017e-05,0.03477118139456476,0.0013525414662036454,0.9986474585337963,-0.006537067878632303,-0.0008344374093043256,0.004696439884845249
-0.16916210957580374,0.006834903493596135,0.19484948073903782,4.671590576677265e-05,0.03796632014427267,0.0012289443470202424,0.9987710556529799,-0.006537067878632303,-0.0008344374093043256,0.004696439884845249
-0.1498635489938332,0.008024810013821717,0.23395502201058094,6.43975757579333e-05,0.05473495232397141,0.001175152184757056,0.9988248478152429,-0.006537067878632303,-0.0008344374093043256,0.004696439884845249
-0.1390134639336219,0.01009070856386468,0.2410007492573813,0.00010182239932085198,0.05808136114261917,0.0017500314201173888,0.9982499685798827,-0.006537067878632303,-0.0008344374093043256,0.004696439884845249
-0.05992243857145489,0.007366964238830513,0.19420840620718904,5.4272162096207637e-05,0.03771690504153655,0.0014368671064609513,0.9985631328935392,-0.006537067878632303,-0.0008344374093043256,0.004696439884845249
-0.07351802061723275,0.004106102399775089,0.24499669554001463,1.686007691743875e-05,0.06002338082552663,0.0002808129458513286,0.9997191870541486,-0.006537067878632303,-0.0008344374093043256,0.004696439884845249
-0.08606426908264289,0.003911801637154254,0.30837538704391193,1.5302192048442704e-05,0.09509537933448249,0.00016088825989722498,0.9998391117401028,-0.006537067878632303,-0.0008344374093043256,0.004696439884845249
-0.02760435890350386,0.004239169604940644,0.23865724767033583,1.7970558939452613e-05,0.056957281865580016,0.0003154099047346902,0.9996845900952653,-0.006537067878632303,-0.0008344374093043256,0.004696439884845249
-0.0024088323758944853,0.005438643546184337,0.2316664775461085,2.9578843622452542e-05,0.053669356818621596,0.0005508273722313188,0.9994491726277687,-0.006537067878632303,-0.0008344374093043256,0.004696439884845249
0.0019296802254688689,0.0059861341445140576,0.2277129639418504,3.5833801996117046e-05,0.051853193947182456,0.0006905853424221137,0.9993094146575779,-0.006537067878632303,-0.0008344374093043256,0.004696439884845249
-0.020011406041188697,0.006176254978849348,0.21011444874333957,3.814612556376136e-05,0.04414808157071747,0.0008633035122609432,0.9991366964877391,-0.006537067878632303,-0.0008344374093043256,0.004696439884845249
-0.05536161317427885,0.004886007723248409,0.2594548929375357,2.3873071471643098e-05,0.06731684146922812,0.0003545117041669428,0.9996454882958331,-0.006537067878632303,-0.0008344374093043256,0.004696439884845249
-0.129663110955941,0.005540146028674568,0.3052114774504524,3.0693218019038585e-05,0.09315404596748801,0.00032938030719747166,0.9996706196928026,-0.006537067878632303,-0.0008344374093043256,0.004696439884845249
-0.14534755725346357,0.00556304421404017,0.17777326074346292,3.094746092736581e-05,0.031603332235363255,0.0009782887811728696,0.999021711218827,-0.006537067878632303,-0.0008344374093043256,0.004696439884845249
-0.14357463174249185,0.005505031599779346,0.19559163747900335,3.030537291456914e-05,0.03825608865171787,0.000791544194396356,0.9992084558056037,-0.006537067878632303,-0.0008344374093043256,0.004696439884845249
-0.1147448364538643,0.006610789134523396,0.24225166720790056,4.3702532981132586e-05,0.058685870265007406,0.0007441316341846331,0.9992558683658154,-0.006537067878632303,-0.0008344374093043256,0.004696439884845249
-0.0861769758990562,0.0073377875237135275,0.23714662824447258,5.38431257431659e-05,0.05623852328772208,0.0009564907139929104,0.9990435092860072,-0.006537067878632303,-0.0008344374093043256,0.004696439884845249
0.002916885606597793,0.012019759064435486,0.21048463282801189,0.00014447460796707904,0.04430378065674298,0.0032503999787317967,0.9967496000212682,-0.006537067878632303,-0.0008344374093043256,0.004696439884845249
-0.0212479299305582,0.014111689487922819,0.17178643930544202,0.00019913978020355137,0.029510580729242314,0.006702849329741663,0.9932971506702584,-0.006537067878632303,-0.0008344374093043256,0.004696439884845249
-0.05629656374479456,0.011677623060028954,0.20517460101701887,0.00013636688033212,0.04209661690249288,0.0032289189187617064,0.9967710810812384,-0.006537067878632303,-0.0008344374093043256,0.004696439884845249
-0.025198226431161472,0.012445546623444678,0.22728533678066476,0.00015489163075633523,0.0516586243155002,0.002989405909396233,0.9970105940906038,-0.006537067878632303,-0.0008344374093043256,0.004696439884845249
-0.04468183124609751,0.014297823198378861,0.23459475824491474,0.00020442774821210073,0.05503470059598999,0.003700777951061885,0.9962992220489381,-0.006537067878632303,-0.0008344374093043256,0.004696439884845249
-0.09029760098979984,0.014897886447735688,0.14529005290923272,0.00022194702060962667,0.021109199474367644,0.010404833170213675,0.9895951668297864,-0.006537067878632303,-0.0008344374093043256,0.004696439884845249
-0.06536633943159434,0.014649433617622552,0.21962417901692954,0.00021460590531712976,0.04823478000886031,0.004429486592405519,0.9955705134075945,-0.006537067878632303,-0.0008344374093043256,0.004696439884845249
-0.08560053049674408,0.013511750217278597,0.1419422835415523,0.00018256739393412823,0.02014761185699043,0.008980117276920989,0.991019882723079,-0.006537067878632303,-0.0008344374093043256,0.004696439884845249
-0.13621966262234175,0.016817590568449954,0.2485096058849473,0.00028283135252801686,0.06175702421709184,0.004558865424994894,0.995441134575005,-0.006537067878632303,-0.0008344374093043256,0.004696439884845249
-0.06910951251356476,0.014046711596862998,0.24670511196916925,0.00019731010668544544,0.06086341227172034,0.00323137524418192,0.9967686247558181,-0.006537067878632303,-0.0008344374093043256,0.004696439884845249
-0.11031272131409905,0.013803150824825946,0.2361225219914236,0.0001905269726928932,0.055753845391590326,0.0034056503744875695,0.9965943496255124,-0.006537067878632303,-0.0008344374093043256,0.004696439884845249
-0.14655866164929318,0.011748485251033525,0.1993561739308117,0.00013802690569375228,0.03974288408433205,0.0034609767497104753,0.9965390232502894,-0.006537067878632303,-0.0008344374093043256,0.004696439884845249
-0.13429583525057368,0.009373604462487048,0.1457610750277489,8.786446061915709e-05,0.021246290993245046,0.004118487877767967,0.995881512122232,-0.006537067878632303,-0.0008344374093043256,0.004696439884845249
-0.09386608475016289,0.008864401846641837,0.14623195499523015,7.857762009874722e-05,0.021383784661727016,0.003661182262554873,0.9963388177374451,-0.006537067878632303,-0.0008344374093043256,0.004696439884845249
-0.13753070128701134,0.007261750488240107,0.17925194301887296,5.2733020153455434e-05,0.03213125907604128,0.0016384859900487705,0.9983615140099512,-0.006537067878632303,-0.0008344374093043256,0.004696439884845249
-0.12611897948025527,0.005476362891452582,0.1865246796410191,2.9990550518878886e-05,0.034791456115184805,0.0008612666442838274,0.9991387333557161,-0.006537067878632303,-0.0008344374093043256,0.004696439884845249
-0.12076013906053809,0.005434356788345044,0.24389905104839546,2.9532233703031863e-05,0.059486747102307815,0.0004962042996051859,0.9995037957003947,-0.006537067878632303,-0.0008344374093043256,0.004696439884845249
-0.06061268919633116,0.004871289253242463,0.2399691173938321,2.372945898875551e-05,0.057585177302774765,0.00041190608054561014,0.9995880939194544,-0.006537067878632303,-0.0008344374093043256,0.004696439884845249
-0.025719342193614,0.005321351997169373,0.29492292059154984,2.831678707777848e-05,0.08697952909024961,0.0003254509612581651,0.9996745490387419,-0.006537067878632303,-0.0008344374093043256,0.004696439884845249
-0.08999849063631701,0.008192405569617221,0.32513550028108057,6.711550901709526e-05,0.10571309354302855,0.0006344807749819562,0.999365519225018,-0.006537067878632303,-0.0008344374093043256,0.004696439884845249
-0.08112479428869136,0.008436367620615998,0.3387094561719381,7.117229863017803e-05,0.11472409570029005,0.000619993313930392,0.9993800066860695,-0.006537067878632303,-0.0008344374093043256,0.004696439884845249
-0.1437961094981582,0.005554897602518535,0.30265529902840294,3.085688737446616e-05,0.091600230029972,0.0003367512971040041,0.999663248702896,-0.006537067878632303,-0.0008344374093043256,0.004696439884845249
-0.19566293248521852,0.004702232430830529,0.29988793248188805,2.2110989833554385e-05,0.08993277204826144,0.00024580088469672735,0.9997541991153033,-0.006537067878632303,-0.0008344374093043256,0.004696439884845249
-0.15534697903318095,0.004883114521860401,0.44786153722990385,2.3844807433603936e-05,0.20057995652993255,0.00011886518238756028,0.9998811348176124,-0.006537067878632303,-0.0008344374093043256,0.004696439884845249
-0.13080759214191875,0.005760840458842595,0.39141831407526334,3.318728279223776e-05,0.1532082965935215,0.00021656852930910218,0.999783431470691,-0.006537067878632303,-0.0008344374093043256,0.004696439884845249
-0.08862253579992616,0.004941378943858242,0.34966931510441723,2.4417225866805595e-05,0.12226862992559223,0.00019966160330084048,0.9998003383966991,-0.006537067878632303,-0.0008344374093043256,0.004696439884845249
-0.19241104473689422,0.00642869215053906,0.23584076602427642,4.1328082766402525e-05,0.055620866918917496,0.0007424802914285407,0.9992575197085715,-0.006537067878632303,-0.0008344374093043256,0.004696439884845249
-0.19433394208755647,0.004245882162059801,0.1999274569563891,1.802751533409761e-05,0.03997098804504882,0.00045081168119470916,0.9995491883188052,-0.006537067878632303,-0.0008344374093043256,0.004696439884845249
-0.13497339188204865,0.006083032801194272,0.19581142717979727,3.700328806040543e-05,0.03834211501418905,0.0009641515932958944,0.9990358484067042,-0.006537067878632303,-0.0008344374093043256,0.004696439884845249
-0.061309048279903786,0.004097395984557124,0.21950437054457958,1.6788653854264846e-05,0.04818216868817209,0.00034831985545102716,0.999651680144549,-0.006537067878632303,-0.0008344374093043256,0.004696439884845249
-0.017504221274662744,0.005003455254275005,0.2041864911651584,2.5034564481532156e-05,0.04169212317433931,0.0006001023520889506,0.999399897647911,-0.006537067878632303,-0.0008344374093043256,0.004696439884845249
-0.06147300307932855,0.004382856184343889,0.2182036991865774,1.9209428332641476e-05,0.04761285433870636,0.0004032877606687755,0.9995967122393312,-0.006537067878632303,-0.0008344374093043256,0.004696439884845249
-0.06347378140983143,0.0035963675171616165,0.1730749017720936,1.2933859318495211e-05,0.029954921623419842,0.0004315910868545529,0.9995684089131455,-0.006537067878632303,-0.0008344374093043256,0.004696439884845249
-0.10376623189379416,0.003850476357678421,0.13438205108118031,1.482616818104048e-05,0.018058535652784955,0.0008203326159188265,0.9991796673840811,-0.006537067878632303,-0.0008344374093043256,0.004696439884845249
-0.032051604045322146,0.004021185573048027,0.19588437516648927,1.6169933412889588e-05,0.03837068843436592,0.000421236175619475,0.9995787638243805,-0.006537067878632303,-0.0008344374093043256,0.004696439884845249
-0.128082245269484,0.005056881818353264,0.20676248788209256,2.5572053724791812e-05,0.04275072639519247,0.0005978089421488755,0.9994021910578512,-0.006537067878632303,-0.0008344374093043256,0.004696439884845249
-0.09733396869199032,0.005673990574410714,0.22191762139502558,3.219416903850162e-05,0.04924743068562591,0.0006532957410582717,0.9993467042589417,-0.006537067878632303,-0.0008344374093043256,0.004696439884845249
-0.1112919259689884,0.006187348364853144,0.2293384866318068,3.8283279788050874e-05,0.05259614145056743,0.0007273429886272135,0.9992726570113727,-0.006537067878632303,-0.0008344374093043256,0.004696439884845249
-0.05099354959518127,0.007689753261522816,0.16936823017326907,5.913230522310079e-05,0.028685597392025454,0.002057152940587955,0.997942847059412,-0.006537067878632303,-0.0008344374093043256,0.004696439884845249
-0.09581397166866412,0.008522398707576503,0.1505650686518997,7.263127973090165e-05,0.02266983989815127,0.0031936406190343136,0.9968063593809657,-0.006537067878632303,-0.0008344374093043256,0.004696439884845249
-0.1939117611814334,0.011548178889523997,0.15631151097024157,0.0001333604356644477,0.02443328846179995,0.005428515554606728,0.9945714844453932,-0.006537067878632303,-0.0008344374093043256,0.004696439884845249
-0.15747875135199765,0.012312076379272107,0.21110716679527053,0.00015158722476903014,0.04456623587232617,0.0033898614527789256,0.996610138547221,-0.006537067878632303,-0.0008344374093043256,0.004696439884845249
-0.12142235589942012,0.009837467399711286,0.2176547617047046,9.677576484038232e-05,0.047373595292731746,0.0020386561698245956,0.9979613438301754,-0.006537067878632303,-0.0008344374093043256,0.004696439884845249
-0.10798051884660403,0.012038516213560788,0.21530446084911856,0.00014492587262416597,0.04635601086152963,0.0031166226489738966,0.9968833773510262,-0.006537067878632303,-0.0008344374093043256,0.004696439884845249
-0.08866139276653126,0.01620387790497963,0.22682410035255898,0.00026256565915948706,0.05144917250074775,0.005077486630744458,0.9949225133692555,-0.006537067878632303,-0.0008344374093043256,0.004696439884845249
-0.09581182195031379,0.012387446571269072,0.21122902547463143,0.00015344883255604587,0.0446177012029625,0.003427404309121152,0.9965725956908789,-0.006537067878632303,-0.0008344374093043256,0.004696439884845249
-0.060912308806022504,0.014573053200016403,0.24330716100332575,0.00021237387957050833,0.05919837459549828,0.0035746709984579507,0.996425329001542,-0.006537067878632303,-0.0008344374093043256,0.004696439884845249
-0.08643763908978219,0.011033797714818737,0.20364343272693647,0.00012174469201153918,0.0414706476928103,0.002927090389154124,0.9970729096108459,0.026202132151846563,0.017319050155429873,0.00669597963425157
-0.09504681090785705,0.010689927154713667,0.19521658914546922,0.00011427454257308464,0.03810951667759093,0.002989618217483407,0.9970103817825167,0.026202132151846563,0.017319050155429873,0.00669597963425157
-0.0665945349954246,0.013334412570834222,0.1863506730076792,0.00017780655860922173,0.034726573330414984,0.0050941044984768105,0.9949058955015231,-0.029097405246878785,-0.004062711419465289,-0.01048981249862678
-0.07456832747367712,0.018631384345270268,0.16967432328163634,0.000347128482621182,0.02878937598108124,0.011913868496257902,0.9880861315037421,0.0076394446438451495,0.02123721776262991,-0.016370002924836098
-0.0722555456960753,0.02911158569771121,0.21621722589725828,0.0008474844218351839,0.04674988877470602,0.0178052771596389,0.9821947228403611,0.018604232797992212,-0.007500245830396816,0.033194979499635194
-0.00539147779996494,0.02435024090807743,0.20806701895935031,0.0005929342322814076,0.04329188437863064,0.01351114693075143,0.9864888530692486,-0.05044396224712708,0.010661231456900372,0.016161746885962214
-0.17923093818644067,0.0260228996752302,0.26902663723498027,0.000677191307507096,0.07237533154196167,0.009269923626080773,0.9907300763739192,-0.012279601153630726,-0.022333847044686998,-0.05272376262706578
-0.07388055928687816,0.02705529640380277,0.3134165240690699,0.000731989063497623,0.09822991755953786,0.007396675028563334,0.9926033249714367,-0.047044332205425865,-0.015013787145948806,-0.04262247925918598
-0.09103785171018794,0.03207238145155224,0.27286896439831015,0.001028637651973872,0.07445747173180625,0.013626846851308218,0.9863731531486917,-0.034951222874598606,-0.009107756213799667,0.022437298785483353
0.01550216973914189,0.03247724471212881,0.2750197244432016,0.0010547714240914988,0.07563584883281455,0.013753590994024017,0.986246409005976,-0.027107266939342456,0.016284750820281652,-0.03958335120672907
-0.01704171424239157,0.025783327659008978,0.3274119022787439,0.0006647799851718174,0.10719855375378574,0.0061631692821646515,0.9938368307178352,0.004833189098806638,-0.04963158839238238,0.0011296630826925051
-0.07901048391089147,0.02398403542185739,0.21367669229756425,0.00057523395511691,0.045657728831227956,0.012442074235545384,0.9875579257644546,-0.022551922185520344,0.04532778194715839,0.03222816095128348
-0.06570171141333687,0.028821619409008733,0.1641109962712769,0.0008306857453577489,0.02693241909715106,0.02992049160459404,0.9700795083954059,-0.02043940697016962,0.054011486890123306,0.016971094427343562
-0.05556875717724966,0.02645120190454553,0.1736984825586219,0.000699666082195033,0.03017116284316787,0.02266431147302949,0.9773356885269705,0.035743538973014924,0.007679843415392306,0.0030000780240752242
-0.07151406980493774,0.03737514850729223,0.14992518858930415,0.001396901725942149,0.022477562173538416,0.0585102866319248,0.9414897133680752,-0.0022210382524970734,0.01575483793444262,-0.004708351397690768
-0.08604999954179318,0.03719834501194287,0.16576638024695878,0.001383716871627535,0.027478492820179324,0.047942166812693206,0.9520578331873069,-0.0022210382524970734,0.01575483793444262,-0.004708351397690768
-0.07174200964607878,0.03560539931443293,0.1336552376189432,0.0012677444603402207,0.017863722542976173,0.06626488497303736,0.9337351150269626,-0.029095556234258444,0.015316685309497296,0.012824743729784087
-0.13859220107331338,0.040111356013890834,0.1269958648465862,0.0016089208812730964,0.01612794968813239,0.0907105272588695,0.9092894727411306,-0.027482971633562073,-0.06617172531097906,-0.07848556919272981
-0.10931771754452554,0.031689031278612965,0.1508389152902379,0.0010041947033769109,0.022752378365935567,0.0422701835170864,0.9577298164829136,-0.008663465142954376,0.008229599427269117,0.0006397151811457676
-0.09148174269297536,0.032510827497563156,0.15255285926934828,0.0010569539045763086,0.02327237487125358,0.04344361138422961,0.9565563886157704,-0.011861447503957082,0.012601271822055771,-0.013612593520856106
-0.18694316408342618,0.023926546407589767,0.2256985813217393,0.0005724796229945468,0.05093984961064577,0.011113448595927338,0.9888865514040727,-0.021242018810388202,0.04041802060018007,-0.006976484726782188
-0.16816219858985929,0.021598693711042654,0.22122548116468502,0.0004665035700234335,0.04894071351654641,0.009442012676124623,0.9905579873238755,-0.021242018810388202,0.04041802060018007,-0.006976484726782188
-0.1509806693830723,0.02388787431095979,0.18286233471080032,0.0005706305390962126,0.03343863345588477,0.016778679455704337,0.9832213205442956,0.04733660626690507,0.02667167112317361,0.02421983406092027
-0.1311011800769831,0.033552539309348976,0.1687767073831458,0.0011257728941054083,0.028485576955096018,0.03801829027850849,0.9619817097214916,0.032688156979171754,-0.024660906461559672,0.010045925915504628
-0.17133064873484585,0.027953630639521627,0.14407590690209182,0.0007814054659308023,0.02075786694966023,0.03627817369379609,0.9637218263062038,-0.005156774304091359,-0.06260161271992074,0.010704357649303746
-0.19096625747502738,0.04140650205708382,0.17967240559644634,0.0017144984126032867,0.03228217333281393,0.05043136061795234,0.9495686393820476,-0.02708889482558191,-0.062199677096315485,0.014473190301652762
-0.09394147166752126,0.04678757371467895,0.2188356288796486,0.0021890770541065164,0.047889032467151295,0.043713252657376536,0.9562867473426235,-0.049806051434642604,-0.05544942163386277,-0.011209268028038025
-0.12226378717225224,0.05542727366125011,0.1860427191265965,0.00307218266551911,0.03461189334001768,0.08152469135949425,0.9184753086405057,-0.07198270018463995,0.025313556173069896,0.01596673780354427
-0.07958764756258617,0.05565387932830296,0.15310828704896834,0.0030973542842893075,0.023442147563069286,0.11670732563496021,0.8832926743650398,-0.06538338286975931,-0.044135357985345194,0.03209761962853667
-0.11017035955502286,0.05155173431597003,0.1519567891983864,0.002657581310984362,0.023090865783482843,0.10321326568682349,0.8967867343131765,-0.055243381587740156,-0.027639308099493047,0.06480992185348707
-0.12877964360993688,0.07431015653044874,0.16485987696880566,0.0055219993635797935,0.02717877903416974,0.16886446238111008,0.8311355376188899,-0.06600521132850978,-0.014286067208228712,0.0882628032582212
-0.19606808867436237,0.0799825552888371,0.16409847159401045,0.006397209150531884,0.026928308379490253,0.19196128446523886,0.8080387155347611,0.004841229461399586,-0.03748967193890104,0.05359171502604842
-0.16096283805007439,0.07564930323352854,0.18537336760881626,0.005722817079718352,0.03436328541863333,0.142763120459358,0.857236879540642,0.026102529889306048,-0.07972327669583297,0.024386540882036484
-0.18899226898857127,0.06228199370156959,0.21399328564891912,0.003879046739442354,0.04579312630281989,0.07809295430143494,0.9219070456985651,-0.025562021571181724,-0.005510065897895461,0.07791110383538535
-0.14982386906885467,0.09374170548340484,0.2054917069201002,0.008787507346937413,0.04222684161293635,0.17225560114173724,0.8277443988582627,0.04531312949798148,-0.010816531021897991,0.11453939806001377
-0.19633032813626417,0.09032682265244872,0.20251436267703474,0.008158934890486923,0.04101206709048556,0.16592980744309735,0.8340701925569026,0.07499743878085928,0.07651958107578234,0.19579188040832043
-0.16023621119917766,0.10013125547136019,0.1417863157227514,0.0100262683222708,0.020103359326231744,0.3327710663815359,0.6672289336184641,0.005572889063404727,0.06727497187153789,0.11144310422967352
-0.1075777274067721,0.11482346079210881,0.12654797338062546,0.01318442714827695,0.01601438956674349,0.4515397756339428,0.5484602243660571,0.0020573357544081683,0.07584383292514406,0.06372061565666323
-0.15395208808307065,0.12174041480210719,0.16565544687305506,0.014820728596189119,0.027441727078711568,0.3506830911624244,0.6493169088375755,0.03311999312995319,0.0860015569348625,-0.0465710128688972
-0.1663467357735087,0.08382455844635708,0.19247213625995416,0.007026556598726735,0.03704552323647036,0.1594332880363669,0.8405667119636332,0.10123879032839164,0.08998037047554638,-0.02264556537516156
-0.22028561334000515,0.0634837004487411,0.16978685091354595,0.0040301802226654915,0.02882757474313868,0.12265537395539632,0.8773446260446036,0.09095079281603732,0.05913943663732754,0.08251852962656213
-0.16989212368637752,0.048120528275659664,0.20066395738560838,0.0023155852415285613,0.04026602379365326,0.05437993758327394,0.945620062416726,0.03276454518977895,0.07754802116145915,0.07100667292564747
-0.18505569480811182,0.03831982718097334,0.2271209336674664,0.0014684091551796633,0.05158391850998168,0.027678505728297106,0.9723214942717029,0.08168240837700244,0.05064798299389148,0.016824142889253754
-0.16052845679551833,0.07048327309031471,0.15272626040242113,0.004967891785523882,0.02332531061650815,0.17558605473260555,0.8244139452673945,0.042365509128714854,0.016038181589927956,0.08746650565030151
-0.17258049937542577,0.06937872825032866,0.12278592806366077,0.004813407933632953,0.015076384130454479,0.2420039343862189,0.757996065613781,0.019446185600518518,-0.03380291911232414,0.0845687176546615
-0.17432482407689565,0.05593043625244887,0.1621134641596673,0.0031282136993892465,0.02628077526184773,0.10636930441615801,0.893630695583842,0.009364587971218653,0.02823891115112135,0.09727951093201774
-0.155363704204129,0.0638330798860779,0.19498218687520172,0.004074662087742403,0.03801805319863608,0.09680207275820465,0.9031979272417954,-0.004163518151665865,-0.08821087632540378,0.059849403167500294
-0.17521784118051656,0.06343633617224127,0.2059477782823171,0.004024168746957607,0.042414487379422446,0.08665558141919676,0.9133444185808032,-0.001136974185541391,-0.03686679769396352,0.037336328316650076
-0.22193459866319767,0.0706903811963934,0.2228413527035852,0.004997129993691409,0.049658268474763664,0.09142976053089347,0.9085702394691065,-0.009848920243499856,-0.019214160519627006,0.034269133135258964
-0.26047228240366577,0.08157102024742818,0.20476795685722377,0.006653831344206339,0.041929916155481854,0.13695590988013107,0.863044090119869,0.009814586794466156,0.07738423000126855,0.025910849179285128
-0.22160381632097173,0.05491689351656175,0.2030711899786979,0.0030158651935093825,0.04123790819936442,0.0681493342214074,0.9318506657785927,0.03833171000361723,-0.011296582238938105,0.013180776097978117
-0.18910110453622306,0.0671657641120523,0.18032176620987328,0.004511239868755853,0.032515939369048195,0.12183590437129391,0.8781640956287061,0.020396679011776456,0.07229177504478315,0.035977027049939526
-0.20713973825340773,0.06509323592534885,0.15607864528259954,0.004237129363233127,0.024360543513251533,0.14816343209230987,0.8518365679076901,0.08957799233188586,0.042485475510059684,0.03980463873389846
-0.19745422095436754,0.08725703055623471,0.13589841671362332,0.007613789381491678,0.018468379665269614,0.2919154985860774,0.7080845014139225,0.038201805262435905,0.02753315815179975,-0.025011212456934113
-0.10460262333142153,0.07285182933984707,0.2139965633152987,0.005307389038162203,0.045794529110758646,0.10385890061299552,0.8961410993870045,0.04141351857995185,0.0894933004022674,-0.018807217567546122
-0.045417216948298866,0.09847321428034828,0.21165406345365473,0.009696973930703387,0.044797442576443705,0.17794435746333026,0.8220556425366697,0.0589412160743152,0.03413656806555307,0.07218061320750563
-0.1223858668751418,0.12093306209398241,0.20576781624649865,0.014624805507427006,0.042340394202852835,0.2567322783349751,0.7432677216650249,-0.03589067630039103,0.088099470127813,0.07605983170033713
-0.09444020201309433,0.15576140973794425,0.16656422839475907,0.024261616763551753,0.027743642180741462,0.46652237208433506,0.533477627915665,-0.04582733905165776,-0.10170864637977535,0.06743583335623468
-0.06110867238613214,0.1367180373468579,0.18949674538430647,0.01869182173597683,0.035909016511244674,0.3423358017205534,0.6576641982794466,-0.12932023384024055,-0.10148221919504442,0.02081249793576062
-0.09657172555367044,0.10549599261831077,0.20799020713449695,0.01112940445852268,0.043259926263850945,0.20462477310728303,0.795375226892717,-0.06599088641371917,-0.055806810729063114,-0.09795957887344864
-0.05848181387237379,0.1372431174597903,0.1830435625944912,0.018835673290081793,0.033504945807283415,0.3598672238676284,0.6401327761323716,-0.0017354774029180176,-0.19929569408622358,-0.058363353646579234
0.0008230049811920985,0.2016476952555042,0.19918513147656458,0.04066179300185669,0.03967471660133632,0.5061433861478165,0.4938566138521835,-0.026019427322959962,-0.10419479828180989,-0.0785653993029877
-0.049779203141295796,0.22435932101176262,0.2876002815932917,0.05033710492485915,0.08271392197254068,0.37832932295724253,0.6216706770427574,-0.18660443010701433,-0.1710712358461237,-0.02159297420430051
0.049449887538397776,0.19261679777351906,0.2846832050578246,0.037101230784524736,0.0810445272419954,0.31402930925540834,0.6859706907445916,-0.11839491997979187,-0.3286669289370955,-0.024321092970503545
0.1320636382044367,0.16857945844561117,0.2877791796760784,0.028419033809815544,0.08281685625503662,0.2554843926114748,0.7445156073885252,-0.03626189364578279,-0.2970751081176492,-0.031487052328372574
0.1313016196062169,0.1403513730546665,0.2044549675725319,0.019698507918330166,0.04180183376508507,0.32029916223444743,0.6797008377655526,-0.15968254835230175,-0.39220818077940056,-0.07364446150804914
0.14990177347591555,0.13803152426323007,0.18147520012127105,0.01905270169043067,0.03293324825905538,0.36649713449391397,0.633502865506086,-0.23538921420512088,-0.40429420384103487,-0.03447783010282672
0.15592815490014914,0.14926016561401517,0.16665709651277488,0.022278597039123237,0.027774587818068363,0.4450984907890885,0.5549015092109116,-0.2450054322841207,-0.410649793375621,-0.1599082257724895
0.1908407629889319,0.19801960122633505,0.17197302975652987,0.03921176246983676,0.029574722963640308,0.5700503845011559,0.42994961549884414,-0.17117560256888484,-0.23466005380466404,-0.22921162264589556
0.21539822705439202,0.206022597690558,0.22112901617652378,0.042445310759165515,0.048898041795197314,0.4646787048231481,0.5353212951768519,-0.2565647561796081,-0.3287958452408341,-0.2478543069188451
0.12932779281142526,0.278102766117202,0.1735004167855992,0.07734114852203917,0.030102394624776627,0.7198305850390346,0.2801694149609654,-0.3404637840218972,-0.12455528180739553,-0.18807064959496664
0.16176805210794198,0.25280414559567266,0.18325616163339256,0.06390993603035806,0.0335828207766041,0.6555352225489035,0.34446477745109655,-0.3610612714293969,-0.21171485577576027,-0.21866649184116613
0.15861900564826215,0.20824204412692376,0.19677665485331866,0.043364748942159664,0.0387210518952621,0.528285629180221,0.47171437081977907,-0.2576881630980051,-0.17590114828905193,-0.21281540349290062
0.12417075882859738,0.11548193995528538,0.2556181973293344,0.01333607845583614,0.06534066280589854,0.16950471310791684,0.8304952868920832,-0.25596564070863426,-0.23422146932053967,-0.08804874715430311
0.1533071485514696,0.11067366425517261,0.25775345826440543,0.012248659959666671,0.0664368452472606,0.15566602676636726,0.8443339732336327,-0.18121465982762122,-0.0983796532942513,-0.06182818778738571
0.14377478549089237,0.1113257534262772,0.2192088762528006,0.012393423375928268,0.04805253142801565,0.20503313110242463,0.7949668688975754,-0.11523989582510571,-0.14614098980674606,-0.0377049977321008
0.07303759684808159,0.11486322043156295,0.21366125410500267,0.013193559407909821,0.04565113150572252,0.22420985144223632,0.7757901485577636,-0.13131829921346372,-0.11804524093928248,0.013594641897752406
0.07479452944301679,0.2301873843639142,0.3378360340331447,0.05298623192030037,0.11413318589124412,0.3170561064307401,0.6829438935692599,-0.08131214589314256,-0.07950147767921487,-0.08951901128870651
0.16034302512712004,0.1879377769691641,0.2422341015974181,0.035320608012111274,0.05867735997670827,0.37575927190588243,0.6242407280941176,-0.09161273087310626,0.023965023088989,-0.11661241970831775
0.08107964948794077,0.19212802295340448,0.2134090161282658,0.03691317720398392,0.04554340816483441,0.4476680308658883,0.5523319691341116,-0.09598679702058358,0.0598314151395918,-0.07990998249848845
0.013491793109833302,0.15732615356270685,0.2683730579242942,0.024751518594836416,0.07202409821963658,0.25576193063472963,0.7442380693652704,-0.2713049972031367,0.12520734387173257,-0.04960443838886296
0.04264594719314105,0.1589746436997566,0.4460027322288113,0.025272937339464566,0.19891843715556476,0.11272930279494275,0.8872706972050572,-0.1918760050413415,0.06023590537549613,-0.0712812107037373
0.011911914924034463,0.11915086222184997,0.36303870023896734,0.014196927968210274,0.13179709787119878,0.09724321174502477,0.9027567882549752,-0.14854962249018097,0.028265939396045846,0.03176578328476308
-0.01785764079809523,0.11995702343932321,0.2519361517240652,0.014389687472422339,0.0634718245455312,0.18481130277953403,0.815188697220466,-0.08890975532414994,0.11637434025590453,0.07681000497747631
-0.04223238989647411,0.18586642690381627,0.21804516328958692,0.03454632864999168,0.04754369323398262,0.4208346868127203,0.5791653131872798,-0.10312320480458066,0.06919702559535397,0.0859824944328487
-0.07338868049959252,0.15640664357561926,0.1598210084483444,0.0244630381545908,0.025542754741445774,0.48920408492372347,0.5107959150762766,-0.06676032472085347,0.008162533215123405,0.007922358682434415
-0.08407373448122497,0.14608812614513936,0.1755809929401634,0.02134174060059815,0.030828685081853713,0.4090773713540293,0.5909226286459707,-0.08818104279262437,0.010293065309248887,-0.03279068021635288
0.0241716658960969,0.1188824707415376,0.17947346032248326,0.014133041849612542,0.032210722960125976,0.304961021350658,0.6950389786493419,-0.12337133854482696,-0.016712637611732375,0.01881372087298476
0.0443634081308099,0.17320312387539305,0.226803341767639,0.02999932212019475,0.051439755836968463,0.3683651985349629,0.6316348014650371,-0.2833321508836493,-0.00015055481954445726,0.00648964611979589
0.07923007619378021,0.18531418639600733,0.2131579661377434,0.03434134767961415,0.045436318527979365,0.4304631773791525,0.5695368226208474,-0.18398625846696293,-0.051335695706435105,-0.07485735863188786
0.06954338116964663,0.18306036265590178,0.23314275246635865,0.03351109637571028,0.054355543027589784,0.38138588892534436,0.6186141110746557,-0.15759176580517673,-0.11743119098418331,-0.04313567680344439
-0.03197150144669584,0.21333471149249417,0.3301737362549654,0.04551169912758572,0.10901469611256344,0.29452378706470234,0.7054762129352977,-0.16138891865713073,-0.17060186196704755,0.06832226966523337
-0.11716235490367267,0.20580170147608337,0.23280490193244174,0.042354340330450935,0.05419812236377382,0.4386665979156256,0.5613334020843743,-0.17009981553489084,-0.08151446330868645,0.05339990512982164
0.008970736721022329,0.23196694449001493,0.20396860079407694,0.053808663336033666,0.04160319010989352,0.5639620381814371,0.43603796181856297,-0.22861310733009765,-0.08835437159977166,0.07930292646920917
-0.03409105537149278,0.19564137849672503,0.1453689540786648,0.03827554898009882,0.02113213280992495,0.6442861903850011,0.3557138096149989,-0.17503393612494197,-0.12788332878087347,-0.03461260559174528
-0.020118836044709217,0.17814132900704666,0.12421591781863317,0.03173433310039684,0.01542959423952543,0.6728517935260041,0.3271482064739959,-0.11505608098612743,-0.08956397570186088,-0.04770026906635934
-0.008274448273994508,0.17147392421293234,0.12100457267385047,0.029403306684982464,0.014642106607981159,0.6675679596740149,0.332432040325985,-0.13753945969964065,-0.037700448172710746,0.061019171374538765
-0.017982752752252532,0.16687281377393384,0.13484836286752774,0.027846535976830004,0.018184080968052435,0.6049568271086557,0.3950431728913443,-0.10475251545639198,-0.028376205133047623,-0.016895541843823622
-0.02631692538819679,0.15158227920079087,0.17540884520124886,0.022977187367706518,0.030768262974835685,0.4275187429124383,0.5724812570875617,-0.07847199413036819,-0.019808579621273525,0.015619786164267728
-0.03268446277859347,0.08955693631831371,0.11399290140444207,0.008020444842722498,0.01299438157060285,0.3816564878992668,0.6183435121007332,-0.13089326408998958,-0.1364221028547919,0.05784744159000777
-0.028162886698687252,0.08572544157752156,0.12140572564738941,0.0073488513336610614,0.014739350219969187,0.33270482958144054,0.6672951704185595,-0.07836546884635712,-0.054742471854304864,-0.0033338156665956194
-0.15437026094730763,0.11069678866380833,0.12910539254848988,0.012253779020479845,0.016668202385099664,0.4236839395144586,0.5763160604855414,-0.010311188221459263,-0.06075220443428875,0.07279941034005033
-0.0951981934033051,0.09003421059155767,0.11923602464969729,0.008106159076844956,0.01421722957426322,0.3631240401507121,0.6368759598492879,-0.05719658714863915,-0.023260701888420506,0.004420368209306271
-0.016780646372194598,0.10591390931195105,0.21433468396014357,0.011217756185740191,0.04593935674829463,0.19626177058114594,0.8037382294188541,-0.1656403978610055,-0.020974275836859582,-0.08202968579875577
0.03885867837942322,0.10383723076018467,0.24770647776562627,0.01078217049194384,0.0613584991270527,0.14946036055513146,0.8505396394448685,-0.12466946521493547,-0.017695811539812645,-0.13898386715908306
0.05188443431195285,0.08390759655536414,0.24830554526985332,0.007040484759697757,0.06165564381175918,0.1024873585470588,0.8975126414529412,-0.13592892243355265,0.005261227644103982,-0.08211645400458481
0.020706350673102284,0.08224288286798523,0.27379319381640077,0.006763891782437138,0.0749627129801852,0.08276242237253204,0.9172375776274679,-0.24085706623569264,0.033435955072346535,0.05851457239834599
-0.02239190167007206,0.09843040084550325,0.266367467040275,0.009688543810606447,0.07095162749745197,0.12014537734046536,0.8798546226595346,-0.23556937902566713,-0.012326307541072647,0.09297699941320901
-0.0945792474512929,0.11785240788315778,0.20404795070247425,0.013889190043858189,0.04163556618587936,0.2501440976416123,0.7498559023583877,-0.25592246069978714,-0.01031034431195409,0.13143132583965864
-0.07695487368607976,0.14066907531554232,0.2706356010583788,0.019787788750129716,0.07324362856022996,0.21270006759239396,0.787299932407606,-0.14852820049667406,0.02372609456421964,0.05750482665122533
-0.23556722226926666,0.10550029556473801,0.2983270989708966,0.01113031236424708,0.08899905798039114,0.11115931645167978,0.8888406835483202,-0.10330894405630862,0.07649152078691872,0.10161820873543456
-0.10869302418040282,0.1255927483403193,0.21056442020931493,0.015773538435674778,0.04433737505808495,0.2624072322127041,0.7375927677872959,-0.07088400816234298,0.06734561583453073,0.17636959707050215
-0.16354780085941817,0.09935478626172714,0.19830299090957207,0.009871373553113485,0.03932407620368182,0.20065623145868208,0.7993437685413178,0.014942676799586507,-0.012923810537368602,0.03345451833126657
-0.22909231021684603,0.09302254201269375,0.25177438137820884,0.008653193322503373,0.06339033911837975,0.12011061963964548,0.8798893803603545,-0.08741494502610958,0.14588599725484824,0.13492631054807946
-0.20414979382485604,0.12434197195794718,0.25445649838057827,0.015460925990390922,0.06474810956810523,0.19275790916492602,0.8072420908350739,-0.01888233368223384,0.15456665429723326,-0.04231182822693246
-0.18877446096814862,0.09016099115998465,0.25163300190761356,0.00812900432695083,0.06331916764903706,0.11377483988929493,0.8862251601107052,0.09053613486738592,0.11742814894271038,-0.004747847452167938
-0.22130757556875397,0.09007911361058683,0.20745943542308407,0.00811424670886901,0.043039417346064784,0.15862493642987413,0.8413750635701258,0.06048050838764238,0.11246309268649007,-0.052033502813636195
-0.23946350018529586,0.11817206874665999,0.2212900930396432,0.013964637831865334,0.04896930527749394,0.22189357828094788,0.7781064217190521,0.04748402630041448,0.0981572840627921,0.07570167127124752
-0.3008267234596891,0.12443372076198046,0.2299123895883711,0.015483750862670528,0.05285970688623493,0.22655790872563078,0.7734420912743691,0.026694093584839665,0.053323388636185576,-0.02999289778354323
-0.34847596596321545,0.11733269400427618,0.25611666053735915,0.013766961082301106,0.06559574380480886,0.17346889955280653,0.8265311004471935,0.062100116681319165,0.023594815929093578,-0.05340508456093861
-0.375784808769901,0.06908649980853004,0.29630352364277857,0.004772944455794022,0.08779577812312664,0.05156109237355832,0.9484389076264418,0.03687158332000483,-0.02676947291443831,-0.0031234385915508145
-0.2728260366400624,0.04691393336747279,0.2792110209127263,0.002200917144007677,0.0779587941991269,0.027456650069339086,0.9725433499306609,0.051642858473353544,0.006482347479858409,0.02046403960823584
-0.31593709975220746,0.041639326729354414,0.27825966445419886,0.001733833530473929,0.07742844086216334,0.021902270289434603,0.9780977297105653,0.01501732994891155,-0.013300513747472542,0.03609419589923413
-0.2949244339797907,0.039859758134198765,0.3269855232996085,0.0015888003185168247,0.10691953244751881,0.0146421963918898,0.9853578036081102,0.04006515010169599,0.008241852363411607,0.02782942743876915
-0.3885206383691573,0.04141488275110386,0.30419126193396306,0.00171519251328768,0.09253232383697693,0.018198808623383574,0.9818011913766164,0.07291448919466642,0.0743920270170881,0.03657710840455189
-0.4013126081480924,0.04563358378402684,0.3433099970251761,0.0020824239689737974,0.11786175405742644,0.017361609402295846,0.9826383905977041,0.027938777275469624,0.04789743889176838,0.09549271526479661
-0.3945779328107087,0.04778388458462477,0.3329028957725796,0.002283299625996741,0.110824338013769,0.020186962380637604,0.9798130376193623,0.02556419936051473,0.041786218650672,0.005529877246041065
-0.3423998581540026,0.042680711760826225,0.3460294883716603,0.00182164315641073,0.119736406822753,0.014985787915510146,0.9850142120844899,-0.032524237518529134,0.030895996691191537,0.06435567213924548
-0.41884838615401354,0.03969396876272182,0.3127301369346056,0.0015756111561359355,0.09780013854713718,0.01585508698893408,0.9841449130110659,0.03168284976393414,-0.04048082375413578,0.10937819092865608
-0.3686415334159392,0.03853383561442985,0.4249736207292929,0.0014848564871599024,0.1806025783157649,0.00815463455107146,0.9918453654489285,-0.008701404788615322,-0.041541839348276134,0.04962856671853027
-0.41447327522608346,0.031741168342640735,0.4760460331087218,0.0010075017677558585,0.22661982563855024,0.004426101994148999,0.995573898005851,-0.060264096576019124,0.020913575904210835,0.0002741490754335843
-0.3961696467861139,0.025568937975017338,0.5085743077068801,0.0006537705891702837,0.2586478264595323,0.002521274826731943,0.9974787251732681,-0.05384453188209867,0.005101122317165911,-0.028160086525461932
-0.2991612554186591,0.022479346848693543,0.39952424362872063,0.0005053210347438684,0.15961962124710133,0.0031557921429531165,0.9968442078570469,-0.0017835129680875833,0.019799990795254456,-0.034472082226148594
-0.2631545724467188,0.026309081892178208,0.43451682072219155,0.0006921677900093392,0.18880486749052117,0.003652657620657006,0.9963473423793431,0.01943007804177021,0.012801911640704308,-0.008317940354016652
-0.33978435156566894,0.02782477161312423,0.3628705193947444,0.0007742179153225239,0.13167501384581157,0.005845393778642591,0.9941546062213573,0.030603959507589252,0.008467231768059162,-0.04431209361556158
-0.2762796873923458,0.01787054379065064,0.5453093511192866,0.00031935633537356217,0.2973622884181374,0.0010728116462739867,0.9989271883537261,0.022814383751223778,0.01241223088296144,-0.041730412097831904
-0.25405047407378145,0.017261320580025507,0.6033948402811805,0.0002979531881664121,0.36408533327795134,0.0008176916978164347,0.9991823083021836,-0.019693052586016002,-0.0020002987091971985,-0.020350971368963185
-0.2935472218195805,0.03051863334264405,0.5818782522259042,0.000931386981102745,0.3385823004134729,0.002743297297526349,0.9972567027024737,-0.019693052586016002,-0.0020002987091971985,-0.020350971368963185
-0.20547061195423377,0.021921176459853205,0.48114476562524305,0.0004805379773840223,0.23150028548857007,0.0020714556065645957,0.9979285443934355,0.012251039083853964,0.010886161376491102,0.001841926455472532
-0.28920160751478474,0.020291631200055994,0.4635043709365296,0.00041175029675908584,0.21483630187726802,0.0019129106749183847,0.9980870893250816,0.012251039083853964,0.010886161376491102,0.001841926455472532
-0.1437066892108969,0.010744292015232039,0.4700440285467731,0.00011543981090857894,0.22094138877247962,0.0005222178009535323,0.9994777821990465,0.012251039083853964,0.010886161376491102,0.001841926455472532
-0.07392355809241323,0.009397427508238874,0.3455498907416457,8.83116437726047e-05,0.11940472699156329,0.0007390526241625729,0.9992609473758375,0.012251039083853964,0.010886161376491102,0.001841926455472532
-0.13871273306640577,0.010468991562140505,0.31839228522189633,0.00010959978432816908,0.10137364728882138,0.0010799790851111523,0.9989200209148889,0.012251039083853964,0.010886161376491102,0.001841926455472532
-0.11670560858239676,0.010078123754672721,0.2761312540904588,0.00010156857841449859,0.07624846948556951,0.0013303016080932475,0.9986696983919068,0.012251039083853964,0.010886161376491102,0.001841926455472532
0.02225162558273841,0.014936504719977385,0.24558231078427767,0.0002230991732499067,0.06031067137014554,0.003685532410210122,0.9963144675897899,0.012251039083853964,0.010886161376491102,0.001841926455472532
0.043667698618588185,0.016446637503315365,0.25243772411893,0.00027049188516545947,0.06372480455834502,0.004226746342275737,0.9957732536577242,0.012251039083853964,0.010886161376491102,0.001841926455472532
0.0056830728733099235,0.017102080229783354,0.25056051842803284,0.0002924811481859467,0.06278057339492459,0.004637180651938069,0.9953628193480619,0.012251039083853964,0.010886161376491102,0.001841926455472532
-0.04423536601875477,0.013932480883009394,0.22810879547743204,0.0001941140235554222,0.05203362257416492,0.0037166845856363416,0.9962833154143637,0.017589481483271524,-0.004166256459598172,0.02476831555235736
-0.02163379095983412,0.009877804950757896,0.18453071042703076,9.75710306452172e-05,0.034051583090704676,0.0028572019763211717,0.9971427980236788,0.0008909603795542523,0.014590071001186075,-0.0008802414756656045
0.01893108720853995,0.0059027482664143925,0.23520558845588638,3.484243709665811e-05,0.055321668840879794,0.0006294189480564349,0.9993705810519435,0.0008909603795542523,0.014590071001186075,-0.0008802414756656045
-0.03501033790958199,0.004186995127198259,0.29745942773807793,1.7530928195181963e-05,0.0884821111502648,0.00019809038526551098,0.9998019096147346,0.0008909603795542523,0.014590071001186075,-0.0008802414756656045
0.01696210436304662,0.0047271801658656,0.2662495617712849,2.234623232055312e-05,0.07088882914340125,0.0003151299100903622,0.9996848700899096,0.0008909603795542523,0.014590071001186075,-0.0008802414756656045
-0.04926220411967094,0.005264309921475988,0.2796505457130202,2.7712958949350528e-05,0.07820442771759002,0.00035424006948669913,0.9996457599305133,0.0008909603795542523,0.014590071001186075,-0.0008802414756656045
-0.07029849221430072,0.0061515501785576986,0.21806585116668242,3.784156959931325e-05,0.04755271544504969,0.0007951487011943381,0.9992048512988057,0.0008909603795542523,0.014590071001186075,-0.0008802414756656045
-0.07353381400858555,0.006060049115570157,0.2055004214435642,3.672419528312264e-05,0.0422304232134825,0.0008688590911509337,0.999131140908849,0.0008909603795542523,0.014590071001186075,-0.0008802414756656045
-0.14697826405349548,0.004660127497510136,0.19183224982732483,2.1716788293050085e-05,0.036799612073813166,0.0005897882820682063,0.9994102117179319,0.0008909603795542523,0.014590071001186075,-0.0008802414756656045
-0.002970725939887585,0.005146952538761511,0.17540404274723384,2.6491120436263563e-05,0.030766578212073438,0.0008602948978618261,0.9991397051021381,0.0008909603795542523,0.014590071001186075,-0.0008802414756656045
0.016314225381021372,0.005926426166491772,0.18092969004944454,3.512252710687836e-05,0.03273555274138807,0.0010717669629665652,0.9989282330370335,0.0008909603795542523,0.014590071001186075,-0.0008802414756656045
-0.01675703689518462,0.005466254797976838,0.2049291005201873,2.9879941516404797e-05,0.041995936240013035,0.0007109901539410717,0.999289009846059,0.0008909603795542523,0.014590071001186075,-0.0008802414756656045
-0.057455763730951306,0.006750181780079571,0.19779193882842883,4.556495406411821e-05,0.03912165106550893,0.0011633442121938924,0.9988366557878061,0.0008909603795542523,0.014590071001186075,-0.0008802414756656045
-0.0385244719151103,0.007238642471181501,0.276998356285547,5.239794482559263e-05,0.07672808938489482,0.000682438294518486,0.9993175617054816,-0.006036702340190128,-0.002642661934564399,-0.009649710142473565
-0.03346545926742994,0.00574518698507438,0.25980049306697356,3.300717349346804e-05,0.06749629619784257,0.0004887829704382601,0.9995112170295617,-0.006036702340190128,-0.002642661934564399,-0.009649710142473565
-0.037498731183076846,0.005942546392657472,0.4586979667328379,3.531385762888633e-05,0.21040382468483967,0.00016781031263231325,0.9998321896873676,-0.006036702340190128,-0.002642661934564399,-0.009649710142473565
-0.07267281347206307,0.0044951082885832565,0.4377064603065532,2.0205998526089894e-05,0.1915869453940922,0.00010545534641703532,0.999894544653583,-0.006036702340190128,-0.002642661934564399,-0.009649710142473565
-0.12044838198352205,0.004913448938005872,0.4014470752371777,2.4141980466391027e-05,0.1611597542164842,0.000149779109675398,0.9998502208903247,-0.009257279995942174,-0.0016918288488458166,0.0021443369081124205
-0.19129663629130808,0.006505913086216255,0.2587683197279449,4.232690508539992e-05,0.06696104329482391,0.0006317130759111757,0.9993682869240887,-0.009257279995942174,-0.0016918288488458166,0.0021443369081124205
-0.22968217724445233,0.005549968881763714,0.2898321690976346,3.080215458854557e-05,0.08400268624383986,0.00036654618504593266,0.999633453814954,-0.009257279995942174,-0.0016918288488458166,0.0021443369081124205
-0.1617565274831049,0.005512191976026968,0.17988805704589583,3.038426038057609e-05,0.03235971306774747,0.000938072524845115,0.999061927475155,-0.009257279995942174,-0.0016918288488458166,0.0021443369081124205
-0.15085152716438535,0.006481160270921875,0.15259492035408395,4.2005438457376114e-05,0.023285209717869224,0.001800705235317546,0.9981992947646825,-0.009257279995942174,-0.0016918288488458166,0.0021443369081124205
-0.11504466508069511,0.004901367739460267,0.13790522707100059,2.4023405717421844e-05,0.019017851653504232,0.001261609250281669,0.9987383907497183,-0.009257279995942174,-0.0016918288488458166,0.0021443369081124205
-0.0056983275621556514,0.007045652827775639,0.20868964146039193,4.964122376954286e-05,0.04355136645286693,0.0011385338645772407,0.9988614661354228,-0.009257279995942174,-0.0016918288488458166,0.0021443369081124205
-0.013106184723754306,0.00766455166753611,0.3077020405922348,5.874535226433057e-05,0.09468054578462533,0.0006200737999976048,0.9993799262000024,-0.009257279995942174,-0.0016918288488458166,0.0021443369081124205
-0.1312810392238417,0.005847625049323667,0.2667199916048744,3.419471871747762e-05,0.07113955392170428,0.0004804400410358236,0.9995195599589642,-0.009257279995942174,-0.0016918288488458166,0.0021443369081124205
-0.15644492764315054,0.009607051429780415,0.19816330127157344,9.22954371744459e-05,0.03926869397084838,0.00234484545644154,0.9976551545435584,-0.009257279995942174,-0.0016918288488458166,0.0021443369081124205
-0.20290541953473512,0.015967682034698682,0.25458199406961335,0.000254966869561239,0.06481199170446064,0.003918530620594199,0.9960814693794058,-0.005432154190258603,-0.0012646796985937995,-0.012321488604946477
-0.18485943330380966,0.012317436692793775,0.3017087213862341,0.00015171924668098245,0.09102815256051625,0.0016639554725608485,0.9983360445274392,-0.005432154190258603,-0.0012646796985937995,-0.012321488604946477
-0.11597877497592068,0.017546535127456513,0.2838253786176456,0.0003078808949790653,0.08055684554744989,0.0038073571571191657,0.9961926428428809,-0.005432154190258603,-0.0012646796985937995,-0.012321488604946477
-0.18758134855181252,0.021808132060856484,0.20238968784740505,0.00047559462398375646,0.04096158574697006,0.011477485189053395,0.9885225148109467,-0.01763284225763471,0.003785438725934443,-0.003664599515301851
-0.16157411512351127,0.02746957396524171,0.17029825145418137,0.0007545774938318852,0.029001494448351588,0.02535877367476599,0.974641226325234,0.0028479906230067277,0.030247115953163206,-0.0078496197428162
-0.07786986568199916,0.021072566695670338,0.1901784734558344,0.0004440530671434747,0.036167851765991514,0.012128652392365881,0.9878713476076341,0.000790650197609218,0.005391018487805953,0.025483872571844042
-0.09255238658391844,0.030154218950786415,0.19246447170120523,0.0009092769205319665,0.03704257286722403,0.023958698340583045,0.976041301659417,0.0030733433904061858,-0.03567778390898031,-0.06095120102967086
-0.05085036038501877,0.03702149734366639,0.22930366440185593,0.0013705912655670974,0.052580170508118966,0.02540448402409008,0.9745955159759099,-0.01903237574606323,-0.05411245583966323,-0.04582123147690792
-0.1257867338955413,0.03972923787078148,0.23835771788958615,0.0015784123417931376,0.05681440167753154,0.027030934684373554,0.9729690653156264,-0.045488811417261736,-0.030785226742688947,-0.07287710995839652
-0.024866671262820196,0.040866773493433185,0.21391909150134505,0.0016700931757635733,0.04576137770876084,0.035210655385947115,0.9647893446140529,-0.08304110515064583,0.005375486450265042,-0.043154599231280885
-0.07195098991163829,0.03648606898556102,0.19188805053656469,0.0013312332300191177,0.036821023938723205,0.03489264669535151,0.9651073533046486,-0.0323547587395747,-0.00865974018716239,-0.009316953235747813
-0.06454074365187756,0.03203316643354959,0.18199558860973555,0.0010261237517594879,0.033122394273404104,0.030048851636939294,0.9699511483630608,-0.04959946682116735,0.03443713875678414,-0.016919255394899232
-0.05919233045449232,0.03711148118887746,0.1920862680056025,0.0013772620360324053,0.03689713435632015,0.035983899573856906,0.9640161004261432,-0.020937840136517387,0.06652999214085915,-0.008443413221327432
-0.15659835533685404,0.043570464375851076,0.20803302403966045,0.0018983853659273076,0.04327773909108595,0.0420218730301598,0.9579781269698403,-0.022509469007503047,0.017953196132912845,-0.03150110954635675
-0.18533772043262686,0.04463992977171093,0.25889482582361,0.001992723330023284,0.06702653083823737,0.028871991649826637,0.9711280083501733,0.05214081449826055,-0.032346558361161584,-0.040095742352344685
-0.1392620756556584,0.03664213338770869,0.23239306458722941,0.001342645939202636,0.05400653646824418,0.024257737527519342,0.9757422624724806,0.019858772411968303,-0.05256341572389377,0.012253913229750363
-0.1228168456781293,0.033028020945453325,0.21503472021908962,0.0010908501675733035,0.04623993089970215,0.023047373040871243,0.9769526269591287,-0.03354797947869534,-0.014552865505785675,0.03049600387573857
-0.0706546681633592,0.03905030803502082,0.18687895699695867,0.0015249265576300114,0.034923744568271124,0.0418376448447902,0.9581623551552098,-0.03797999705198925,-0.05162668867866305,0.02057406736075705
-0.07485352265999548,0.051661514606517786,0.23908732024474283,0.0026689120914394505,0.05716274670181221,0.0446070215211963,0.9553929784788038,-0.025458959836118455,-0.05453594206019545,-0.010317697772293924
-0.08215494555759867,0.05134064485147721,0.15463596883334088,0.0026358618137655135,0.02391228285702597,0.0992861025300014,0.9007138974699986,-0.025458959836118455,-0.05453594206019545,-0.010317697772293924
-0.17718741342325678,0.05733694334105129,0.18866612226729787,0.0032875250716949264,0.03559490569137899,0.08455039994096875,0.9154496000590312,-0.12523738814409782,-0.03175901611324783,0.04056100200198051
-0.09047090613936111,0.07319430053475044,0.16562645087365313,0.005357405630771369,0.027432121229002633,0.1633877077178507,0.8366122922821493,-0.009194358166736978,-0.040179532845234456,-0.011984240708503499
-0.04612355165809746,0.07532576598187679,0.13450135036647404,0.005673971020756467,0.018090613250405004,0.2387574281129706,0.7612425718870294,-0.00046545621514592836,-0.07017482966907432,-0.019909624961105994
-0.10536414672732633,0.08218475644697405,0.12838632082290494,0.006754334192248443,0.016483047374441874,0.2906667505916613,0.7093332494083386,-0.0710992256227217,-0.1422260135517098,0.08080699367509755
-0.03342148908849807,0.0851573923247388,0.1585490737974127,0.007251781467549483,0.02513780880201742,0.2238923495850215,0.7761076504149785,-0.05549527329511075,-0.19340996329507484,0.11048774132657099
-0.053818996166780785,0.0740459473830377,0.13037347562628215,0.005482802323851587,0.016997243146876787,0.24389640719325198,0.7561035928067481,-0.09940899668220647,-0.07826136186040325,-0.021003101797671328
-0.029199345485046265,0.06980568116403521,0.11421407573935523,0.00487283312277494,0.013044855096995173,0.27195657514557753,0.7280434248544225,-0.0767563928525236,-0.09353240160530217,-0.011566188139648043
0.012657967387808534,0.08788452792869517,0.14692385241026204,0.007723690249249601,0.021586618407072464,0.26351446311308785,0.7364855368869121,-0.193358985798809,-0.0038470274218682507,0.04382138455407527
-0.025845953130716123,0.09022040063288676,0.15731608347937384,0.008139720690358595,0.024748350121289318,0.24749766372662282,0.7525023362733771,-0.16679467574494453,0.054785971127089245,0.0606411451085732
-0.05034652770237964,0.07620278419503529,0.16972219679882336,0.00580686431907512,0.028805624086218527,0.16776789495975722,0.8322321050402427,-0.21151317678893122,-0.0036078889338890287,0.08694722714523656
-0.06576348528758708,0.09533768333625872,0.19761802976140613,0.009089273863924744,0.03905288568678,0.1888007091653554,0.8111992908346446,-0.09602500986303045,0.13568548440337153,-0.010747926287051325
-0.08965323380378737,0.12052058734133403,0.3162802730113247,0.014525211973100124,0.1000332110961181,0.1267930509511617,0.8732069490488383,-0.11647683005835463,0.13366057129736064,-0.05048677413795343
-0.07802169572972463,0.09704619135751807,0.2945084824296283,0.009417963257000016,0.08673524622300267,0.09794746642293518,0.9020525335770648,0.02785998962057073,0.1450056539847466,-0.015922149910006695
-0.056593700541207215,0.06950399855278176,0.24326477654515363,0.004830805814825089,0.05917775150756353,0.07547124973453187,0.9245287502654682,-0.016851274266660013,0.11137791419832219,-0.007875855433818843
-0.17868641613728192,0.09188460411501188,0.20547881328696757,0.008442780473372458,0.04222154270982048,0.1666415327970514,0.8333584672029486,-0.0825802846500488,0.011608029731746392,0.06417413611117732
-0.06666141914164224,0.10163150474694135,0.2039840137850388,0.010328962757127563,0.0416094778798549,0.19886932742784125,0.8011306725721586,-0.07192467252688879,0.17405958246882547,0.12197472464931458
-0.06501174760001562,0.13954393733296613,0.15855736027385184,0.01947251044638678,0.025140436497012048,0.43647666833333987,0.56352333166666,-0.07699432048931126,0.1914133179275698,0.03838396537392271
-0.1553348755664338,0.2021441826711906,0.21379118684420145,0.04086227058780368,0.04570667157225226,0.47201998278151625,0.5279800172184838,-0.1252092618254269,0.13269142670135997,0.06729199922872843
-0.22323084540841026,0.2795247688733874,0.26065859106068173,0.07813409641372064,0.06794290109373971,0.5348829572549931,0.465117042745007,-0.19604409222712296,0.046559663087973484,0.12312555655109103
-0.13757627617523477,0.29161633106660684,0.27498223417721823,0.08504008454474885,0.07561522911309448,0.5293325356537133,0.4706674643462867,-0.20102654750847262,0.1254266506999213,0.02956318919647312
-0.05729663734110519,0.2707468282798916,0.29338061352477823,0.07330384502362111,0.08607218439217529,0.45994272345923853,0.5400572765407614,-0.1730571667986462,0.01470745672252969,0.022762984953168187
0.040160771894429355,0.3603450901735995,0.2613380933816524,0.12984858401221955,0.06829759905235729,0.6553171098425916,0.3446828901574085,-0.18459832147503694,-0.14525728547179095,-0.04423445115523875
-0.0665158465772707,0.3214186855944266,0.204662435973765,0.10330997144924886,0.04188671269871545,0.7115174293096781,0.28848257069032185,-0.15759284090482956,-0.13591542547436658,-0.00818092683830339
-0.01173844317276591,0.2946247906942315,0.21057059110936227,0.0868037672916197,0.044339973840146235,0.6618979033425935,0.3381020966574066,-0.2028311235857916,-0.03458678408420288,0.15990067728896154
-0.0827821339931959,0.4017023854369385,0.17572413918200383,0.16136480646572668,0.030878973091256253,0.8393759571185323,0.1606240428814677,-0.14165401690540197,-0.14192282171849951,0.05925706262516877
-0.008936784421550107,0.3778773340317078,0.18210885087567774,0.1427912795749109,0.033163633567259834,0.8115219804037881,0.18847801959621202,-0.07838019661131462,-0.13273448089175857,-0.014112836434365441
-0.04933827729246473,0.2439922382249671,0.20882057999170947,0.059532212314029095,0.043606034628073935,0.5772079134469649,0.42279208655303513,-0.1016049630245469,-0.1153164987383843,-0.06457784042692327
-0.07046140914045619,0.2194001943795921,0.2419098817625477,0.048136445293802795,0.05852039089436981,0.4513207686835618,0.5486792313164381,-0.17219426572340457,-0.0781202930195306,-0.031462981925056574
-0.0818801990581062,0.21742289417586289,0.14810571513647292,0.04727271491180847,0.021935302856086063,0.683052577381261,0.3169474226187389,-0.19221909155795658,-0.03140178378743312,-0.010392822515450303
-0.15029722951706284,0.16229691624107606,0.13021512016704004,0.02634028902136286,0.016955977520116676,0.6083732184189097,0.3916267815810904,-0.12182790020927446,-0.049436808339751365,0.023557352863385575
-0.1576267542720151,0.12968515722111326,0.14995781936773514,0.016818240003464865,0.02248734758952628,0.4278842025621783,0.5721157974378217,-0.10009940659755104,-0.06252173158555713,0.034553668366739704
-0.10779184334014211,0.0933413668057148,0.16095168206529634,0.008712610757158996,0.025905443959648236,0.2516782305774386,0.7483217694225613,-0.08177822430902527,-0.025699045241262868,0.0542534958040043
-0.11092481362371917,0.09370770015347236,0.186474616472443,0.008781133068053084,0.034772782588544715,0.20161523793378763,0.7983847620662123,-0.04864355838652841,-0.10104938285031996,0.05070345744850838
-0.060320181651381664,0.08482893750353473,0.13347437507484175,0.007195948637978602,0.017815408801619536,0.28770724081476406,0.7122927591852359,-0.0411258765981169,-0.053284131224427794,0.04717150306617206
-0.09811293395320525,0.08448472393531296,0.12534524746147696,0.007137668578426043,0.015711431061178897,0.3123829249732946,0.6876170750267053,-0.040272557764221784,-0.04022030898179465,0.05827648661045081
-0.1047934295011086,0.08422688601314306,0.16309698306788856,0.0070941683274709936,0.026600625885847128,0.21054196925966,0.78945803074034,-0.07332609021870067,-0.051964442198162174,0.07252039158456179
-0.13976395874992167,0.15034072561811504,0.1997437100630117,0.022602333779381353,0.03989754970973648,0.3616380146263274,0.6383619853736726,0.015287284080416234,-0.019270911938673727,0.08783753197941807
-0.055976576956828804,0.13541882153221152,0.245904151876673,0.018338257225172953,0.06046885191018586,0.2326980068977689,0.767301993102231,0.07056087501166114,-0.09162917157004655,0.1399477716092347
-0.04362968067249687,0.09142587992457224,0.27097515021867175,0.008358691519982302,0.07342753203603172,0.10220170533069756,0.8977982946693024,-0.1190522400656475,-0.020122263867335385,0.05869068687356234
0.006443928236048757,0.08517849043223089,0.23967960478141845,0.007255375232313649,0.057446312948176946,0.11213579485088847,0.8878642051491115,-0.053662313406357,-0.09740973039948861,0.05281091806860228
-0.031119905517164734,0.0958415407240624,0.23825640174091103,0.009185600928362112,0.056766112970526396,0.13927766824141496,0.8607223317585849,-0.07488379885300792,-0.12002586302423786,-0.07598819754342669
-0.05473587683386819,0.08709377960518849,0.25951343097244917,0.007585326445917147,0.06734722085509214,0.10122872795777726,0.8987712720422226,-0.09589747098961507,-0.14464004332060434,-0.08723387013185789
0.031112856797520565,0.08985479664535172,0.24506345706553928,0.00807388448017751,0.06005609798891341,0.11850706821832009,0.8814929317816799,-0.0926921127957453,-0.09600475555342378,-0.06700979550904994
0.00156568750694671,0.10263915972644518,0.26279582078200425,0.010534797109350725,0.0690616434204873,0.1323526157605199,0.8676473842394802,-0.14632311627466907,-0.049283243150484886,-0.07252678307648437
0.013849001568401402,0.09656016694190253,0.17703002788405175,0.009323865839848086,0.03133963077262814,0.2292932634078342,0.7707067365921657,-0.16023981675816407,-0.10671588475972271,0.026464597861119713
0.053138522245173014,0.1427432778222239,0.15046083216626346,0.0203756433634326,0.022638462016164502,0.47369678349970723,0.5263032165002928,-0.19611467437991217,-0.17745053488509058,-0.12448601616872187
0.043844077516310635,0.12250642686305953,0.12978967945774184,0.015007824622754153,0.016845360893743375,0.47115616160214935,0.5288438383978505,-0.23788403239584527,-0.15968213532859635,-0.07299532773706165
0.011650813385236188,0.12088142982312733,0.18449560144385305,0.014612320076083657,0.03403862695212907,0.30035016723538716,0.6996498327646128,-0.2547016128573504,-0.1770709770264708,-0.15880260690232917
0.08034161342427328,0.14599010258383838,0.19038806540846573,0.021313110052439653,0.036247615449978225,0.37027174112919026,0.6297282588708097,-0.2842437356540477,-0.13742583456862134,-0.11194160072050284
0.07500349458284306,0.1255650241873049,0.23908730420100302,0.015766575299158463,0.05716273903010296,0.21618981947335328,0.7838101805266467,-0.2137459134386775,-0.19294972761867557,0.0008770140699247628
0.05853118214237316,0.12278410603004576,0.269399830087627,0.01507593669359752,0.0725762684512423,0.17199723234213526,0.8280027676578647,-0.12935809859820407,-0.36215729339730024,-0.030030590835248717
0.10220377676306194,0.15603690720947738,0.19729308586842279,0.024347516411499053,0.03892456173148485,0.3848066497275133,0.6151933502724868,-0.1800726676088095,-0.32628380585172484,-0.002668403010746008
0.012415648113013728,0.09854538234689443,0.17528099306225955,0.009711192381895613,0.030723426528891883,0.24017024627638517,0.7598297537236149,-0.19026289456813972,-0.22358856191701107,-0.02605596673653751
0.007186697324086295,0.09034125343660973,0.1572265225001552,0.00816154207249775,0.02472017937749181,0.24820908737733804,0.751790912622662,-0.15159716123911152,-0.14957994226927393,0.019923696546042785
0.026234263007159534,0.07498342531168425,0.15188508097707984,0.005622514071472931,0.0230690778234141,0.19596382424757994,0.8040361757524201,-0.21621279415964317,-0.10744166987049741,-0.07180788914496729
0.018172898023204598,0.08293332568909413,0.18786366545186603,0.00687793650985336,0.03529275679701064,0.16309754406465635,0.8369024559353436,-0.18857586935657422,-0.027549491547595437,-0.04611051812992713
0.02036305255573836,0.11055232106930281,0.23153993007480572,0.012221815693810213,0.053610739219045925,0.18565002846978176,0.8143499715302183,-0.1825486063543023,-0.051268967599688096,-0.002093793521718946
0.0538272655877607,0.1547166206678858,0.2102313560300954,0.023937232710890467,0.04419722305825273,0.35132345948422744,0.6486765405157725,-0.104870193815323,-0.09946927265771423,0.030601694532802398
0.04065979496301517,0.11494018385131242,0.2325033238087945,0.013211245863773502,0.05405779558213714,0.1963941447626593,0.8036058552373407,-0.10527895160820949,-0.03977840274158945,0.08426112298184367
0.006953297449621691,0.15679414797590935,0.19660391462349802,0.02458440483949136,0.0386530992452837,0.38876304805663975,0.6112369519433603,-0.013151517670827612,-0.07556610869795176,0.05013475280647349
0.01483132947463122,0.16823387157738454,0.2942852489547207,0.028302635545915913,0.08660380775234193,0.2463102567055526,0.7536897432944474,-0.11221870664434294,-0.007690148424108795,0.11764089558577888
0.04571795668279437,0.23921068240865173,0.5072339056107478,0.05722175057841284,0.25728623500113296,0.18194053315679717,0.8180594668432029,-0.07851186954482604,0.11856561392348813,-0.0019962514078180685
0.06697891945433197,0.1872331640805171,0.27522990849408113,0.03505625773160184,0.07575150252966027,0.3163700597227697,0.6836299402772303,-0.024974746957292775,0.05168182749182502,-0.031110436400776986
0.07314424748311199,0.3089864544728584,0.22655521521549463,0.09547262904770779,0.05132726554133909,0.6503589754950087,0.34964102450499135,-0.06516551689265947,-0.10347090136709641,-0.04448345034208047
-0.034365224606610054,0.38366617829597754,0.172224993400478,0.14719973636824082,0.02966144835179469,0.832289666052234,0.16771033394776602,-0.043317562660837666,-0.08670828380260706,0.05659438979177085
-0.06099973580054483,0.28226174528729586,0.14313846210715417,0.07967169285263029,0.02048861933440121,0.7954417384787862,0.20455826152121384,-0.07735106251361801,-0.14282990405194376,0.1673836168482849
-0.16334615850521408,0.34289472824319317,0.17180763528812837,0.1175767946569733,0.029517863543298533,0.7993274269476907,0.20067257305230943,-0.08950908289163054,-0.06766934573461109,0.17510879224294879
-0.1973558135737741,0.3129302514430456,0.11597207474607424,0.09792534226820773,0.01344952212090903,0.879240956254549,0.12075904374545106,0.018154067839301374,-0.019562478177362976,0.19029425222538865
-0.10023067251650856,0.4113543881488723,0.13632910879839766,0.1692124326493331,0.018585625905765346,0.901033982732508,0.09896601726749199,-0.051672143965552794,-0.038728444186863456,0.15733849095091834
-0.061018841316652125,0.42437413209071284,0.2015873029154271,0.1800934039877458,0.04063744069671616,0.8158959580170683,0.1841040419829317,-0.11737235625062462,-0.11049741407770074,0.14620753110338114
-0.014975034378147331,0.5131656458763513,0.24947342834509378,0.26333898010769274,0.062236991450254645,0.8088403417720358,0.1911596582279643,-0.061130915581178384,-0.025509306073914134,0.22368641811968934
-0.09236959766948032,0.4793057319453436,0.22216890668851513,0.22973398467566156,0.049359023099170146,0.8231448953425866,0.1768551046574134,-0.026944743991048264,-0.03609910009696502,0.2712739432010423
-0.05672123221096182,0.5450160452787483,0.25583924866060953,0.29704248961128654,0.0654537211552252,0.8194361231616163,0.18056387683838368,-0.026127225132561986,-0.06309657967066551,0.21890841235749672
-0.09709599671336838,0.5100192097565616,0.23868086051659435,0.2601195943207075,0.056968553176941966,0.8203384338818144,0.17966156611818568,-0.06947838312550306,-0.11001432809408715,0.1835467131272384
-0.18510311710571747,0.4005945021011762,0.18077104928309137,0.16047595511368926,0.03267817225890985,0.8308181517867705,0.16918184821322946,-0.08868679791703701,-0.06544048097477849,0.23945368019674382
-0.1385226780024095,0.269725127978224,0.20865732403160617,0.07275164466286932,0.04353787887203069,0.6256079004488792,0.3743920995511208,0.03195026618003246,-0.08317785599363461,0.1321340403330678
-0.09114959162780047,0.16256471526050678,0.274416486237469,0.026427286647729645,0.07530440791891901,0.25977436786345903,0.740225632136541,-0.10556966367683812,-0.2941869952973181,0.08691864618705987
-0.11111780408773322,0.16074589304306966,0.3403291531528949,0.02583924213021399,0.1158239324857666,0.1823991464278476,0.8176008535721523,-0.12183333420251402,-0.207030030611849,0.13047634897642554
-0.23106815787357046,0.20341395012205604,0.2449766139443767,0.0413772351042583,0.06001354137965218,0.40809663895634907,0.5919033610436509,-0.22102751788562452,-0.17430012801940356,0.20436535411364065
-0.22737855584200206,0.16343581363962267,0.22416241634639186,0.026711265180045473,0.05024878890225313,0.34707960510892194,0.6529203948910781,-0.16216541963760286,-0.15486148696763852,0.14024130221669417
-0.12774556879370663,0.1931470221760599,0.18970283191198123,0.03730577217547937,0.035987164435425406,0.5089954625986276,0.49100453740137234,-0.12009774698602078,-0.04987112368758097,0.05713337081234511
-0.16490437889170045,0.20172399750652298,0.14580822043075312,0.04069257117001169,0.02126003714518309,0.656833865056675,0.343166134943325,-0.004082420955403884,0.03170523179853454,0.12884480936487167
-0.16395074166808854,0.33289080547847677,0.1603134279847927,0.11081628837210906,0.025700395192235315,0.8117417262035819,0.1882582737964181,0.029323958826598766,0.0583111974649268,0.027853330179433283
-0.22641223413593767,0.37899403455692654,0.22144402930281673,0.14363647822973682,0.049037458113866755,0.7454899243537736,0.2545100756462264,0.03786713559366965,0.12976057380071354,0.07717864343272353
-0.3590497263529071,0.28103214782882324,0.2149043043214567,0.07897906811328156,0.046183860015889276,0.6310100705839469,0.3689899294160531,0.142501188183163,0.26186032784397634,0.10474497928592083
-0.33903010730764777,0.1884763717392776,0.24058400290356657,0.035523342704002356,0.05788066245310333,0.3803192662268822,0.6196807337731178,0.09342196166500301,0.3784291285578499,0.24399490172597155
-0.3369350923167164,0.2554716153860193,0.30948313782610015,0.06526574626794218,0.0957798125986889,0.4052626270929434,0.5947373729070565,0.12124579072920379,0.35636757876027286,0.17851414871547916
-0.3392755207728015,0.27074695691025863,0.248372924286468,0.07330391467616544,0.06168910951861157,0.5430200198374519,0.45697998016254804,0.11826114463198528,0.2698419458030449,0.23776912902158506
-0.3561365282280402,0.2707568468904876,0.2179040767659826,0.07330927013807896,0.047482186671235244,0.6069077406178456,0.3930922593821544,0.05033171894334101,0.26387418994763,0.248198432967125
-0.35547541782101016,0.3251043921019996,0.18116473417960274,0.1056928657640107,0.032820660910366124,0.763050860819375,0.23694913918062496,0.05487675697651018,0.29711022949144944,0.19765247319088294
-0.30121564020849617,0.285150705040549,0.23059223141109497,0.08131092458512218,0.053172777187147975,0.6046154553568964,0.3953845446431036,0.12204843286192621,0.27387376055781704,0.3117498362448695
-0.346793645281553,0.2883596328410426,0.29731996842794156,0.0831512778522209,0.08839916362599216,0.48470454016745346,0.5152954598325464,0.034705508758470796,0.3640682762166204,0.28229514863247435
-0.2507571428441924,0.2898489360901256,0.19199055583310215,0.0840124057525777,0.03686037352910351,0.6950481841473645,0.30495181585263553,-0.03683687537367157,0.35595532736476543,0.18406625963783751
-0.24333648809334227,0.3182104071887302,0.1846125926525888,0.10125786324321749,0.03408180936591069,0.748175766138125,0.25182423386187497,0.02350653468428222,0.37434914030477506,0.14997451945800394
-0.2475891430858695,0.21056239553734085,0.18728988865220625,0.04433652241442358,0.03507750239135581,0.558295874347839,0.44170412565216105,-0.03237777801152323,0.21520624523580778,0.3063419613998011
-0.317720369963305,0.187033761670694,0.3011245889687069,0.034981628004689964,0.09067601808157269,0.27838837583091003,0.7216116241690901,0.07449325311382966,0.17131296739965493,0.35421032571116173
-0.3402689329098635,0.23421948810356952,0.30915348809859317,0.054858768607498144,0.09557587920352699,0.36466844178351326,0.6353315582164867,0.02237756850951633,0.14126374976227113,0.3660278117364876
-0.2289182184039229,0.365395236434858,0.27810483448442797,0.13351367880928577,0.07734229896361107,0.6331984524199127,0.36680154758008743,0.0302300546771659,0.10650036528150894,0.46657302921062044
-0.13360802412122652,0.4538354575430002,0.27580776147392405,0.20596662252326434,0.07606992128925698,0.7302834580903704,0.26971654190962957,0.19089954932919884,0.12518596902104592,0.28989072025759577
-0.16488588744910562,0.429126069391902,0.3009331571400238,0.1841491834317435,0.09056076506626225,0.6703404242860187,0.3296595757139814,0.12467190220884115,0.13970316060165583,0.25416475799846655
-0.20062067617572063,0.3956872205774663,0.24563769476630862,0.15656837652832048,0.0603378770901062,0.7218250922527557,0.2781749077472442,0.11855667031686325,0.09762565526136113,0.14495838462177912
-0.13792896628814325,0.6660493356000219,0.2065525932350785,0.4436217174532306,0.042663973772135794,0.9122656196923479,0.08773438030765214,0.08192384848578839,0.14494939533418533,0.16165667778092457
-0.1594541178885678,0.7081582576020798,0.17974881897453152,0.5014881178100137,0.0323096379227389,0.9394721360744821,0.06052786392551792,-0.0291079808912722,0.06695288314563447,0.1958797506261017
-0.16456353770162127,0.7613694005816106,0.1708547085938422,0.5796833641420011,0.029191331448686735,0.9520569147312531,0.04794308526874703,-0.06312685762760319,0.19344376042966718,0.17121348702505013
-0.17986689269503037,0.5780093094671518,0.1634835047446274,0.33409476183069364,0.026726856323586606,0.925927785423991,0.07407221457600893,0.0419284250423764,0.23156003239586204,0.16740535137309095
-0.23397230607505454,0.4401237232650083,0.14678090666537083,0.19370889178065362,0.0215446345615083,0.8999104222466421,0.10008957775335797,-0.007399345225058369,0.12830887918485714,0.1230769338444128
-0.24138981946131916,0.7256943093621808,0.20448678445599777,0.5266322306406526,0.04181484501715369,0.9264402143880051,0.07355978561199493,-0.045420589112974044,0.14029606375609402,0.3356924544604645
-0.2795209785418351,0.8290442972376322,0.21535429712604065,0.6873144467822394,0.046377473290651,0.9367889000521588,0.0632110999478412,-0.02174532823717964,0.035417489201681876,0.23232809904386256
-0.2644113248608345,0.8125806299321119,0.22543242675154215,0.6602872801408678,0.05081977903108942,0.9285342785230312,0.07146572147696872,-0.0012827557859736369,-0.008483396862550521,0.1640769607924258
-0.1830810398592281,0.5900165651974627,0.27806384125496486,0.3481195472074118,0.0773194998134663,0.818259512485059,0.181740487514941,-0.02894584024065496,0.10037255118146843,0.2090503467457161
-0.23476627182312593,0.5761042821894298,0.2330566478484414,0.3318961439569981,0.054315401106352426,0.8593636005949977,0.14063639940500233,0.014128183230370281,0.13655717992830352,0.19080415445230423
-0.2411426424832707,0.7445862208698316,0.25154999633578373,0.5544086403092177,0.06327740065653281,0.8975573406878374,0.10244265931216247,-0.07730194404860205,0.14367294157721092,0.14148137080873446
-0.16983879098190163,0.7599040332942035,0.2028780906836383,0.5774541398167979,0.041159519679438566,0.9334649032597235,0.06653509674027651,-0.1358429118959077,-0.04830534122569581,0.24861916312738386
-0.1410732385286705,0.7454545904124916,0.2103228562027152,0.5557025463670556,0.04423570384126802,0.9262662385238688,0.07373376147613114,-0.17124895089437428,0.0032508075754522567,0.19023755965443523
-0.13037962614714488,0.8227018502180942,0.20888933428950268,0.6768383343522755,0.0436347539799116,0.9394359696613775,0.06056403033862247,-0.14772738183926343,0.02306003523317341,0.16198166998946315
-0.12254093869943206,0.6509943913052035,0.2070491477497877,0.42379369751083246,0.04286934958391341,0.9081363955196355,0.09186360448036443,-0.07477549771690314,0.09534918109615904,0.1158507418417366
-0.11935047922890435,0.5759989645271941,0.2262504587241088,0.33177480713639984,0.05118927007286966,0.8663340163759081,0.13366598362409182,-0.14443918236676642,0.0944675394502613,0.1486362497772091
-0.12002923358974174,0.3838239876430127,0.20511485751965214,0.14732085349018353,0.0420721047753072,0.7778581360119493,0.22214186398805066,-0.0672357306361271,0.20083408163506214,0.1533200929545854
-0.19770909473115755,0.3207225110918183,0.20997176984946977,0.10286292912104153,0.044088144133718705,0.6999807952590742,0.30001920474092586,0.07182359958444673,0.14868783664237753,0.11696476597446308
-0.09596859038906545,0.3564177311724257,0.25763579556797706,0.1270335990940995,0.06637620315794447,0.6568105525931637,0.34318944740683643,0.07946623010099373,-0.015192567462863467,0.14318005400149203
-0.09023780852693986,0.3919250858443866,0.18940630011417886,0.15360527291412981,0.03587474652294239,0.8106673905273866,0.1893326094726134,-0.0818393982613397,0.09179766967940024,0.1297856836816484
-0.15598752642528038,0.30278129970403483,0.18924404776682052,0.09167651545046457,0.035813309615170645,0.7190888794714951,0.28091112052850475,0.013111869878651351,0.05254731398032187,0.21143053842523052
-0.16316676881209394,0.25188577508941595,0.15298127214482185,0.06344644369239584,0.023403269627048046,0.7305314118773432,0.26946858812265684,0.03478148468194224,0.059824230683715014,0.23745770338902522
-0.21018357110314245,0.2808265990693933,0.18883935465022952,0.07886357874488176,0.035660301864715166,0.6886212580738651,0.3113787419261349,0.04083092348179915,0.06363203808397655,0.21866349482751066
-0.2537227183948336,0.24168646721237314,0.18802668231138636,0.058412348433597515,0.03535403326102701,0.6229561957912917,0.3770438042087082,0.013541544955314927,0.17500795861459892,0.11191662969943168
-0.27799139312778914,0.22127634526406748,0.2026712920397967,0.048963220973422796,0.04107565261708056,0.5438009053301515,0.4561990946698484,0.1146299999814008,0.14057643880929555,0.21645232313205515
-0.26555518728646604,0.21560039475087503,0.1387639172569422,0.04648353021673314,0.0192554247324915,0.7070926249532872,0.2929073750467128,0.23465928063653235,0.12138959438905808,0.23174076537865199
-0.3139789531183257,0.20495811196311595,0.14925451838985598,0.04200782765948517,0.022276911259787858,0.6534650115362127,0.34653498846378733,0.15294927678627662,0.039008434294170384,0.20167797594801862
-0.2320202896081877,0.24304415412200744,0.18650859484673254,0.05907046085288211,0.034785455951702626,0.6293738622347206,0.3706261377652794,0.11576529689595844,0.08369382938677056,0.07191992098201566
-0.17087551143872387,0.23438837472617072,0.21461132167951957,0.054937910206775825,0.046058019393030225,0.5439616272107795,0.45603837278922055,0.06979068619599428,0.11622195317021967,0.070259581181069
-0.2816995247588397,0.18178237262047156,0.20331358569416014,0.03304483099552797,0.0413364141278166,0.4442629447884416,0.5557370552115584,0.12673818066529635,0.02234039918017655,0.0670580953531898
-0.1797067675305379,0.31430443364921534,0.18939474346227328,0.09878727701155401,0.035870368851140304,0.73361803096041,0.26638196903958994,-0.039481377297485444,-0.049609583638124774,0.014467283764958788
-0.15951682492978653,0.2552371211659931,0.2048280977617269,0.06514598802110386,0.04195454963268755,0.6082694769627766,0.39173052303722344,-0.0722513311318968,-0.03709161620628238,0.05478789251107721
-0.2024415808582826,0.3505130411999538,0.27683580880594905,0.12285939205124051,0.07663806503724398,0.6158444014489259,0.3841555985510741,0.04393590389063873,0.06482837282326762,0.01658066608249826
-0.1236086693591569,0.2779366692641655,0.34636721513026403,0.07724879212165811,0.11997024771709461,0.3916903367180832,0.6083096632819168,-0.0067135758034715665,0.2065866611504284,0.010843080832229093
-0.1981077533951008,0.25566070441982924,0.23960119042033112,0.06536239578444329,0.05740873045083977,0.5323922471736589,0.46760775282634115,-0.02724015020141396,0.1487012092193971,0.044981889347869695
-0.21285246835636315,0.16701053705383453,0.2181600482172595,0.02789251948701024,0.047593806638156995,0.3695042654580965,0.6304957345419036,0.005714348612367623,0.07986214365162563,0.04196743912961964
-0.25362357325828977,0.15621439043634136,0.21227771223298547,0.0244029357793977,0.04506182711087019,0.35129949004427663,0.6487005099557234,0.05643542193911115,0.10569670146481061,0.07113001011934783
-0.2543163728289835,0.15699110045314785,0.17892545448836888,0.024646205621490357,0.032014318263869364,0.4349801931121676,0.5650198068878324,0.012059256589139113,0.11648337859200128,0.03346554435382946
-0.23276611792291216,0.139121615302359,0.22430428514376816,0.019354823844337572,0.05031241233385685,0.27781816684720956,0.7221818331527905,0.0995993163503987,0.17311654575988666,0.036748281486285755
-0.12320157297692447,0.18464574790820867,0.159492590060387,0.03409405222058175,0.025437886284170656,0.5727018651989644,0.4272981348010357,0.05972161975890441,0.20534548416815565,0.04174024470597412
-0.14961868577961737,0.18444138473401284,0.22134219670550845,0.034018624402600145,0.04899236804241999,0.40980866991960574,0.5901913300803943,0.09547690798618047,0.1932008627056189,0.07978831821942944
-0.2416958151544986,0.13616325463830942,0.19150815642443159,0.01854043191369709,0.036675373977084556,0.3357812426095992,0.6642187573904007,0.05547858280251451,0.11377585152513851,0.06894353746566498
-0.19869430449062656,0.15576435463564534,0.15458002773531,0.024262534175059088,0.023894984974649206,0.5038161143565896,0.49618388564341037,0.033830655333272834,0.10234365550314953,-8.625907935719962e-05
-0.17733196340250762,0.2251152609103418,0.2123868083019416,0.050676880694731266,0.045108156340685684,0.5290688636054216,0.4709311363945784,0.05842386005574838,0.15582882361189834,0.14927780319896816
-0.21103952263018955,0.20463434223826465,0.2777154464821607,0.04187521402328723,0.07712586921478586,0.3518893516247398,0.6481106483752602,0.11649337305121929,0.0011349139824395997,0.19470007971805808
-0.19068480680977673,0.20585920791125792,0.21087317449521736,0.04237801348185052,0.04446749572169039,0.48797011924391664,0.5120298807560834,0.10412304111054844,0.018784329361297696,0.21140915803584498
-0.2152751811713625,0.18381843850939522,0.1703148695659852,0.03378921833603231,0.029007154795278555,0.5380759532939441,0.4619240467060559,0.02510678433973211,0.03178075073881433,0.15450459955265272
-0.18267005184982696,0.20580829169368262,0.22993537665501046,0.04235705292987195,0.05287027743748153,0.44479933194045623,0.5552006680595437,-0.06163374155198577,0.08747231733075264,0.23926127314686174
-0.15284716952115693,0.26736386241396776,0.2280632021594369,0.07148343492491507,0.05201282417921618,0.5788307714215108,0.4211692285784892,-0.051256544147905356,0.11971486037502718,0.1829367392659113
-0.09798880967254953,0.25185062088629634,0.1546999817102065,0.06342873524081297,0.02393208434113822,0.7260547181715932,0.27394528182840683,0.027153764884168805,0.027488794862435665,0.11496386070156844
-0.1354559170186218,0.201319423404934,0.1511303233933409,0.04052951024009509,0.022840374648975804,0.639570520145998,0.36042947985400203,-0.013511103524021805,-0.07759690039225456,0.16061404236167495
-0.09411103327237084,0.22543893904495477,0.22416812507850747,0.05082271523771483,0.050251348301213375,0.5028264765286764,0.49717352347132365,0.042494729232288864,-0.09758379700424204,0.3022748206452106
-0.12998404415212875,0.24204862184456655,0.1806257202796985,0.05858753533685398,0.03262565082655989,0.6423143166152634,0.3576856833847366,-0.03000394726500853,-0.14484477720616934,0.24701291081360885
-0.08365262531942783,0.3248811736569039,0.22505048028876534,0.10554777699668734,0.05064771867820396,0.6757414901155459,0.32425850988445415,0.040783510671316844,-0.12178187860601977,0.3333933911617667
-0.24666615387530053,0.27978904621639383,0.2117571611478866,0.07828191038267937,0.04484109529741201,0.6358024639690657,0.3641975360309343,0.03833853904185866,-0.04497912871454132,0.35460490462357935
-0.21664250799094106,0.6006067258083972,0.25458951539979,0.36072843908628327,0.06481582135149992,0.8476872387261903,0.15231276127380958,0.18902469362566257,-0.03197812312813292,0.3142357027888549
-0.24799076159802574,0.4564965091139888,0.3517414698428408,0.20838906283325806,0.1237220616072021,0.6274678789647632,0.37253212103523686,0.07967575468805883,-0.004460177255625822,0.22490526446231604
-0.24376776555347607,0.3672245851043751,0.33439757966817013,0.13485389590508043,0.1118217412879302,0.5466851021025818,0.45331489789741825,0.08839914328906189,-0.038706452376686955,0.31263470468291854
-0.16646920446509478,0.44542270842894843,0.25134379665725576,0.19840138918418002,0.06317370411808393,0.7584873111558701,0.24151268884412996,0.09497966206071942,-0.06889423097004793,0.18764890283338756
-0.16275248135191092,0.33836697324117276,0.2524166662919277,0.11449220858039252,0.06371417342193039,0.6424697437541834,0.3575302562458166,0.1766497248710818,-0.0475097645787319,0.02033768070805885
-0.1513392661166328,0.3859570627874974,0.2333019805752996,0.14896285431555223,0.054429814140357476,0.7323904811635015,0.2676095188364986,0.1606558898106185,-0.09915071256959032,0.03555969649829055
-0.17112098795523484,0.4927257939610152,0.32769241791394366,0.2427787080345128,0.1073823207582867,0.6933344606380285,0.30666553936197155,0.03477360573093231,-0.18332201235171802,0.09260987408835866
-0.09488248031198744,0.5147907087781981,0.3580652663066985,0.2650094738443596,0.12821073493528692,0.6739467299170937,0.3260532700829064,0.03712299231351577,0.005457987722250972,0.15299567585329796
-0.16821729909943453,0.4464523860148226,0.20746504817288916,0.1993197329783282,0.04304174621337922,0.8224068182908997,0.1775931817091003,0.07031315874682013,-0.044957874332742266,0.23310558103186582
-0.17554358018254765,0.4024757578412441,0.20121711866338968,0.16198673564988378,0.04048832884319664,0.8000330117460942,0.19996698825390585,-0.016439148927096067,-0.025202664024937847,0.3255302963421122
-0.24777657249633386,0.42937253793165336,0.16963435437667004,0.1843607763298691,0.028775814184789673,0.8649888594196566,0.13501114058034336,0.032065617887347915,0.09204403401243551,0.3157377198591626
-0.18169305202815933,0.41728133777380744,0.24796067026309884,0.17412371485429837,0.06148449399732523,0.7390392537806455,0.26096074621935456,-0.036606083573585725,0.11082651523899548,0.306274976778238
-0.15129219295126883,0.3977336277747772,0.20097137123674838,0.15819203866288503,0.040389492056778935,0.7966100275770536,0.20338997242294637,-0.0021525390555972995,0.10380026252894907,0.31200289278321874
-0.2404937874052279,0.7065367258999113,0.21834009686768135,0.49919414504536647,0.04767239790018848,0.9128262671850185,0.08717373281498163,-0.018414728121487086,0.15903742948021676,0.2749398913184066
-0.20802355342009332,0.6039963117376601,0.1901944031735073,0.3648115445926967,0.03617391099852665,0.9097874736000315,0.09021252639996853,-0.05821041618498128,0.28832931163315784,0.17986307377538302
-0.33006779469984826,0.4461454522963203,0.2336997283814619,0.1990457646046882,0.054615563045569075,0.7846910147814419,0.21530898521855812,0.03566933416806939,0.28379621281388134,0.253178287744551
-0.18811164619562593,0.4259999175008779,0.18727121774766697,0.18147592971075477,0.035070508996694096,0.8380462444636467,0.16195375553635336,0.018495109400528488,0.19109193532240404,0.14188066178999664
-0.19111916245481728,0.3586515592805473,0.2223101715825981,0.12863094097436795,0.04942181238908421,0.7224316307639377,0.2775683692360622,-0.050835135522642474,0.1177071244196755,0.22866426668640585
-0.20818133223876975,0.30201361937499854,0.20593876996029303,0.09121222628798649,0.04241077697275849,0.6826087130372284,0.31739128696277175,-0.0007794698434536434,-0.0070283190578348045,0.20282757586269526
-0.19957787173198185,0.3769916248457914,0.18193997550505983,0.14212268520386992,0.03310215468678177,0.811087544965434,0.18891245503456605,0.0852212431500552,-0.02276927788218439,0.1788606693792724
-0.2787121134835611,0.49254575962087793,0.23183435209337466,0.24260132532050765,0.05374716681055481,0.8186352613976362,0.1813647386023638,0.02809739702349728,0.04280038646620229,0.2509018939403773
-0.3922509542123975,0.5137000201301326,0.3105774873096027,0.26388771068169864,0.09645837562354644,0.7323174046024253,0.26768259539757466,0.29354544063664123,-0.03893124886112868,0.33951690121375244
-0.4465776243306115,0.5008152493473143,0.2209477781853098,0.25081591397881253,0.048817920685024864,0.8370747391068359,0.16292526089316395,0.3485740874589428,-0.05146740144281142,0.35906953803213637
-0.34567288514969874,0.4238845599868225,0.2451151854834156,0.17967812019522214,0.06008145415456923,0.7494095728293425,0.2505904271706575,0.34158587795446976,0.0001979225409045396,0.36273551678821647
-0.2860617759516999,0.27344549878937446,0.2217069343026316,0.07477244080816979,0.04915396471787141,0.6033616523514638,0.3966383476485362,0.3733706849461285,-0.059244596282012535,0.2776892028719283
-0.3382563639445907,0.26119354258222155,0.25906047710016905,0.06822206668665078,0.06711233079536721,0.504099977211747,0.49590002278825307,0.28885693823072206,0.013365754695393094,0.2722865395262375
-0.34756071498729574,0.19461293859866646,0.28241490076667736,0.03787419587000832,0.07975817617505222,0.32197085896984323,0.6780291410301567,0.25567374390855024,0.02164988181072688,0.27974397937590784
-0.3410066587521651,0.1913719492307598,0.28907283831446945,0.03662322295238051,0.0835631058511834,0.30472037308202155,0.6952796269179784,0.23905786625380354,0.11232046461664283,0.1834350482483436
-0.2721935299150969,0.18753123428855464,0.3168892579972745,0.03516796383378877,0.10041880183406321,0.259376080405517,0.7406239195944829,0.1874899007820197,0.05831330884480976,0.13788686908021508
-0.28802766686476383,0.30700777602905915,0.3236312663753023,0.09425377454230895,0.10473719657568188,0.4736585484897281,0.5263414515102719,0.2209189445689568,0.23121126327275487,0.14610280975593526
-0.3441704233898305,0.4301958911278194,0.28538645016100117,0.18506850474325867,0.08144542593549761,0.6944046199458587,0.3055953800541414,0.16157393291609365,0.17038928841018952,0.17702949162583503
-0.31719941967151455,0.34046718077143734,0.24279993490029358,0.11591790118245059,0.058951808387586804,0.6628815331566849,0.3371184668433152,0.20392887597316234,0.08675063583206538,0.24608332793222662
-0.29097849709844775,0.34726260818005517,0.35670706457747026,0.12059131904001452,0.12723992991947553,0.48658641533831,0.5134135846616901,0.21776310948056446,0.11143200904853151,0.25080779886535765
-0.19021837975603398,0.27256423760022414,0.32132717213450085,0.07429126361859144,0.10325115155195513,0.4184423398049842,0.5815576601950158,0.25225505367423606,0.1147071354037959,0.25110039471769485
-0.14466412876827003,0.3177976054831607,0.3095334346442496,0.10099531805083066,0.09581094716266593,0.5131712546918684,0.4868287453081316,0.07574407027239874,0.1795838823833612,0.39600737620585463
-0.18312419427523516,0.36226092694887435,0.24872148326809843,0.13123297919385768,0.061862376239082965,0.6796278393108894,0.3203721606891105,0.044643799706293896,0.147358770510998,0.3228738445981226
-0.21042218732425771,0.37786198899562884,0.2917504637655528,0.14277968272773273,0.08511833310741514,0.6265069145271266,0.3734930854728734,0.047895487923126756,0.2274346194034642,0.31263716059911784
-0.2587875759468073,0.31239476936678634,0.2625949864484333,0.09759049192772763,0.06895612690785288,0.5859650145408938,0.41403498545910616,-0.02427752782734975,0.2158821810665784,0.3126407649416588
-0.28123757122111137,0.3663724247434071,0.19163131586608073,0.1342287536123635,0.0367225612205656,0.7851870208985838,0.21481297910141608,0.025963436441620344,0.31673522628154027,0.1831742842047104
-0.19226676521896585,0.21222273377180345,0.20460720657532755,0.04503848872957777,0.04186410898255876,0.5182640095382078,0.4817359904617921,0.09877799766109693,0.27611833509206973,0.17950412034477703
-0.18282024093865754,0.1849359729729097,0.1480502801612019,0.03420131409943679,0.02191888545581037,0.6094296593825816,0.3905703406174183,0.02653087732442927,0.24883301280823958,0.08477481791468493
-0.15386953471769488,0.18031440990950856,0.17499733906921863,0.03251328642101428,0.030624068681307074,0.5149611726421349,0.4850388273578652,0.1120374138940971,0.198195020684583,0.15017496994334725
-0.22879669652108056,0.16800661894038996,0.14494893035348644,0.028226224007781398,0.02101019241061986,0.5732794151369703,0.4267205848630296,0.08497119273557993,0.14463396823029256,0.18946585571601482
-0.24052546770436534,0.1891107593101599,0.153312373966256,0.03576287928686522,0.02350468401116913,0.603414031162832,0.3965859688371679,0.05320164704203552,0.16681398662589136,0.28433626605765
-0.24048158581547693,0.20868099598702974,0.1959834217699652,0.04354775808613873,0.03840950160866407,0.5313471710536003,0.4686528289463996,0.15504007855480606,0.1697271009560251,0.23055022696844749
-0.24467527726717742,0.11280417220007363,0.2563257478315067,0.012724781265743865,0.06570288900138116,0.16224861993736647,0.8377513800626336,0.1257611389327098,0.10550690518381528,0.15108783808326293
-0.23560013612642286,0.13850634369127435,0.23345421556388252,0.019184007242725412,0.054500870764547724,0.26035202556529763,0.7396479744347024,0.12631773726871603,0.09058969961268507,0.16685957125041206
-0.2307255183680991,0.15776027431929435,0.32807556684288014,0.024888304153299002,0.10763357755927712,0.18780524266383958,0.8121947573361604,0.22432521260796986,-0.0207817325709386,0.0651425516006595
-0.3086709634764068,0.147154038899211,0.33753895228519004,0.021654311164350504,0.1139325443097838,0.15970804167282618,0.8402919583271737,0.15704159755153002,-0.05856668533888479,0.041754955267765646
-0.2874952209964784,0.13180479175241638,0.26870444310655445,0.01737250312889785,0.07220207774520356,0.19394456506936048,0.8060554349306396,0.022396323738400475,-0.0630214614296345,0.07687062354112867
-0.23004101324866755,0.15395636820076378,0.28433899418907443,0.023702563309569148,0.0808486636164545,0.2267076533338069,0.7732923466661931,-0.019685079098485138,-0.11592228018933715,0.0839446437692469
-0.1781806590892901,0.10800780162601215,0.2636005845181594,0.011665685212083991,0.06948526815831528,0.14375290403352406,0.8562470959664761,-0.05951968512833393,-0.00018242989777618977,0.13904338317746706
-0.13438383158286002,0.10849233583246713,0.2663109607963011,0.011770586934384831,0.07092152784024904,0.14234231361072294,0.857657686389277,-0.021507485785517495,-0.09093828711185956,0.08813658985173758
-0.11886554906225323,0.09991713878770385,0.1979757792102639,0.009983434623521272,0.03919440915391116,0.20300675785428884,0.7969932421457111,-0.05798771783916842,0.050646166489717794,0.17587238438792754
-0.12891289178002893,0.13374499739331613,0.2355974492444035,0.01788772432773814,0.05550615809046929,0.2437222795465659,0.7562777204534341,-0.10312004029368432,0.0742103816345834,0.1663132554094967
-0.12958686518250412,0.08305814579099877,0.19261712116901572,0.006898655582238806,0.03710135536743928,0.15678758785148159,0.8432124121485183,0.027276890775124737,0.055514809320206734,0.19135047132051058
-0.12070337237748281,0.11424804308718149,0.17909113477096616,0.01305261534925048,0.03207363455355237,0.28924662202962637,0.7107533779703736,-0.0731649135828026,-0.08374990857467146,0.1983592396836382
-0.12322041492723963,0.1451558170349522,0.23874799670136726,0.02107021121908452,0.05700060592891607,0.2698858803942227,0.7301141196057772,0.0515852424073744,-0.1355026230291514,0.1686424317701101
-0.15493192764970926,0.1644846250740572,0.25777469488312493,0.027055191885753168,0.06644779332208815,0.2893511028082585,0.7106488971917415,0.11568176237501651,-0.13357167014112048,0.045130065912043354
-0.17238665203700668,0.12001034240922309,0.22859816133852143,0.01440248228517897,0.052257119367352674,0.21606013129590887,0.7839398687040912,0.037329047684248044,-0.05098881594972893,0.025038107269553928
-0.11178438558492548,0.08952545243798796,0.16376027275760674,0.008014806634226443,0.026817426933645756,0.23009740729400044,0.7699025927059996,0.06661449971037123,0.048596811561209735,0.02253952761317922
-0.031239662283291635,0.06984059534774191,0.19612716517459955,0.004877708758527029,0.03846586491942466,0.11253591581462644,0.8874640841853736,-0.030927431857362152,0.07567224543463263,-0.018234633179365835
-0.07438749895964546,0.05262536850833711,0.2247088840254125,0.002769429410638279,0.050494082559946286,0.05199487056294243,0.9480051294370576,-0.012396385673553268,0.0798429043158771,0.020415051860949038
-0.14162481593624018,0.0368851997694287,0.19153018448224254,0.0013605179620306631,0.036683811567801865,0.03576138622613419,0.9642386137738659,0.010949831343501639,0.044245273302580074,-0.010509371963564948
-0.20783410741272326,0.054132292136847886,0.15869459824156573,0.0029303050519890435,0.02518397551105196,0.10422834919849305,0.895771650801507,0.027918300529488363,-0.009751278063685032,0.050584760648990736
-0.25952049415835543,0.052513740251171705,0.24594193818263052,0.002757692915167531,0.06048743695702885,0.04360324535249091,0.9563967546475091,0.10419114051506347,-0.028319509898141183,0.03394289487304951
-0.17229974064776404,0.05939640111332803,0.21854410027864532,0.003527932465215355,0.04776152376660258,0.0687847507930249,0.9312152492069751,0.09001993262129622,-0.04334654966668301,-0.004855422361011247
-0.1314675351573671,0.05909215908114333,0.2882691557197496,0.0034918832648711505,0.08309910613937724,0.04032617353024297,0.959673826469757,0.09015016963743956,-0.05520521278960145,0.02783446233530016
-0.13070790463515117,0.06937324134573897,0.3127154136965326,0.004812646614814147,0.09779092996339353,0.046905251993294754,0.9530947480067052,0.042175593410484,-0.02475309171538112,-0.009515303721137729
-0.09056185481582518,0.10212958151735735,0.29686790723003414,0.01043045142091054,0.08813055434314016,0.10582736387532847,0.8941726361246716,0.045184603647891064,-0.06351739777816365,-0.04967994611726388
-0.007123806623175072,0.083324677287744,0.20663928662545739,0.00694300184510668,0.04269979477707793,0.1398592004787248,0.8601407995212751,0.030958616954374685,-0.08192631788586274,0.023137672515743016
0.02573305741020724,0.10711684907763833,0.22075093542015334,0.011474019356321547,0.04873097548887271,0.19058251538472537,0.8094174846152745,-0.06352019821531714,-0.18880350315000827,0.030513799012625166
0.013231845683619719,0.1456915578679539,0.2486954492739575,0.02122603003399136,0.061849426489575574,0.25550302005225745,0.7444969799477427,-0.09495098296048088,-0.0793571799456977,0.07863397946552753
0.018530687812149043,0.15144447512704468,0.23311072637582805,0.022935429046506053,0.05434061075146618,0.29679871156011145,0.7032012884398885,-0.023132079473588477,0.041181465285175606,0.047072697535808714
-0.005918962402958536,0.15671344542409438,0.25193005293011966,0.024559103976690606,0.0634687515693729,0.27899241466627844,0.7210075853337217,-0.10296335931497928,-0.02088866925219616,0.021031760598153558
-0.08099852891417679,0.1284322015138949,0.23524334385040893,0.016494830385705705,0.05533943082592173,0.2296234430129529,0.7703765569870471,-0.19520587352870675,-0.05226873690299562,-0.002449894496510445
-0.12010902561701074,0.14422615620389242,0.1966548636366016,0.020801184133349578,0.03867313539193037,0.3497506873451137,0.6502493126548863,-0.1669048569136702,0.04683697344048223,-0.025332370559887393
-0.17312075700324359,0.1432832799706723,0.19727460821365586,0.020530098319154064,0.038917271045851416,0.34534914729531146,0.6546508527046885,-0.057555515530789254,0.08712776895626845,-0.11951420290681847
-0.11848843248925486,0.17050176597298897,0.24993775398711748,0.029070852199907897,0.06246888086812486,0.3175763269737995,0.6824236730262006,0.07352198396732772,0.06437726968299726,-0.022649621834094497
-0.20210687364593885,0.12957402332546936,0.29140963069567105,0.016789427520749276,0.08491957286218739,0.1650731740311743,0.8349268259688257,0.1373540008325995,0.06430429546929373,0.06580240197340093
-0.11638494241739772,0.10969437940410032,0.29600163097841364,0.012032856872850708,0.08761696554188096,0.12075141311111698,0.8792485868888831,0.1813893465392395,0.026490557485947558,0.03303183018511345
-0.1360326293013059,0.09629621179971101,0.36483554199291496,0.009272960406974803,0.133104972701264,0.06512919667070385,0.9348708033292961,0.07514123951058393,-0.06535369806361062,0.014263685419323695
-0.1311467021535509,0.10819222054696548,0.27875708731528914,0.01170555658688322,0.07770551372850373,0.1309184259353261,0.869081574064674,0.0015598620328441254,-0.10245555790604116,0.01103489102437551
-0.11816759670668651,0.07408145946931427,0.19611726690839099,0.005488062637103653,0.03846198237961707,0.12487046679965237,0.8751295332003476,-0.05705626570002591,-0.17135436514189334,-0.009302143420498057
-0.18951728251462616,0.0798569634194215,0.1851110202545398,0.0063771346065708235,0.03426608981967664,0.1569052331992749,0.8430947668007251,-0.01762037119242313,-0.16651263102581754,0.02533853073652305
-0.1954824859907628,0.1271369659610549,0.2725961011791706,0.01616380811378243,0.07430863437808462,0.17866001700170153,0.8213399829982985,0.06095302491777739,-0.11950400454076231,0.04312233003664324
-0.20005715580290895,0.13319576788495752,0.2527325978145179,0.01774111258246348,0.06387376599807486,0.2173759600090121,0.7826240399909878,0.08476376461423646,-0.01649582271745437,0.03393565468799083
-0.2259253580258235,0.0940014761478114,0.2316274496689874,0.008836277517967556,0.053651275440159296,0.14140860218816345,0.8585913978118366,0.011779790219332242,-0.14100982157277336,-0.023061223900307536
-0.14352082881733758,0.13138236988058277,0.17311538800612528,0.017261327115438263,0.029968937564511303,0.3654717421637938,0.6345282578362063,-0.042764934726543885,-0.19009901371013577,-0.01453452829543244
-0.02183916078152518,0.136858564264946,0.1766638589529824,0.018730266612662354,0.031210119060159257,0.37505250230487663,0.6249474976951235,-0.01550808697179365,-0.11767712384745066,0.036403213829859254
-0.04447480169177176,0.16449685463473748,0.22531098654694867,0.027059215184721954,0.05076504065875929,0.34769642049829513,0.6523035795017049,0.03964412510142099,-0.10986134946398597,0.0004762411299420507
-0.11131538639919247,0.14654613767767022,0.20930621795045773,0.021475770468242675,0.04380909287272451,0.3289548199875962,0.6710451800124039,0.06268771848644338,-0.23374504171819852,0.00490350208250168
-0.19289732116983124,0.1645771640542985,0.34061952862737954,0.027085642928155487,0.11602166328233823,0.18926806496039936,0.8107319350396006,0.02984589909334678,-0.21927172090306865,0.04511740416513176
-0.22657181059071663,0.17373706349114124,0.3002285543633331,0.03018456723052484,0.09013718485509688,0.25086542297892495,0.749134577021075,0.09063339588910169,-0.13496771645367905,0.05658058423583808
-0.16549755510321373,0.15869816504847029,0.3024010575313137,0.025185107589751517,0.0914463995960569,0.21593742717933434,0.7840625728206656,0.021696306538714523,-0.032263141544455705,0.09054794809145794
-0.16044918564240457,0.2846645888566339,0.2733751343824939,0.08103392814891643,0.07473396409864659,0.5202222805976512,0.4797777194023488,0.1322492390278622,-0.15117250852894823,0.07286084944473216
-0.13422176591683996,0.16639702793766023,0.2628004275991712,0.02768797090648648,0.06906406474630723,0.2861745566351501,0.7138254433648499,-0.005381804996694099,0.06394040572280661,0.022103242679840127
-0.12555851770781937,0.1504976567727371,0.24565876980205495,0.022649544694084582,0.060348231180659025,0.2728933932912398,0.7271066067087602,-0.09700347545821653,-0.01441973217475976,0.044121303193049105
-0.1478631853492095,0.2656450665298581,0.23840534478754602,0.07056730137165274,0.056837108423268695,0.5538842924294578,0.44611570757054225,-0.03338892688948205,-0.0938311857124235,0.1528905744626154
-0.15136957198836173,0.189402413122324,0.23559169901507068,0.03587327409655949,0.055503448644807656,0.39258656931804475,0.6074134306819552,0.09101646857427166,-0.07496656509237848,0.10476637221810232
-0.13333626646570468,0.10089937754123574,0.1434962510267756,0.010180684388208827,0.0205911740587394,0.33084398869703263,0.6691560113029673,0.07713778998470748,-0.14788440850371565,0.12356410902393088
-0.11350892424871402,0.10161331321711428,0.17017672564522449,0.010325265422959373,0.028960117951330005,0.2628271518846071,0.7371728481153929,-0.048590077521701594,-0.0867153017917835,5.0937419479195334e-05
-0.10530455182651176,0.11150945277636973,0.1312896565517103,0.01243435805848543,0.017236973917466047,0.41906976298076,0.5809302370192401,0.001834535885187524,-0.06842291179716113,0.01762317570097434
-0.12547460496271778,0.1463766479321779,0.14057560570478347,0.021426123059860757,0.01976150091926675,0.520207795203695,0.4797922047963051,0.04400489518208145,-0.049008488485119565,0.06814210591844747
-0.10136060591395842,0.208380441433496,0.1476877388763574,0.043422408372018655,0.021811668214411127,0.6656399637157052,0.3343600362842948,-0.1461654036886807,-0.03524773560589583,-0.042782217286007916
-0.11246226212742927,0.16644266357745627,0.17957303972981226,0.027703160258758287,0.03224647659780473,0.4621072238526074,0.5378927761473927,-0.10484956397174555,-0.1536708670870231,-0.044164559441446996
-0.03652983746863089,0.13817654692334616,0.13449983409136615,0.019092758119659683,0.01809020537060502,0.5134813454193498,0.4865186545806502,-0.11950913851571926,-0.17937079946296616,-0.002229543863463402
-0.04874474667682792,0.09930838537305574,0.15931573102377591,0.00986215540540335,0.025381502151640114,0.27982780701580146,0.7201721929841985,-0.08475954208828092,-0.15944621901847753,0.012582836118779844
-0.038512775261842644,0.09224993296690444,0.2376087294753215,0.008510050132398363,0.05645790832287651,0.13098841851798124,0.8690115814820187,-0.08549435131424954,-0.176485232456158,0.008774777790762023
-0.039651860896835846,0.13052447514865229,0.21554467156064117,0.017036638612831147,0.046459505438184674,0.26830981420136474,0.7316901857986352,-0.03002402211170656,-0.27339372450033744,-0.05631218116847664
-0.043512808980272225,0.10574700725007058,0.19301639488585265,0.01118242954234648,0.0372553286947314,0.23086183071508481,0.7691381692849152,0.004505795320037302,-0.2331894339211425,-0.05121512199840472
-0.08822483532627383,0.10412570591960243,0.19366597139950542,0.01084216263325553,0.03750650847811405,0.22424944438040426,0.7757505556195958,-0.038611898317182716,-0.19612706025030607,-0.014075603685617387
-0.13209159905220297,0.169356657238242,0.21696892770440743,0.028681677350911386,0.047075515589200374,0.3786000541702367,0.6213999458297632,-0.13508214933458934,-0.10804921981762577,-0.054844830571044736
-0.05787546207592362,0.10104140001749566,0.21367610125763042,0.010209364517495573,0.04565747624866113,0.18274461876641954,0.8172553812335804,0.013715251226490442,-0.0862283787353336,0.005515678048683922
-0.12102875858850431,0.09229643024240151,0.19970837198070635,0.00851863103549049,0.039883433839184176,0.17599726494205165,0.8240027350579483,-0.01183035733571664,-0.03761712111580966,0.07490178705805468
-0.1297786175176851,0.11160500340257742,0.17026034761026188,0.012455676784489318,0.028988585968367207,0.30054043568746597,0.6994595643125341,-0.04798684593938022,-0.020466754547641,0.08731776895578058
-0.214443564256614,0.09430184479883244,0.124948539543945,0.008892837932463081,0.015612137534164787,0.3628992791514443,0.6371007208485557,0.05333422762144125,0.0474321695735249,0.1105101606361029
-0.19829493866371892,0.12122426609838931,0.24493002810401016,0.0146953226910931,0.059990718667031206,0.19676130136055942,0.8032386986394406,0.014119057155294157,0.08858398383290779,0.1293811702106865
-0.1405027489378981,0.1311978721637791,0.3107291155673827,0.017212881660303322,0.09655258326128788,0.15130146632958155,0.8486985336704185,-0.003401549112985812,0.09503091299118292,0.2527570042737894
-0.1890363640780914,0.13788517388828256,0.23256762875043335,0.019012321178201917,0.054087701942599396,0.26008639076328527,0.7399136092367148,-0.020282684562808788,0.1839831114913067,0.23859022975259134
-0.17910398144393838,0.13122353622005337,0.30942423947089653,0.01721961645809566,0.09574335997214273,0.15243593080012224,0.8475640691998777,-0.0025012123274410977,0.24924167541841422,0.14200979558708424
-0.09897310681297633,0.08614232337287586,0.37056039388495204,0.007420499876077115,0.1373150055161708,0.051269381731640806,0.9487306182683591,-0.022971169827343166,0.08918497280551402,0.14854802432213418
-0.22267124303041755,0.11507243328298081,0.2804488449485169,0.013241664901666068,0.07865155463295728,0.14409838907294897,0.8559016109270511,0.06701710659983778,0.0817658955934013,0.15877825760211492
-0.19336512734463546,0.17734713045567652,0.3048059094311375,0.03145200468086275,0.0929066424241428,0.25291369287979953,0.7470863071202004,0.03482537544478012,0.12934824662684263,0.10015512610713338
-0.1757030378839019,0.17929092282891598,0.39269885360789886,0.03214523500884431,0.15421238962495798,0.17249219114061232,0.8275078088593877,0.03777582206099633,0.22588534942602978,0.17078822371755933
-0.20556166783935204,0.16235143473649044,0.379733023507125,0.026357988360996915,0.14419716914186276,0.154542311982298,0.8454576880177019,-0.047503495349599724,0.25920351168789296,0.13104548503180072
-0.25880339639882405,0.1941416742540236,0.3279485218453087,0.03769098968215541,0.10755023298052292,0.2595061442693336,0.7404938557306664,-0.05133433802735393,0.23998250125965254,0.08288098036974177
-0.22381207245387919,0.19626248898492343,0.32282127670793914,0.03851896458255719,0.10421357669534381,0.26986813404772614,0.7301318659522739,-0.05724140732902523,0.2408869999585928,0.1330055946468064
-0.2780064878693403,0.16373404215008397,0.18296310958136433,0.026808836558805473,0.03347549946768233,0.4447065079563317,0.5552934920436683,0.02036617719334822,0.20644473955009954,0.10997021215216685
-0.25604073165386165,0.24441640374687817,0.25070038145713003,0.05973937842055696,0.06285068126275051,0.48731013407518065,0.5126898659248194,0.04899851795608541,0.08457892152895419,0.18420637638262746
-0.27902055005768367,0.2800467428744773,0.24175214166889553,0.0784261781946036,0.05844409800149773,0.572996419487298,0.42700358051270215,0.12027659020492389,-0.014994040480702478,0.18127972542162998
-0.26450623631578585,0.3485144668298112,0.22524545517692093,0.12146233358966756,0.0507355150778583,0.7053649887588501,0.2946350112411498,0.07753621827249965,0.06419950528236182,0.14034456699093012
-0.15599047776619535,0.38725844120925135,0.2902861182247259,0.14996910028781918,0.08426603043397954,0.6402502469449709,0.35974975305502904,0.04541366336479294,0.036577600881980796,0.017055919905215267
-0.1582309681300491,0.4197337771959393,0.245320239882226,0.1761764437191704,0.06018202009587291,0.7453781890249256,0.25462181097507436,0.10548004582979138,-0.019529303146421206,0.05920913130692202
-0.20108393925589224,0.3604166238692065,0.23038857755203507,0.12990014276127707,0.053078896666450076,0.709918158754926,0.29008184124507397,0.115344062439673,-0.023232945253523787,-0.02533102297386455
-0.2385492519664564,0.25243528923238395,0.21426776715854287,0.06372357524983734,0.04591067604310754,0.5812378385251766,0.4187621614748233,0.06374876116462766,-0.06446140165314118,-0.0033304522049460994
-0.1995752106821192,0.18536605114059165,0.19008189168448322,0.03436057291545644,0.03613112554635161,0.4874414103395845,0.5125585896604153,0.12053591520953158,-0.07373187581625675,-0.04000370638614141
-0.23192420995712618,0.14694627084438336,0.173045679195852,0.02159320651507087,0.029944807088353727,0.4189763051643117,0.5810236948356884,0.06962994671903776,-0.12014744739160921,0.0035175101886856033
-0.2004838656066656,0.08774823015757217,0.20135585043839682,0.007699751895786259,0.04054417850577003,0.15960042707336866,0.8403995729266313,0.12586931735603657,-0.04442666452693773,0.06459619932565386
-0.18719416478618642,0.0786535095254309,0.13566219625210402,0.00618637456066705,0.018404231491944385,0.2515747089531402,0.7484252910468598,0.08037441787916458,0.01007389050054371,0.10590151895225329
-0.1285152740404951,0.10756434613594852,0.13642541234890665,0.011570088559654143,0.01861189313456921,0.38334423090146486,0.6166557690985351,-0.03365746479099568,-0.012059846725548995,0.12015720683117079
-0.18508020858925991,0.12721824517424188,0.1990921675290018,0.016184481905213516,0.03963769117139612,0.2899292702740565,0.7100707297259435,-0.06323188638536595,0.009615565619571054,0.052226554050485
-0.1590298466789309,0.14820295188253518,0.23671885809494464,0.02196411494669704,0.056035817777774534,0.2815914601398887,0.7184085398601112,-0.13359318801186693,-0.002170239739897499,0.06683587109913755
-0.13747475978185636,0.15638195241549185,0.2498434383355411,0.024455315041281157,0.06242174367932533,0.2814933585623401,0.7185066414376599,-0.16733458847221674,0.017287028072758004,0.08164918406646149
-0.0294035115326361,0.20379524934400825,0.19194946941355093,0.041532503655186494,0.036844598808143725,0.529906086724985,0.4700939132750151,-0.12603764150926014,0.040162186682054714,-0.0010987694879436016
0.015999200228781926,0.1733794461726632,0.22166861180229844,0.03006043235513942,0.04913697345835808,0.3795633461268786,0.6204366538731214,0.0328268774210593,-0.055144889320834875,-0.05936788850550598
-0.01439753160843921,0.185559146618969,0.32400229761320465,0.034432196893960036,0.10497748885863564,0.2469856861672105,0.7530143138327895,0.05217187598369382,0.0008992012402758258,-0.05009012758062575
-0.056906160987081775,0.12930651473636345,0.30390426914948115,0.016720174753265378,0.09235780480728029,0.1532864361865499,0.8467135638134502,0.018144021885088416,-0.03708096606231887,-0.07513188848941756
-0.03858110197473073,0.15769262001693593,0.30777126615059264,0.024866962407805743,0.09472315226793893,0.20793493237488528,0.7920650676251147,-0.07999409768323991,0.043423177789482424,-0.03268045254684682
-0.07452906822922353,0.13217808950730098,0.24260734366887574,0.01747104734580007,0.05885832320206798,0.2288902321661822,0.7711097678338177,-0.05071796938887769,-0.09062788451881616,-0.06429770718740596
0.006909848083619639,0.10165920902466778,0.16194376458283063,0.010334594779521096,0.02622578288725927,0.2826719918955147,0.7173280081044853,-0.1556006922946083,-0.14840540413555162,-0.02579261772380701
-0.04378510099972291,0.14787732483253208,0.17730041935280977,0.021867703199626207,0.0314354387026822,0.41025167408901236,0.5897483259109877,-0.17734131192447816,-0.08818248676638255,0.043279026852847624
-0.027785309840997932,0.11585251069538104,0.1624008455529034,0.013421804234423377,0.026374034636297988,0.33726652371934496,0.662733476280655,-0.11990846204272813,-0.06872265453666415,0.026206229833616042
-0.10891965991557885,0.12428640820485987,0.1729917793863995,0.015447111264465059,0.029926155735272717,0.34044520674595313,0.6595547932540469,-0.1290191854738419,-0.11722546428670856,0.016053503562800546
-0.17189434815806562,0.13439990872503288,0.21593512267219353,0.01806333546529717,0.04662797720345527,0.2792235111658543,0.7207764888341456,-0.07797438029316012,-0.10047087406173387,-0.11726989200858745
-0.129620981445328,0.17965632462220563,0.17546535533367344,0.032276394976759326,0.030788090922372283,0.5117998587728719,0.4882001412271282,0.031432871731040105,0.01717991945965086,-0.08029997105515478
-0.08952850355831811,0.16355004056630465,0.21801839386012697,0.026748615769239897,0.047532020061349455,0.36010213792791207,0.6398978620720879,0.05302012132350637,0.08434112857252825,-0.06678064173668652
-0.07889493659655512,0.09099210827065013,0.13542180721731736,0.008279563767537716,0.018339065870004268,0.31104395231002085,0.6889560476899792,-0.03331490179161183,0.009323486707482655,-0.11954590839072043
-0.1083063219259785,0.07294533708505718,0.15377677212389143,0.005321022202452619,0.023647295644843233,0.183684197007985,0.816315802992015,0.06803295678246112,0.07686823156972296,0.021412608701238248
-0.18672500695153946,0.1037491247531016,0.19738349562832933,0.010763880887034638,0.0389602443464587,0.21647200099528888,0.7835279990047112,0.12619976940283292,-0.027182765783886266,0.026014574573909315
-0.15280122464205487,0.09091966073805152,0.2048986424518598,0.008266384708722388,0.04198345367861508,0.16450569741146565,0.8354943025885344,0.10949731053157964,-0.04040685074228548,0.12771373220847992
-0.21811264135892933,0.08953143150587113,0.18557948005225927,0.008015877227490495,0.0344397434164669,0.18880603100148943,0.8111939689985105,0.1018310121336363,-0.07420301209600402,0.07119552171276548
-0.0986687027313677,0.08733318747229823,0.21898472498786617,0.007627085634071589,0.04795430977801138,0.13722371627275695,0.862776283727243,0.0745095778928538,0.04791154439670083,0.03593992608792008
-0.19332776127274282,0.08436754799107161,0.18591483356938165,0.007117883154025772,0.03456432534113088,0.1707654995020921,0.8292345004979079,0.005217199487120634,-0.02710005790381112,0.0819822571658964
-0.1406289545084816,0.10205121673393618,0.21750458646117804,0.010414450836876815,0.04730824513164807,0.18042211407720146,0.8195778859227985,0.06683656132687328,-0.07385685974380919,0.04638240703092651
-0.11891433671679852,0.12433943087632075,0.17805663344810235,0.015460294070647347,0.031704164714871884,0.32779543047346654,0.6722045695265334,-0.026407856181086334,-0.07235731940080196,0.06774102666538293
-0.12841589706120277,0.11912202055707494,0.25471915410589024,0.014190055781600184,0.06488184746842027,0.17945762272513044,0.8205423772748697,-0.03343142810099067,-0.05654705990122334,0.0636676823869307
-0.11118602615267788,0.08845670692720137,0.25190582090730307,0.007824589000404794,0.06345654260698225,0.10977083028791187,0.8902291697120881,-0.055467146542286204,-0.0836366371377201,0.06483784678529647
-0.06504004602016877,0.1760582123532811,0.29626986990888504,0.03099649413703302,0.08777583581582767,0.2609740345191103,0.7390259654808897,0.0573375960818928,0.0034331181337835144,0.05726325865413146
-0.13297946285219098,0.18584082584353018,0.2512248729465639,0.03453681255020531,0.06311393678701718,0.3536768819964454,0.6463231180035546,0.0009533650204401611,0.05901348959069608,0.06246220316763453
-0.1595205374710436,0.1553501621497714,0.2078428493478917,0.024133672879960266,0.04319865002505041,0.358426263029822,0.6415737369701779,0.045361223021002775,-0.045619709506307136,0.08360434887739905
-0.11028845340873944,0.1473849162173046,0.1675370612874385,0.021722313528381894,0.028068666904830925,0.43627005010514186,0.5637299498948581,0.07485619758586809,0.0011233506399956506,-0.00270863148124436
-0.0743418496336658,0.15554607418953983,0.15307604714833803,0.02419458119577783,0.023432276210560207,0.5080028898265727,0.49199711017342723,0.05097419769673939,0.06417078085961223,0.048884040717131094
-0.07674359648183601,0.1766590572420443,0.17268530598009046,0.031208422505647888,0.029820214901437467,0.5113734114277411,0.48862658857225894,-0.029447160444981066,0.1200010734216013,0.0895743432426128
-0.09430085384715814,0.15341268424762847,0.1557642078706411,0.02353545168806255,0.024262488453568293,0.4923946851752246,0.5076053148247753,0.017318411490793682,0.1278616693224552,0.14425233306846405
-0.0942959995016735,0.1462435117781468,0.25541208185618725,0.02138716473720496,0.06523533155811169,0.2469008127437362,0.7530991872562638,0.11152073143299229,0.06710618115287884,0.21903243725710206
-0.09423467018792822,0.17152028662116056,0.2637224674979526,0.029419208722605072,0.06954953986320865,0.29725756001750686,0.7027424399824931,0.03060422555639162,-0.006587691010688464,0.14959506298744063
-0.0036326740675165677,0.1612753070906295,0.3315484763820322,0.026009724677176854,0.10992439219124697,0.19134066764381694,0.808659332356183,-0.03120162973392642,-0.06825593768399879,0.19225524025214627
0.02804878817287251,0.1993205154227271,0.3227186102317893,0.03972866786838159,0.10414730138993755,0.2761313656004053,0.7238686343995948,-0.08420421543117286,-0.08643026672018934,0.20710421059950418
-0.009142980312334683,0.21281755459093166,0.36151969692796676,0.04529131154206418,0.13069649126688893,0.25735483265980097,0.742645167340199,0.1462989397035396,0.012998166784248201,0.3408704295916114
-0.015009547955108785,0.16183262761417094,0.3324164695454604,0.026189799360506923,0.110500709225068,0.19159925317060938,0.8084007468293907,0.020721743078769277,0.021086167304108377,0.3631739431661748
-0.05598650242723924,0.18927917913605816,0.36436504108458495,0.035826607654419994,0.13276188316457127,0.21250921388747715,0.7874907861125228,-0.028959637402291363,0.02453945507254266,0.32798437289200383
-0.027286392398458332,0.20312227644753544,0.3417747380229546,0.04125865918922901,0.11680997155065925,0.26101737578231254,0.7389826242176876,-0.2623347231951648,-0.05053504833456262,0.3377972748124632
-0.06716748050729655,0.21575419114814692,0.3189163309010179,0.04654987099799112,0.10170762611536754,0.31397987895612983,0.6860201210438701,-0.1987502800019229,-0.06939124296110971,0.3046784265010683
-0.08680372755368018,0.12450446241702282,0.2191237542148319,0.015501361161751846,0.04801521966120206,0.2440521980388134,0.7559478019611865,-0.1690927743429104,-0.053966556723674786,0.23734167331816192
-0.11420974047744815,0.09087995084689107,0.27458583217479343,0.008259165465933338,0.07539737923112383,0.0987270690636578,0.9012729309363423,-0.043017382976541584,-0.0381151927454639,0.19154361882983956
-0.07412292246181613,0.1031639800814531,0.2385160010371192,0.010642806786246451,0.05688988275073905,0.15759489010751934,0.8424051098924806,-0.13238988057065051,-0.03528163044882919,0.0784452987605653
-0.02300879550751738,0.05996219371886282,0.22512725692602464,0.0035954646755784318,0.05068228181103631,0.06624196670480963,0.9337580332951904,-0.0007836438605153193,-0.0080313267209432,0.07198099709680084
-0.06479277347070207,0.06464493336801164,0.2551718583834167,0.004178967410154664,0.06511267731084648,0.060309831394261715,0.9396901686057383,-0.03207698752296188,-0.03471702135256256,-0.021012819044650792
-0.1043700969176633,0.03562530935693447,0.26857978812328104,0.0012691626667772826,0.07213510258834653,0.01729003978673694,0.9827099602132632,-0.08812271475835248,0.015839345559351303,-0.003615650286538116
-0.07940155912225592,0.03681336130014241,0.2279025473048202,0.0013552235702148226,0.05193957106802581,0.02542881681811395,0.9745711831818861,-0.04435906628437575,0.043965475483424075,-0.03360029998976825
-0.07270032218593653,0.05502464171410959,0.23599094052492106,0.003027711195766129,0.05569172400983683,0.051562335113830036,0.94843766488617,-0.06667332250562885,-0.003104587203252275,-0.03621628946612552
-0.06269890048363388,0.09718846171922312,0.16685299179366928,0.009445597091348897,0.027839920870498268,0.25333152407897924,0.7466684759210208,-0.033246259537174146,-0.002292368775715747,-0.02806966676564509
-0.10115937124412014,0.0841669752308763,0.24262291721696871,0.007084079719514944,0.058865879958872054,0.10741598257317093,0.892584017426829,0.0009179796422886955,-0.024841924786049803,0.06998937717569052
-0.10562110154614579,0.06580268969798372,0.23331755547568564,0.004329993971489133,0.05443708169314965,0.07368060980605454,0.9263193901939455,0.04640462101006651,-0.0023420126553929527,0.07233402522260397
-0.08197160483831319,0.05198471871825068,0.25635741389060046,0.0027024109802156427,0.06571912365667663,0.03949649762398821,0.9605035023760117,0.03441438797739922,0.018117651640018172,0.03428310581624605
-0.1326507104355689,0.04515383741538133,0.24356198319970843,0.002038869033334691,0.05932243966017505,0.0332272742668923,0.9667727257331078,-0.039006892029709,0.057130429625595266,-0.008288692529210558
-0.02440411269467927,0.036767291440766486,0.33771965263929365,0.0013518337198902605,0.11405456377880517,0.01171368095001442,0.9882863190499857,0.018617947097449503,-0.011188974565894814,-0.023569512749741298
-0.012533213607241082,0.06721333401060209,0.28443331873289646,0.00451763226882076,0.08090231280540947,0.05288732350383651,0.9471126764961635,-0.01958503985701355,-0.03756314069558699,-0.004377273564537064
-0.09689656631140822,0.08223954436364186,0.27406968135857407,0.006763342657139419,0.07511419023999032,0.08260315641943959,0.9173968435805604,-0.027246171702044117,0.005113133270490618,0.016153670157637787
-0.14115900477467438,0.08905026877087621,0.2142878775728099,0.007929950368165292,0.04591929447465956,0.14726205337347303,0.8527379466265269,-0.043766639545524566,-0.021886372927393594,-0.0408067834229896
-0.07714500664819249,0.08237172128422002,0.3320107086859513,0.006785100467325225,0.11023111068214761,0.05798427756867081,0.9420157224313292,-0.016488048838410232,-0.04072079897611039,-0.04392494109026228
-0.10902587328164282,0.09909889571918411,0.2427232495997739,0.009820591132761727,0.05891457589627414,0.14287578771159753,0.8571242122884024,-0.007575796231313291,-0.06653907498709741,-0.05790311314946029
-0.060478035792689136,0.10430976493425581,0.30809093692803263,0.010880527060639703,0.09492002541719298,0.10283998340102608,0.8971600165989739,-0.09443947392896046,-0.07425571639696286,0.04062128906234728
-0.07244885628822757,0.10007353362070047,0.2957733672735015,0.010014712131333467,0.08748188478830561,0.10271858144534037,0.8972814185546596,-0.10180762573766769,-0.05540719329777124,0.0044204627094750586
0.011426032484703301,0.08226140805091042,0.2980919006363154,0.00676693925451839,0.08885878122497094,0.0707648446525412,0.9292351553474588,-0.11263421669842046,-0.013878742421653975,0.04185623052399349
0.008527071485561304,0.06253488136733101,0.3444348058751149,0.003910611387626163,0.11863533549822808,0.03191138905041644,0.9680886109495835,-0.08958126345448655,0.05576837398629001,-0.002129549323779678
-0.06571389114310357,0.08466651096444072,0.3760578722371597,0.007168418078891761,0.14141952327153992,0.048243605865604354,0.9517563941343956,-0.11930507764063243,-0.03802827755757121,-0.051400151236606094
0.02470100929836193,0.07962510599695635,0.26976097659032133,0.006340157505026534,0.07277098449096389,0.08014240908502966,0.9198575909149703,-0.07138093447922086,-0.036233988864650554,0.024536117253322026
0.00791446580895501,0.1286221782043531,0.2683944123140735,0.016543664726032362,0.0720355605614169,0.18676687081362886,0.8132331291863711,-0.16434863366291969,0.08830881653653556,-0.0631003512222681
-0.016238073105439087,0.1597151022948505,0.21124184440690788,0.025508913901054562,0.04462311682843228,0.363727010835427,0.636272989164573,-0.08814267017873852,-0.03405976554264911,0.07727228863732327
0.00818801235906031,0.22559657755847512,0.1977156907878791,0.05089381580609708,0.03909149438372822,0.5655791561837799,0.4344208438162201,-0.191243545969181,-0.07501154976868854,-0.054217927417535436
0.013542013308836125,0.3673558673236453,0.17653015606809605,0.13495033325710767,0.031162896001426348,0.8123996737615323,0.18760032623846762,-0.16845407902958207,-0.10277169399819278,-0.14825836327064054
-0.030104713051390793,0.3325428382645748,0.16562377716977428,0.11058473928105916,0.027431235563983043,0.8012459384155961,0.19875406158440379,-0.022486045848062058,-0.19818004154404364,-0.17046915642087396
0.03327250772866211,0.41593515333075265,0.20447729805158885,0.17300205177627673,0.0418109654184783,0.8053611184066587,0.19463888159334122,0.0185792693672798,-0.2819525705939723,-0.21963107600789758
0.06767986605230288,0.3669767614391249,0.22682508948409083,0.1346719434363484,0.051449621219465815,0.7235698006589986,0.2764301993410015,-0.07903580396839968,-0.3256703072363465,-0.2173961654935109
0.003989836418079339,0.4290280025987641,0.2232970551542017,0.18406502701388514,0.049861574840538596,0.7868494884922568,0.21315051150774314,-0.046133272114205634,-0.29129137793923204,-0.20712984898908607
-0.020682069407562072,0.34559223048413146,0.24148194979940024,0.11943398977099703,0.05831353207892006,0.6719305480491724,0.3280694519508276,-0.10892014361351393,-0.32847843726226555,0.0207515955652081
-0.08455688122057631,0.1921003360905873,0.2199921141116696,0.036902539126116594,0.04839653027132186,0.4326253426537944,0.5673746573462057,-0.08151759126306478,-0.2706012232888186,0.12977812021628782
-0.12720420913620478,0.30377541700416155,0.17962713652010642,0.09227950397605224,0.03226590817441295,0.7409305761063922,0.25906942389360776,-0.09757015560177704,-0.3092586170173777,0.13383347701383982
-0.08582073511167021,0.18529327672801657,0.17268939616945841,0.03433359840060533,0.02982162754937216,0.535164484143125,0.46483551585687505,-0.10671892377654824,-0.37966607007134656,0.14852188494862176
-0.07916970287534433,0.12798449132199752,0.19506206561113473,0.01638003001895046,0.03804920944048263,0.30094173980069544,0.6990582601993045,-0.18074206366227197,-0.3164585179166118,0.14979080297457517
-0.09677734179780913,0.11846591251984973,0.15875261885027106,0.014034172429160687,0.02520239399181944,0.35768095196159916,0.6423190480384008,-0.1429973403012268,-0.10510338640059694,0.06496506439243492
-0.09089240113933984,0.1381005538661077,0.21980728905214228,0.019071762978125715,0.048315244320452026,0.2830183998767406,0.7169816001232593,-0.08248147219757442,-0.16497903613653228,0.03360222779063663
-0.09874382913133865,0.1837272508787667,0.15784909871423194,0.03375570271546928,0.02491633796489534,0.5753285947452322,0.4246714052547677,0.021258869276628158,-0.009662542300450397,-0.04034309665366891
-0.1718689527102867,0.20909115564897904,0.16442579396519333,0.04371911137062558,0.027035841721084208,0.6178947121052937,0.38210528789470627,0.05089554281129057,0.0009029627982275537,0.06542596877648274
-0.21239849457343063,0.2537299845356986,0.17249120245809152,0.06437890505248586,0.029753214925438316,0.683920696437985,0.3160793035620151,0.10914052111979014,-0.023844566522748287,0.07734382078755088
-0.2791364090096742,0.28902924709687156,0.23664128260647907,0.08353790567738444,0.05599909663363949,0.5986792341373428,0.40132076586265725,0.2098042870076856,-0.030860433576177005,0.14772677538147838
-0.3247361829472505,0.39281837723817403,0.2389312953858207,0.1543062774960324,0.057088163914746304,0.7299448200541215,0.27005517994587847,0.08315678396804974,-0.07665463370544529,0.20979029187624726
-0.28289585500566106,0.4004971849790593,0.24284596354329568,0.16039799517615083,0.0589741620092717,0.7311684273614346,0.2688315726385654,0.09509581137503872,-0.07058092056445119,0.12866286490270262
-0.3059623044196759,0.3468908799095158,0.2308057041349706,0.1203332825643981,0.053271273061239584,0.6931458804795757,0.30685411952042435,0.0790738143689029,-0.13011948159072204,0.10499584973697546
-0.26549155264486324,0.22644603968518998,0.3131164141346517,0.05127780888910664,0.09804188880054271,0.34340954128961615,0.6565904587103839,0.12204722097805071,0.02973715674712418,0.12243993623648214
-0.28124944106932537,0.13904712942742978,0.3118598125381521,0.019334104202008408,0.09725654267633137,0.1658289470010677,0.8341710529989322,0.13162868796183075,0.11189540052801593,0.18167972620954465
-0.31992042101837315,0.1432576475348748,0.40553704966730897,0.02052275357722642,0.16446029865286543,0.11094396664889668,0.8890560333511034,0.18133403880706994,0.09204221008453622,0.12955294917276694
-0.33542299265254943,0.16937366390590175,0.3249691040504874,0.028687438024909365,0.1056049185873765,0.21361929113905256,0.7863807088609475,-0.009927395050440296,0.05881316254773592,0.09880937307779826
-0.30063119421979756,0.18559656468180308,0.31954973102185963,0.034446084821686714,0.10211203059614284,0.252244875497083,0.7477551245029169,0.10248340882989164,0.13527224471930915,0.050218582700418665
-0.25321236678566894,0.17669561461435443,0.2239528128874811,0.031221340223944464,0.05015486240021512,0.3836667135740153,0.6163332864259847,0.10062220737902969,0.03848302114539476,-0.04167454887691585
-0.21733357096486455,0.21989969641132548,0.16974432595654454,0.04835587648179311,0.02881313619444164,0.6266229773428859,0.3733770226571143,0.04530075201857916,0.06316074175704212,-0.08735630382676615
-0.19905479302077952,0.1611031307625684,0.18463437743506578,0.025954218741501216,0.03408985333083433,0.4322528077415198,0.5677471922584801,0.026120027537244586,0.18893317730059542,0.0055277736937595495
-0.15503494482634783,0.14850918408657213,0.2360541214020241,0.02205497775805937,0.055721548230881525,0.2835685636202803,0.7164314363797197,0.16744204688854958,0.1895681383053319,0.019461796570885436
-0.19407164746744301,0.18938486209712943,0.23770215818382745,0.03586662599154873,0.056502316005249326,0.3882974646693695,0.6117025353306306,0.1932808982740334,0.1587178835666562,0.09449382548235669
-0.2642288518354332,0.19426721849496953,0.20586161907097714,0.03773975218177223,0.0423790062065241,0.4710476415381547,0.5289523584618454,0.15949528648554628,0.18609825866366603,-0.014603886282723341
-0.2574164086728244,0.18567702572449557,0.18304036554316983,0.03447595788189499,0.03350377541817723,0.5071505316108436,0.49284946838915644,0.11114957868949996,0.020061376406937118,-0.058450600677657956
-0.21637871873713474,0.1310312204285265,0.1702103197560885,0.0171691807269891,0.02897155295146989,0.3721046320293908,0.6278953679706093,0.05372209816171695,-0.08241514413804035,-0.07062896186943074
-0.10445571006204869,0.13771408833819215,0.20217577159060718,0.018965170126819392,0.04087504261825736,0.3169301922038992,0.6830698077961008,-0.036195141681591866,-0.037066612204105204,-0.051316604442984325
-0.11706063408275195,0.13086527524539537,0.2007866549078605,0.01712572026505309,0.040315280789088255,0.2981445300528649,0.701855469947135,-0.008177790248069793,-0.055916170927551856,-0.034344060138543936
-0.141170922734242,0.12525747362853712,0.18778735704762173,0.015689434699803672,0.035264091466930964,0.3079165639776002,0.6920834360223997,-0.003496391865311515,-0.05066684239713982,0.09805626124126071
-0.19260590763934113,0.10119677170308365,0.16689506786349448,0.010240786603126032,0.027853963677160427,0.26882409066284146,0.7311759093371586,-0.024702824674269853,0.05719357270692131,0.1168127849450028
-0.20740619994395398,0.10501658899951886,0.14961638370320857,0.011028483965093866,0.022385062272425735,0.33006026617761797,0.6699397338223819,0.01861650930002774,0.13014436828118847,0.08344426854122576
-0.22361966904521066,0.1024235275338872,0.12903375059431602,0.010490578992484949,0.016649708792436147,0.3865316048090478,0.6134683951909522,0.0032181228711407606,0.17663248067229032,0.1189428495320567
-0.1649890190759228,0.06615770183574554,0.1313653967264766,0.004376841512187409,0.01725686745710459,0.20231581733858597,0.7976841826614139,0.017593539375069522,0.08463259958057268,0.16193569594045937
-0.16984409867672498,0.08669960618197166,0.11470627279976553,0.0075168217121089785,0.01315752901961423,0.3635819963417275,0.6364180036582725,-0.006579771640869089,0.0943024419667122,0.11816975732910433
-0.20713851209364506,0.0763976547859442,0.13344174922590815,0.005836601656792301,0.01780670043647016,0.2468606810406375,0.7531393189593625,0.03131309227794818,0.060583189831260015,0.1059671302493093
-0.10633156252118821,0.07568746108434918,0.2596042160849874,0.0057285917653948715,0.06739434900910084,0.07834192258570824,0.9216580774142917,-0.008774635214240947,0.006639442925732986,0.18912416595948087
-0.08682590373582655,0.13025512636347772,0.316996393870376,0.01696639794396555,0.10048671372682254,0.14445251984060703,0.855547480159393,-0.11764191143058766,-0.024077529028896115,0.12515052804424248
-0.14873595413362836,0.1645749253857528,0.2551164707897354,0.0270849060657261,0.0650844136682099,0.29386032297853293,0.7061396770214671,-0.19410340296697506,-0.034286419663294536,0.14535149619178933
-0.14906664003987732,0.16129215678868083,0.23058111886498486,0.0260151598415444,0.05316765237702828,0.3285455405364149,0.6714544594635851,-0.20965532279907576,-0.024980217353402175,0.11036505229382582
-0.1381994577061673,0.19844730908357222,0.33394514210591153,0.03938133448251085,0.11151935793613744,0.26097517414468874,0.7390248258553113,-0.25037783106432815,-0.008523435535092681,0.09584176096717227
-0.0809611238156672,0.1821591195201577,0.2608499363322743,0.0331819448243591,0.06804268928455157,0.32780503596246774,0.6721949640375322,-0.18751227434228207,-0.2051630477615476,0.08590737872934832
-0.16298328788437028,0.21361589984182425,0.21003320222016675,0.04563175266523229,0.04411394603485746,0.5084561525084729,0.49154384749152713,-0.10352127644033793,-0.23439689779121603,0.1228456634531241
-0.15185096767294942,0.1656526042040015,0.23075093666908314,0.027440785279567573,0.05324599477365922,0.34009022619895923,0.6599097738010407,-0.06868697184878911,-0.25064633610707393,0.2005277969650565
-0.25229374184728315,0.1671100838209078,0.20864692976778138,0.027925780114630833,0.04353354130152149,0.39079268542170376,0.6092073145782962,-0.0054231211600164995,-0.09646837321980264,0.11062524585644576
-0.2676331934112482,0.12257497584983154,0.16833798824909,0.015024624704586785,0.02833767828775076,0.34649046908882475,0.6535095309111753,-0.004750726182887934,-0.15689799866758125,0.23503854767282892
-0.21282968087262963,0.12912764824555298,0.19956693642745643,0.01667394954142726,0.039826962115040436,0.29510938943440185,0.7048906105655981,0.042191987623352765,-0.0791171853142667,0.2502044646306903
-0.2310984177936934,0.13742526365952257,0.19755041629201456,0.018885703091889295,0.03902616697714825,0.3261110903408124,0.6738889096591876,0.04573994509819321,0.02444536108443509,0.1723119597453932
-0.2517307158017211,0.12370826720394995,0.23786818182438263,0.01530373537460388,0.05658127192443756,0.2128918942852768,0.7871081057147232,-0.015931265577928067,0.03568222196909421,0.19012249720032232
-0.2366758270227526,0.11060886855684177,0.2186143023684973,0.0122343218034247,0.04779221320006476,0.20381522609481778,0.7961847739051822,0.0071897557373638565,0.002122114156187571,0.16914179241532862
-0.2029659872471733,0.1337161171009912,0.1522912248310842,0.017879999972565994,0.023192617160551838,0.43532653189876536,0.5646734681012348,0.03464126246787404,-0.013606053919573188,0.16234811249637454
-0.16738043271219555,0.11279459105056558,0.11773232373032015,0.012722619770264329,0.013860900050940905,0.47859048974077933,0.5214095102592206,-0.0769490047312969,-0.029380943167753637,0.09724208271622478
-0.15435920966486522,0.1435762137453538,0.1484221439742889,0.020614129153451517,0.022029132821924546,0.4834088247131504,0.5165911752868497,-0.09222531019177493,-0.030672745315916666,0.08560261721821724
-0.14287262199094203,0.10498995621303917,0.13859037412740238,0.011022890905615881,0.019207291800773362,0.36463196444016727,0.6353680355598328,-0.07406394735122171,0.011275936224232223,0.12018648905155455
-0.17462449438873062,0.1819946162082524,0.16665001178919805,0.03312204032878909,0.02777222642933985,0.5439270737974284,0.4560729262025716,-0.0229347896107987,-0.04699461881918836,0.2058915185400063
-0.17981169137936828,0.18246219415702591,0.12086775727459943,0.03329245229659622,0.014609014748591484,0.6950194712239165,0.3049805287760835,0.00541439289664491,-0.026994093584654204,0.15862486470537726
-0.1427367809536493,0.15134828776999698,0.1441241611965913,0.022906304210909816,0.020771773840621035,0.5244348019133361,0.47556519808666387,0.0025897302999620814,0.05451433823609328,0.19117439113094814
-0.2186707852187062,0.2208266669252218,0.1881716361125022,0.048764416825302845,0.035408564637255946,0.579335743821714,0.42066425617828596,0.028605201178547233,0.11721731455985013,0.24635186860434072
-0.16838400470868717,0.29418972283178574,0.22086337840832615,0.08654759301984291,0.04878063192193947,0.6395383746227021,0.360461625377298,0.002703515236685515,0.032766507859196464,0.31969674817826266
-0.1431815141250276,0.2953145372221913,0.2462121373757409,0.08721067589475702,0.06062041659113071,0.5899345964928342,0.4100654035071659,0.060862589683932225,0.14063802513479867,0.39371071888224013
-0.14409636587161972,0.3080784129927185,0.20918696090199324,0.09491230855211201,0.043759184611412046,0.6844399406602596,0.3155600593397403,0.1022092514948157,0.0380160013499905,0.46309974426001255
-0.14138525198105542,0.5387812922012731,0.3201133710702603,0.29028528082607363,0.10247257033796615,0.7390947882155325,0.26090521178446746,0.020341413210161603,-0.06732056300853204,0.3917867420929638
-0.1628098963986094,0.4066082441055937,0.2851841050070243,0.1653302641746341,0.08132997374865746,0.670275296766923,0.3297247032330769,-0.03473670859586697,-0.07580384053338543,0.3148453241059646
-0.23883578770213112,0.39052131625686,0.3120834134315895,0.15250689845099044,0.09739605693911244,0.6102644853196094,0.3897355146803906,0.06481781482549644,-0.22714317717978835,0.11756865763606232
-0.19109679309780073,0.43661420495981845,0.4495327353754476,0.19063196397269436,0.2020796801741322,0.48542478129683647,0.5145752187031635,0.07834523530251081,-0.1575925234701524,0.16750468908699317
-0.2140873223990048,0.4237993754403547,0.42573715329185574,0.1796059106236347,0.18125212369305307,0.49771902948962243,0.5022809705103776,0.0037872505100834883,-0.15268971254122735,0.0231088630237583
-0.3067192354015114,0.4577758187497124,0.2901097621335792,0.20955870023196954,0.0841636740852019,0.7134584170482053,0.2865415829517948,-0.00028705107165391194,-0.1267775750208287,0.036683830192630676
-0.30092898457966266,0.42088112320112997,0.3104711796986112,0.17714091986704475,0.09639235342344733,0.6476028226332862,0.3523971773667138,0.005412692026583468,0.0086385076729701,0.05720062776509116
-0.2918640333949307,0.44389357804599294,0.2791133355267109,0.19704150863047404,0.07790425406884631,0.7166559204113209,0.28334407958867913,0.044462102454093225,0.015367956150174687,0.0015033166558108893
-0.23877023259166424,0.6005735489523167,0.2108223312788741,0.3606885877011808,0.044446055365859334,0.8902931256893166,0.10970687431068336,0.07349410323538544,0.1122172797052543,-0.043716014110776205
-0.2711065375054289,0.5992097415977777,0.2552840800021601,0.3590523144256756,0.06516996150254926,0.8463777948483414,0.15362220515165856,-0.03570989064745635,0.08215266124205378,-0.06385734838029906
-0.3025784216307236,0.5256520939796969,0.2254600245000371,0.2763101239052401,0.05083222264755733,0.8446174175150586,0.15538258248494138,0.016513234033836727,0.154298129192083,-0.010416690241228172
-0.24795409567841734,0.40212731214400027,0.232784993016749,0.16170637517215822,0.05418885297380788,0.7490039338101028,0.2509960661898973,0.12723104789905093,0.12631565447337034,0.020183221462590425
-0.23117866132412654,0.3357409521348724,0.24728694128589984,0.11272198694043066,0.06115083133053607,0.648301373736075,0.35169862626392495,0.16142814516846957,0.15108089640719338,0.01570137318323126
-0.21032127021158648,0.2857911586640682,0.24082457194756482,0.08167658637055059,0.057996474453727825,0.5847697894535816,0.4152302105464184,0.07958245800352243,0.07185666722836462,0.09174641174557775
-0.22239216729824626,0.4048510350786051,0.3254619571276214,0.16390436060421792,0.10592548553734166,0.6074359932675111,0.392564006732489,0.16786189762444437,0.06801581495158904,0.1612833966066631
-0.1864905712122935,0.3280795064385625,0.3977284719977575,0.10763616254497076,0.15818793743767098,0.4049149890924088,0.5950850109075912,0.21872878856410616,0.2412550611847778,0.24876635859943821
-0.14964784144715215,0.3159435032153568,0.355047143687891,0.09982029722399217,0.1260584742409299,0.4419197810250788,0.5580802189749212,0.08286868116654507,0.16111931690801776,0.19922884360817575
-0.17680007983898235,0.2524525635223592,0.2913347991232932,0.0637322968290108,0.0848759651802096,0.4288610603968744,0.5711389396031257,0.16561998310822926,0.18215083285449907,0.16194232120122218
-0.2553948826883359,0.1510028085734869,0.2842728203244036,0.022801848197081132,0.08081103637519065,0.2200676903380337,0.7799323096619664,0.049575305520872956,0.1111731517089299,0.20078264136144552
-0.24628478557510233,0.12453942452788447,0.2419851322056174,0.01551006826173663,0.05855680420857013,0.20940628035772108,0.790593719642279,0.06860597958361958,-0.016246669889468657,0.044336190812051327
-0.2354002769561966,0.1436575857510007,0.20528536880294423,0.020637501943806123,0.04214208264456083,0.328729507834785,0.6712704921652151,0.19514294769352386,-0.007980853749290634,0.11421201824744837
-0.19591887319220938,0.08620828032127105,0.12877238927973492,0.007431867595950849,0.01658232824081159,0.30947809564264817,0.6905219043573518,0.11523315001503981,-0.009410301058092065,0.06312413523782741
-0.1978206088183745,0.08381323123497829,0.13467419930108618,0.007024657730047941,0.018137139957388682,0.27917948539723686,0.7208205146027632,0.09345529172942171,-0.03598777273572305,0.12914653922007122
-0.24357214252523068,0.11107789507108642,0.16625768856362838,0.012338298773423287,0.027641619006520447,0.3086124098937717,0.6913875901062283,0.03647880490638108,0.009503754194293414,0.16524913593294815
-0.1805708146928692,0.10803120413629351,0.23567852573745207,0.01167074106713752,0.055544367493778855,0.17363270426857147,0.8263672957314285,0.07366045756699191,-0.00426249585376063,0.1876909017736602
-0.1827726030507499,0.12260137287925653,0.2499019044256198,0.015031096631878498,0.06245096183555161,0.19399454440406844,0.8060054555959315,0.14898722535972675,0.03880722441885208,0.1622152602095745
-0.20314335745943674,0.1806353035869941,0.14970332923336332,0.03262911290196552,0.022411086783552775,0.5928233016667381,0.4071766983332618,0.13904844490744966,0.1258632361523612,0.18676744172046533
-0.2119686864997595,0.17993173880308322,0.17885826985566486,0.03237543062870096,0.03199028069576183,0.5029918874895798,0.4970081125104202,0.12216783075598939,0.015004884284242917,0.12078872763609284
-0.16817329672477843,0.20932141568692286,0.17509413041107755,0.043815455065177554,0.03065795450441143,0.5883369019681554,0.41166309803184475,-0.061993403914537615,-0.07265898060354815,0.030240592461714802
-0.15440689943589248,0.19598194211964565,0.2880721810890432,0.038408921636988134,0.0829855815173985,0.31639753562927464,0.6836024643707255,-0.04591482815267676,-0.016860627562165956,-0.01028959483269904
-0.19659590076998068,0.1484758863102647,0.267733518669836,0.02204508881561865,0.07168123701933143,0.23520700954862508,0.7647929904513749,-0.10157285030859206,-0.17153964444906034,-0.019748209605715078
-0.15825543150072127,0.2548949402287727,0.3057432002031801,0.0649714305542296,0.09347890447048185,0.4100428727026475,0.5899571272973525,-0.009411397794119414,-0.2776680853517815,0.03675406638470541
-0.060432258539575054,0.2813922105711699,0.3637086360354009,0.07918157617012964,0.13228397192673172,0.374441968834851,0.6255580311651491,-0.166030258340289,-0.2016374538589284,0.015181516396944844
-0.04954019012109571,0.27679444291867344,0.3259437971002172,0.07661516363065878,0.10623935886810756,0.4189951803416603,0.5810048196583398,-0.2568346033756392,-0.21942664420072708,0.10318367868585926
-0.04450004259967094,0.23969723259381484,0.2318197189102046,0.05745476331313337,0.05374038207560627,0.516702083641069,0.483297916358931,-0.18823823409131865,-0.15882292171180323,-0.012482347724734267
-0.050152517042176215,0.3864757057899272,0.24903261778000066,0.14936347116582235,0.0620172447183599,0.7066087866201579,0.29339121337984214,-0.2320626843597068,-0.10476129978878047,0.0492471276213873
-0.1427066171411559,0.24121120083413825,0.29711336687385287,0.058182843407846976,0.0882763527751167,0.3972631621927124,0.6027368378072877,-0.25275360039539174,0.02344335035023013,0.07456014200608153
-0.04054392095646702,0.26407632077714743,0.3398354579761823,0.06973630319519487,0.11548813849788157,0.37649622564796514,0.6235037743520349,-0.18657237472234892,0.0621394194765959,0.009844901119184325
-0.03902399888915005,0.31145104156136943,0.27580284795999066,0.09700175128966187,0.07606721094284172,0.5604803428551688,0.4395196571448312,-0.1315804354186326,0.0038251542097577917,-0.13747714897940477
0.0542310047225795,0.22765747320177557,0.2594768053857293,0.05182792510461716,0.06732821253318365,0.4349580821607245,0.5650419178392755,-0.2707316264085164,0.06069237388212237,-0.17392792830981232
0.08575336994969682,0.41562359444572244,0.25425640235348934,0.17274297225998236,0.06464631813773947,0.7276780345506275,0.27232196544937254,-0.37136760275668945,0.009960199734162078,-0.17548645374484262
0.10172986283354069,0.39196202833566834,0.23483257036869112,0.15363423165701126,0.05514633610596627,0.73586461279973,0.2641353872002699,-0.36553240643362106,0.007446882146369765,-0.24180523443727314
0.20797426917698178,0.2922192115731303,0.3807006788177585,0.08539206761242189,0.1449330068523021,0.3707458591335453,0.6292541408664547,-0.32240656523592826,0.16494329206399866,-0.28236147524454047
0.1993800324277163,0.23671472157247944,0.31745387520392904,0.056033859409136466,0.10077696288199176,0.3573341341524657,0.6426658658475344,-0.2448989419475918,0.04581882847215733,-0.2107760659023355
0.2180834314936427,0.2083433996393148,0.22654994185670352,0.04340697217326724,0.05132487615527574,0.4582088594189141,0.541791140581086,-0.2872150138486799,0.049648570916849336,-0.1921594569811007
0.12898125285955955,0.18054728223768898,0.17774718042985277,0.03259732112341572,0.03159406015076264,0.5078146080730673,0.49218539192693256,-0.2510799787647542,0.04830386704323682,-0.22999132070571268
0.1289354218761533,0.1502168584443373,0.2899785496154803,0.02256510456088607,0.08408755923709757,0.21157563024987178,0.7884243697501283,-0.2060516479892605,-0.06312298358703872,-0.229654944005279
0.12171353373389335,0.13534343977823007,0.2773276177969124,0.018317846691003392,0.07691060759291032,0.19235686254436768,0.8076431374556323,-0.204028861292432,-0.1301715818502042,-0.22578652718795406
0.11942345535196805,0.11802080725687437,0.34750489554656155,0.013928910945564291,0.12075965242882665,0.1034156917009085,0.8965843082990914,-0.22621891632062258,-0.18735510009714237,-0.20744238904987872
0.12890475312676952,0.09695855436762689,0.280403062216267,0.00940096126506006,0.07862587730025969,0.10679653408300172,0.8932034659169983,-0.22617848149340403,-0.18403453378890364,-0.21299596007113847
0.1684695831698798,0.11998779943001595,0.1650236695460062,0.014397072012057735,0.02723281151042945,0.3458350298837824,0.6541649701162177,-0.2824670255874845,-0.22031004524293213,-0.15553325585364608
0.10690844330859256,0.1404978511143247,0.22882025945752954,0.019739646167742948,0.05235871113821114,0.27378773810305373,0.7262122618969463,-0.19428557940963004,-0.2484731793708768,-0.14255179381266211
0.06396684463951573,0.16028155013120224,0.1891567249727857,0.025690175312461098,0.0357802666024301,0.41792729175479804,0.582072708245202,-0.1869140270468253,-0.1960410882955293,-0.10345610008759615
-0.012571488425540185,0.130042422705772,0.2509607237651312,0.016911031703186682,0.06298128487271848,0.21167281696131096,0.7883271830386891,-0.09819607378591146,-0.21969590098696867,-0.03477976811517734
-0.02104887572112934,0.08220874304555947,0.2301148945019548,0.006758277433130823,0.05295286467164578,0.11318285323151092,0.8868171467684891,-0.00026994946345009494,-0.17796181979839792,0.057565327253875004
0.027991372872173646,0.10694607490370463,0.1740356586249995,0.0114374629373088,0.030288410473037364,0.2741096111956477,0.7258903888043523,-0.1337258659911784,-0.05304448703484673,0.05109738642348643
0.0665648110582254,0.07010987073003368,0.1541344582041645,0.004915393973782033,0.02375743120589133,0.1714304029331102,0.8285695970668897,-0.05886712820525515,-0.15147660476014846,0.07571013202066414
0.033666501599479697,0.055296388839692436,0.243094259364855,0.0030576906187104623,0.05909481893614739,0.04919657533718158,0.9508034246628184,-0.0250776538262159,-0.14322814130459313,-0.006138278627318142
0.02518943996388022,0.05917117922379837,0.23755476516450333,0.003501228450734868,0.05643226645236232,0.05841855971182376,0.9415814402881763,-0.06330233151582876,-0.07861003617561244,0.01572328954006047
-0.05828249297180342,0.05636941374048667,0.20847519333220033,0.003177510805446168,0.043461906234898304,0.06812929935847026,0.9318707006415297,-0.0040973216387649725,-0.06832697086848305,0.013333760587771165
-0.10515954943911755,0.05626697377974968,0.1917537666766791,0.003165972338331038,0.03676950703469429,0.07927718379836236,0.9207228162016375,-0.017211246176368985,0.004508934212126656,0.08638103537610003
-0.21462589503067975,0.0660061557440358,0.18610706015706635,0.00435681259610591,0.03463583784030591,0.1117341998387846,0.8882658001612154,0.10268216862227023,0.07723300885726249,0.013163693233994259
-0.272715548159962,0.06638975195213583,0.18534353450959287,0.004407599164266122,0.034352225784508646,0.11371566228927076,0.8862843377107293,0.017502677783518404,-0.04631724716831849,0.06100365280437582
-0.24024934623940472,0.05071419213224052,0.17277026534470746,0.0025719292836258066,0.029849564587280625,0.07932790801887567,0.9206720919811243,0.031588229267013254,-0.005394368537485848,0.0325951312468469
-0.18077835909677675,0.049618408457642774,0.127716471306121,0.002461986457869476,0.016311497042887226,0.1311416955606689,0.8688583044393312,0.05578229463964532,0.04486289778085607,-0.0077751657547833405
-0.2048670371816877,0.044600226903928175,0.13369481786600262,0.001989180239881879,0.017874304324223614,0.10014256227109551,0.8998574377289045,0.03497716676716642,0.04488068554766697,0.054429031654790634
-0.18830603391563017,0.05195389446472972,0.15135144624210692,0.0026992071500522735,0.02290726027957738,0.10541114886190735,0.8945888511380926,0.06193007985097036,0.052060027668378625,0.09205548377514149
-0.17871587470866546,0.06763325152024795,0.20327378601512308,0.004574256711201121,0.041320232080922045,0.09966897620147795,0.9003310237985219,0.07136764629795568,0.07455057345452432,0.030156924414194167
-0.20766431202670763,0.040543491569646116,0.2172531010689415,0.0016437747086579656,0.047198909924071705,0.03365447090016149,0.9663455290998385,0.06848676353359112,0.032941603446337925,-0.018906139947874028
-0.10715947079422775,0.06036372759921021,0.2206974898642925,0.0036437796096716523,0.048707382032399486,0.06960265055022942,0.9303973494497706,0.09097507658098586,-0.06860619364446516,0.03392844940946819
-0.16252652523338426,0.06560254447065247,0.15660724795865846,0.004303693841023935,0.024525830113184734,0.1492807806282095,0.8507192193717905,0.09097507658098586,-0.06860619364446516,0.03392844940946819
-0.09975590237426103,0.0984384293844421,0.1629192085932889,0.009690124379675794,0.02654266852866358,0.2674407243236694,0.7325592756763306,0.04612012652924577,-0.0604586096414677,-0.013879198155133379
-0.10126598278617754,0.11109449428365951,0.22809257321991294,0.012341986660142057,0.05202622195808135,0.1917404092033081,0.808259590796692,-0.0033837728336003764,0.06248408175561786,0.028997106450391663
-0.04789232616701174,0.08928050230348462,0.21863522081216713,0.007971008091562523,0.04780135977958508,0.14292038146879754,0.8570796185312024,-0.11806775475155376,0.07817749238768867,0.06512788261888608
-0.006897409473493349,0.08014004912795801,0.18265949019221578,0.0064224274742315235,0.033364489357280175,0.16142058710980306,0.838579412890197,-0.14206558622661655,0.055057147085362045,0.09777579455885375
0.0045336516695289285,0.06336740740802109,0.21862357509945105,0.004015428321614126,0.047796267589265314,0.07750042246293205,0.9224995775370679,-0.16084508086020863,0.03529808765975914,0.034071631387128
-0.049801843021994696,0.08107642669150018,0.25178916973525606,0.006573386965062203,0.06339778599596958,0.09394421569469819,0.9060557843053019,-0.0952850597225532,0.06013246101516295,-0.010383149979638141
-0.10077954490479049,0.1666739286170672,0.1998213829262901,0.027780198480647212,0.03992858507457506,0.4102894339844416,0.5897105660155584,-0.16716580949955287,0.01844404414231459,0.030861045827780993
-0.080363928645374,0.2741473957706268,0.18060951250618126,0.07515679460781668,0.03261979600772045,0.6973387651119671,0.3026612348880329,-0.03564527463796497,-0.07902765298930342,0.03488487589518724
-0.017860448870001294,0.1878029459093239,0.18845647241087984,0.035269946492220434,0.03551584199355272,0.49826310120581824,0.5017368987941817,-0.1070158233927038,-0.01692556569898605,0.048158161154578535
-0.04420428788799362,0.15355078067211658,0.20592021704596444,0.02357784224501645,0.04240313578825711,0.3573430244263184,0.6426569755736816,-0.12681912849212637,0.06147520132964553,0.0841837288059504
-0.023777370242684052,0.14224450825124355,0.2569660613482385,0.020233500127638093,0.06603155668482669,0.2345503599635313,0.7654496400364686,0.004878392456548593,0.0733573189362348,-0.0659678619879587
0.04937497290272127,0.13124560498973678,0.2506525902073741,0.01722540882912202,0.06282672097766583,0.21517739591309948,0.7848226040869005,-0.012614955361285173,0.019110233080367585,-0.11133639809178113
0.018217253053268784,0.14448609356004347,0.2504471533696712,0.020876231232241634,0.06272377663097162,0.24971566110854232,0.7502843388914576,-0.06939519683751415,0.018786661152048627,-0.16067027617978122
-0.008405018731611293,0.134882267187093,0.1991934291932484,0.01819322600153035,0.03967802223376566,0.3143741764055159,0.6856258235944841,-0.03186738765008933,0.1262412587048355,-0.16438365028595225
-0.052221004116968686,0.12864635723988962,0.23555785403636326,0.0165498852310933,0.055487502598216616,0.2297402186529539,0.7702597813470461,-0.012032339187900504,0.012232303023040507,-0.11938343720666898
-0.09319724562044371,0.1605821514817726,0.27129525649824976,0.025786627374514964,0.07360111619845112,0.25945480244838803,0.740545197551612,0.12295660245617461,-0.00689306264332597,-0.0009959572624556766
-0.08137131456665529,0.11857293684645322,0.32379029867709075,0.014059541352392983,0.10484015751739964,0.118247072835648,0.8817529271643519,0.1630818509723883,0.07012536017552073,0.16131337859682077
-0.18538956723744485,0.1195205920956014,0.2906468469429082,0.014285171934883135,0.08447558963785431,0.14464420593154384,0.8553557940684562,0.18596642696339422,-0.01960274899350205,0.09924891186442569
-0.20119741139604652,0.20503321013095577,0.2979143964588107,0.04203861725660466,0.08875298761741743,0.3214167858640169,0.6785832141359832,0.15302152586975132,0.05135694366766937,0.06563604624021396
-0.193410838010632,0.20820068587247315,0.2856117233124328,0.043347525597768236,0.08157405649349767,0.34699789157408495,0.6530021084259151,0.1506426100366352,0.03368958229526527,0.13254944976761848
-0.194225188684115,0.19221330209839863,0.31105164060834045,0.03694595350357025,0.09675312312514019,0.2763366392287896,0.7236633607712104,0.0528278117120074,0.04024789062465599,0.09062915941442629
-0.1410523910520071,0.19446936979107898,0.3220678654064646,0.037818335786939425,0.1037277099274766,0.26718044715457384,0.7328195528454261,-0.015905806940955385,0.014425706274525073,-0.006018363934786032
-0.14329369693422092,0.11036582255492614,0.2813549867195686,0.012180614788225443,0.07916062855196862,0.13335284634630598,0.866647153653694,-0.006268899966754855,0.09089346944254542,0.09976656104696474
-0.16633592188121987,0.12582963005538808,0.21846250865543662,0.015833095799875824,0.047725867688026724,0.24910877917147603,0.750891220828524,-0.0488897359041234,0.06065398275349068,0.08858225737967027
-0.11544142461619508,0.11596754513642854,0.2969917083487536,0.01344847152496959,0.08820407482791112,0.13229842249385498,0.8677015775061451,-0.050787627762070096,0.07611860636138508,0.1937361429397143
-0.09086814709791902,0.10990044721093324,0.2892848556140975,0.012078108297163125,0.08368572768766924,0.12612389816001235,0.8738761018399875,-0.06899632509455562,-0.0026896822091459598,0.19828632964282508
-0.16162047620432213,0.12484574838868158,0.236201822456051,0.01558646089072999,0.055791300931559845,0.21836578358306905,0.781634216416931,-0.01266985511802541,-0.0734569598810676,0.21522375816089553
-0.17886421477252773,0.1184826824048476,0.1718999169176498,0.014038146029847985,0.029549581436294905,0.32206648168919166,0.6779335183108084,0.044648400227569524,0.007321614224976451,0.25083239184499867
-0.25073184816333344,0.09940246325071578,0.160849712096119,0.009880849700309901,0.025872629881404374,0.27636050577195714,0.7236394942280427,0.06311290175388198,-0.011463181110497836,0.20357064465662655
-0.15385667027528394,0.09339466020993048,0.1493448030013508,0.008722562555728371,0.02230387018351228,0.2811332720405371,0.7188667279594628,0.034972616756958785,0.05826012711121538,0.2237039393296364
-0.18079831247522826,0.13706418113605262,0.11903646017571028,0.018786589750496643,0.014169678851163459,0.5700460200021039,0.42995397999789614,0.13121736757336225,0.13661281817351034,0.1736109937198201
-0.20343306708944595,0.17773756062872476,0.17546920810050853,0.03159064045824961,0.030789442991419568,0.5064219012104759,0.493578098789524,0.1177348465372072,0.22757104560850264,0.034834313783498855
-0.22540490875423502,0.23576432313159273,0.1608593298733386,0.05558481606169807,0.025875724007299563,0.6823526582885081,0.3176473417114918,0.10517989413881483,0.23993029091786539,0.05748033224925927
-0.1440857442371401,0.29832999217019135,0.25025850581521286,0.08900078422826643,0.06262931973286293,0.5869598575958369,0.4130401424041631,0.08274174427274023,0.1908803006110719,0.019455593769750083
-0.10848580371430937,0.3199921208290489,0.19346849606751412,0.10239495739267261,0.03743005897062573,0.7323078520271823,0.2676921479728178,0.05729870074036514,0.17858820353412985,0.021247479134729862
-0.11769956403239595,0.3267846449521769,0.16454879081241314,0.10678820417652032,0.027076304557827297,0.7977335082029855,0.20226649179701447,0.005281404614381949,0.05764110514476459,0.07753824281223662
-0.2624789071714961,0.36144264220573286,0.20082772275357028,0.13064078360466141,0.04033177422638489,0.7641038144481618,0.23589618555183822,0.1003817260215693,0.129258412301552,0.08279048998796844
-0.2184209396279537,0.4101502574833646,0.18716813614377478,0.16822323371367026,0.03503191118753461,0.8276456362048675,0.17235436379513236,0.08121865939416055,-0.019554368862873216,0.13138037101956912
-0.23113518894848417,0.3853538629822648,0.15191079355251702,0.14849759971535412,0.023076889197755447,0.8654992980370044,0.13450070196299563,0.045834977948553256,-0.0601360212414479,0.02400643731221338
-0.199532671081471,0.306238890109386,0.22974502225071822,0.09378225781542858,0.05278277524898301,0.6398678856382727,0.36013211436172726,0.06546625965532851,-0.09677695133050673,0.0686058018546804
-0.2671324511281359,0.37832678609618653,0.31849275239035446,0.14313115707786966,0.10143763332518364,0.5852388476959273,0.4147611523040728,0.07952586547828944,-0.15306128276251135,0.13617044586909297
-0.27906122216063295,0.3082312802513599,0.2103236017984864,0.09500652212539235,0.044236017473488265,0.6823096045151141,0.31769039548488587,0.1753153641379843,-0.10513123171861913,0.10254179422344832
-0.2349145843736556,0.3250366854953451,0.26839658646929637,0.10564884691779988,0.07203672762837049,0.5945831404020238,0.4054168595979762,0.1385051115629424,-0.11928477345771911,0.020200680465523854
-0.2043690710239921,0.3317300242913361,0.29043338408763825,0.11004480901633043,0.08435155059259761,0.5660847211218888,0.4339152788781112,0.08937066949591613,-0.09627642951933081,-0.05112327519693815
-0.19992090026915393,0.41121500516788595,0.26680996660098594,0.16909778047522447,0.07118755827761923,0.7037374038420114,0.29626259615798867,0.19997092024266444,0.02846072937354985,-0.09387321262551498
-0.18299014674625658,0.5311215775818733,0.2821822589703958,0.28209013017305784,0.07962682727763551,0.7798642677998041,0.22013573220019597,0.1808252797999838,-0.04347285531014181,0.05084920978739218
-0.09652057103022571,0.5354398859811951,0.1912598370089156,0.28669587149955517,0.036580325252676966,0.8868449776996321,0.11315502230036796,0.15151767370293737,-0.09830191759808961,-0.010310795857680972
-0.147009539641233,0.5482856723690377,0.2824106985427821,0.3006171785251677,0.07975580265142215,0.7903221138243908,0.20967788617560917,0.22182661305599455,-0.12277519155613202,0.07560293345149535
-0.15944642502598272,0.6049220171072227,0.3205879863452853,0.36593064678107107,0.10277665698892482,0.7807231588621469,0.21927684113785303,0.27401299335017937,-0.24502301946247873,0.046798368083601334
-0.20227308194052362,0.5815536509029977,0.2797809321439305,0.33820464887860574,0.07827736999132665,0.8120510215453678,0.18794897845463218,0.3486952781573522,-0.19698726674415892,0.13877907919416488
-0.18593302187721114,0.6880277425986252,0.2792961740204293,0.4733821745853601,0.07800635282244991,0.8585274285825756,0.14147257141742448,0.3232951032117809,-0.1705678119202716,0.08268375029220709
-0.13876244551369793,0.9024438071756311,0.376283485569601,0.8144048251096476,0.14158926151240814,0.8518931617948551,0.14810683820514495,0.25049315444132986,-0.13817197105603712,0.0922141545200559
-0.1319798826042505,0.9852861238764048,0.29933967059595673,0.9707887459033901,0.08960423839249589,0.9154990275119612,0.08450097248803866,0.2364073339938308,-0.15251622692983313,0.1415450260141142
-0.1445410488480652,0.6489507214781209,0.3650135281194896,0.4211370389069737,0.13323487571023743,0.7596651774788502,0.24033482252114977,0.26462809179702007,-0.1653462322991368,0.2861829074191921
-0.1876717374223183,0.645994042805617,0.346449087424284,0.41730830334034535,0.12002697017711916,0.7766255518804721,0.22337444811952778,0.2150815322045705,-0.21282038671526643,0.1650145492464691
-0.20276825402455895,0.6044073065892616,0.2391047210751736,0.3653081922584856,0.05717106764043657,0.8646772207134743,0.1353227792865257,0.21455028354633765,-0.233076709573646,0.21026101802550135
-0.2872190433995424,0.6011673969448335,0.20418944622346816,0.36140223914942693,0.04169332994904659,0.8965671340861074,0.10343286591389247,0.1317945232627513,-0.19095302812955572,0.22014886999488045
-0.33238480436840073,0.5618432862763666,0.2755433803880651,0.3156678783338272,0.07592415447568193,0.80611414912873,0.19388585087126992,0.15183993055045875,-0.21694407257662193,0.22243306898320264
-0.3413568906940419,0.37057653182022426,0.3049242972951996,0.13732696593590568,0.09297882708097127,0.5962809885804404,0.40371901141955957,0.1596098060110612,-0.18553862908134258,0.21524415417372544
-0.24406569150693783,0.2952749995247679,0.2882279802977978,0.08718732534435167,0.0830753686265477,0.5120753308370263,0.4879246691629736,0.1234273553833338,-0.2899997671897221,0.24900282101468152
-0.2976003873179213,0.26307108649714855,0.27438179452405304,0.06920639655079022,0.07528536916623967,0.47896429396760787,0.5210357060323922,0.08733524025305826,-0.22016254747664643,0.33098789428440895
-0.3271909774554717,0.18356368018752087,0.2975333180770273,0.03369562468398644,0.08852607536592551,0.27569265253409236,0.7243073474659075,0.17811847782201484,-0.13925761093030223,0.46884292811766326
-0.32938224329336363,0.18268278809197996,0.29545494329570093,0.033373001065059256,0.08729362351786585,0.27657192848818357,0.7234280715118164,0.23142371638847709,-0.14375885768184687,0.39183239060653474
-0.36116171631136745,0.1558157270547169,0.374574945133488,0.02427854079759004,0.14030638952175553,0.1475137532365945,0.8524862467634056,0.18049778973167868,-0.21554524714389667,0.256758513607022
-0.2975648470790722,0.1604530611718156,0.2515500506261369,0.0257451848394064,0.06327742797001203,0.2891982612835939,0.7108017387164062,0.1433823335930962,-0.3425686428444913,0.2578595142242549
-0.2157150849249982,0.17690371107683153,0.2905586369400936,0.03129492299275509,0.08442432150048512,0.2704383625195824,0.7295616374804176,0.09091213573932193,-0.22557140846963755,0.18406324992075127
-0.22719627029393794,0.12373619744368436,0.24924844720997952,0.01531064655782244,0.06212478843658595,0.1977214508955496,0.8022785491044504,0.09730748328986939,-0.217637174842275,0.056033815638665274
-0.297909992028051,0.15284688437909422,0.27622596485700185,0.023362170064396195,0.07630078366118162,0.23441177680448833,0.7655882231955117,0.0725745910924709,-0.06643810674450379,0.1460589521014489
-0.33809592776837905,0.16576500052750662,0.31107465615300783,0.02747803539988427,0.09676744170071205,0.22115924089241865,0.7788407591075813,0.21158989629649502,-0.051946996582836254,0.12776908217354394
-0.31314186489345747,0.19217330195365842,0.2546808170418361,0.03693057798377197,0.06486231856909719,0.36280113086860616,0.6371988691313939,0.2515679291674223,-0.007166700472594479,0.09953024576621178
-0.23167556759220587,0.3789757504150154,0.29505439067702105,0.14362261940262405,0.08705709345778817,0.6226061998331525,0.3773938001668475,0.23112615541014633,-0.031224198845972207,0.18955978037030932
-0.22375294689667663,0.49221975466420553,0.24620174834386785,0.24228028688169068,0.06061530088757724,0.7998805418923725,0.20011945810762757,0.2625758732441311,-0.015159506109334784,0.20465052418773236
-0.33589254518547107,0.4609908615745975,0.20212760542953057,0.21251257445528973,0.040855568876676,0.8387501745902342,0.16124982540976582,0.21546023930470987,-0.0334273766196138,0.26226337451879356
-0.3102095998436645,0.4782927767233537,0.18309354080956755,0.22876398026573586,0.033523244686184776,0.8721888010659693,0.12781119893403065,0.1674131915197172,-0.03993824670641752,0.2314968126675471
-0.21950542736821443,0.4133418534367812,0.17050635562022917,0.17085148780255352,0.029072417306892057,0.8545825858544691,0.14541741414553083,0.1544579498363896,-0.1325924772485289,0.14178945165906476
-0.27654232070289575,0.5031793087608065,0.20273284207446943,0.25318941676500306,0.04110060525559176,0.8603397934683783,0.13966020653162164,0.16262710464048796,-0.20605310750360722,0.20485669890417743
-0.2732531240450034,0.40849092141996857,0.17342967756960212,0.16686483288253492,0.030077853061896153,0.847276110216234,0.1527238897837661,0.07916091040568975,-0.07922877746770736,0.23591827989469064
-0.2947672145238225,0.5959706002625229,0.1526462627372893,0.3551809563772719,0.023300881527661552,0.9384359322057767,0.06156406779422329,0.1821836799173323,-0.07856327040873047,0.20566541093457918
-0.2557995842594151,0.4862316420239157,0.1966907561184963,0.23642120970527333,0.038687253542465785,0.859374542368668,0.14062545763133197,0.2499934491252212,-0.12009137348566057,0.24719034040061494
-0.3085249464902894,0.5750303710703687,0.21096137100592002,0.3306599276533259,0.04450470005669743,0.8813728780126453,0.11862712198735466,0.15671038835944684,-0.10131540965296884,0.3004162418475022
-0.27747296047505293,0.7273879441831641,0.2546399130896313,0.5290932213430098,0.06484148533829498,0.8908272498493883,0.10917275015061179,0.21372977030900775,-0.09910179118234015,0.17432182869868362
-0.32804518666141624,0.7407443792349996,0.31953976886839586,0.5487022353682449,0.10210566388846784,0.8431093660585824,0.1568906339414175,0.23259782031853285,-0.25422115814701707,0.2686116287003853
-0.3233682551279636,0.675515216572012,0.3488749216678216,0.45632080782033224,0.12171371096872864,0.789435220540618,0.21056477945938207,0.12806734485927945,-0.13253974494485626,0.29081399996280505
-0.18385737791239484,0.7593451322176387,0.3772785849308693,0.5766050298226232,0.14233913064743917,0.8020164312143873,0.19798356878561268,0.20986534217556418,-0.09654556659555506,0.21441914582340244
-0.21669343951381878,0.9903597805072037,0.5073486121623552,0.9808124948462768,0.2574026142630679,0.7921180153840806,0.20788198461591953,0.17491298168346447,-0.08996038083350033,0.11977938964311996
-0.1791443873738717,0.796696349558548,0.314360020087714,0.634725073399916,0.09882222222954797,0.8652817305464297,0.13471826945357038,-0.009504668421709165,-0.08272728280173894,0.0844081291334077
-0.17345994756898273,0.8028874547645061,0.2925095748280819,0.6446282650182268,0.08556185136610522,0.8828225013647402,0.11717749863525974,0.0690533164552974,-0.1447212667654421,0.1379325538703578
-0.09678302946764894,0.8927709015469453,0.2461585736611142,0.7970398826489454,0.06059404338687419,0.9293474272094695,0.07065257279053049,-0.01965768836115331,-0.13174678858450345,0.06023001985418085
-0.06974789935692315,0.9105349887676113,0.22160605607930023,0.829073965770034,0.04910924409102196,0.9440785891376905,0.055921410862309597,0.001217093538952732,-0.06243212363975165,0.10894604754159448
-0.07879239567396712,0.6166251014766991,0.25825171169103933,0.3802265157711495,0.06669394659135171,0.8507699865904649,0.14923001340953515,-0.0038549000396677184,-0.0707671849144172,0.14632596674523882
-0.1698495969823406,0.5173851429009358,0.20783479663235815,0.2676873860946218,0.043195302691213674,0.8610559408762365,0.13894405912376345,-0.08655525045818656,-0.01797552330739571,0.19245149842752488
-0.10800747720142644,0.4288144287245973,0.25184408379880846,0.18388181428240274,0.06342544254446125,0.7435358615907319,0.25646413840926807,-0.10297435304168034,0.06433918881650405,0.1437545276679634
-0.10852043033410334,0.4891003146417992,0.1948369487863575,0.239219117782707,0.03796143661237769,0.8630443730252857,0.13695562697471417,-0.13090825164997297,0.038080072906343694,0.0575698898764232
0.011846071996645679,0.5258372960803704,0.14526740078164108,0.27650486194911517,0.021102617729853935,0.9290924483732147,0.07090755162678522,-0.16167756835505814,-0.05461620764084012,-0.016577288668536055
0.09703991886868425,0.523436828133695,0.2036707355546728,0.2739861130466633,0.04148176852138146,0.8685071573207555,0.13149284267924455,-0.11035372913990768,0.011721416169789282,-0.14163430342547453
0.09361525252800001,0.5289126516926996,0.2611154586404268,0.279748593120603,0.06818128274100044,0.8040372860417396,0.19596271395826037,-0.22549352832767888,0.11600932275274381,-0.12147492880964168
0.037283741160881144,0.5499736847765895,0.161470825941759,0.3024710539467394,0.02607282763031383,0.9206412625760648,0.0793587374239352,-0.23010274724628713,0.0030034766708623047,-0.1588716552960445
0.008489531366602885,0.501206264799205,0.14901698088868098,0.25120771987397084,0.022206060593177514,0.9187822188214625,0.08121778117853738,-0.18251161298434038,-0.04606352513232715,-0.16296813425045426
-0.04079486273699483,0.5166345110839436,0.22867245007535295,0.2669112180429455,0.05229108942346478,0.8361819817703937,0.16381801822960626,-0.2372686566336847,0.09627956485708447,-0.06560656240177784
-0.06125908529831114,0.3348696332101985,0.24268653260604253,0.11213767124633289,0.05889675310834375,0.655643866253447,0.3443561337465531,-0.26162632400419866,0.09632168928520442,-0.07996433246100351
0.035873898387133424,0.31493199663408894,0.2629060064071141,0.0991821625039338,0.06911956820493752,0.589311601765399,0.41068839823460096,-0.13873497103456045,0.18155273572934671,0.06585336454211874
0.03975634861302607,0.3281679095481526,0.2596476642096386,0.10769417685720448,0.06741690952952123,0.6150049039120589,0.3849950960879412,-0.15895956221060695,0.12733357730187836,0.0009616265874654792
0.01720630874851788,0.4740109729687691,0.3288454880842688,0.22468640249479915,0.10813935503338096,0.6750871812431017,0.32491281875689826,-0.1524437779168453,0.07929880113432058,0.10261910518102747
-0.0483249870489906,0.3036314622617277,0.25676021437085667,0.09219206487519498,0.06592580768376827,0.5830591025743527,0.41694089742564727,-0.11200301812165406,0.08110809951689912,0.27567738281067156
-0.13144635613313815,0.5761395643339531,0.190810767872378,0.33193679759091727,0.03640874913604652,0.9011559948000823,0.09884400519991765,-0.053714455394111786,0.14205116990930897,0.21811016598136945
-0.24178826335614245,0.8329501372814779,0.2086028815468262,0.6938059311972329,0.04351516218963921,0.9409820733735514,0.05901792662644851,0.04868111643770148,0.0706995070221396,0.25955795309935986
-0.3072814998782225,0.7004565965625759,0.25507946589793246,0.49063944366802714,0.06506553392277449,0.8829135304764427,0.11708646952355731,0.1027120795053284,0.13876984211173407,0.24557780463003978
-0.2984167467826437,0.6314317531878887,0.196261227412133,0.3987060589339308,0.038518469385316986,0.9119023135930013,0.08809768640699864,0.19365631109013856,0.1442077856259943,0.37611644263350746
-0.3779109172880529,0.48204131740847833,0.19966660506831907,0.23236383168890135,0.0398667531795081,0.8535552013790851,0.1464447986209149,0.2391717727273731,0.1126102846149808,0.35966755487323265
-0.3530365836729711,0.25954430061787537,0.2372813531376949,0.06736324398322206,0.05630244054685548,0.5447205846892653,0.4552794153107348,0.3688452853075335,0.18116000183826647,0.34434878352022286
-0.30517226693680466,0.2033992262703799,0.2505621241414575,0.0413712452473892,0.06278137805427916,0.397217505770942,0.602782494229058,0.292822721922364,0.191254667291515,0.3040396591231773
-0.3713103735810024,0.16506278075896308,0.26546887148689113,0.027245721591881513,0.07047372172852352,0.2788157675289608,0.7211842324710391,0.3141868304025944,0.19968507965369497,0.28893460067486426
-0.277636227129041,0.20202455977966313,0.23284931885471735,0.04081392275416668,0.05421880529110583,0.4294722838507108,0.5705277161492891,0.3168059467166714,0.28278963264638773,0.29322662566007013
-0.2793876230879608,0.16975063061884368,0.2821381816107543,0.028815276595495112,0.07960195352262299,0.2657813390371763,0.7342186609628236,0.21579212481552887,0.3226418092512496,0.2556573294931235
-0.3582995779450367,0.1770934203938278,0.25924552813806173,0.03136207954678503,0.06720824385958256,0.31816959164769315,0.6818304083523068,0.2957819828617689,0.31167530512072195,0.19981836631046337
-0.3144150437105233,0.3223387436215132,0.2232065539518164,0.10390226563949563,0.049821165727045126,0.6759038925676158,0.32409610743238415,0.27857685151906825,0.40313479928678847,0.0983275348662285
-0.38438640743497343,0.301531560051779,0.20294514002899028,0.0909212817072596,0.041186729861386474,0.6882344274784199,0.31176557252158016,0.23930948692557213,0.33486641606282846,0.2400193914398039
-0.2996634950592383,0.2983404109241541,0.1929154835472008,0.08900700079039311,0.037216383792250306,0.7051546041543255,0.2948453958456745,0.22695561551067184,0.22961455301265313,0.1927380343737462
-0.15366611585206358,0.41372011764453676,0.2122396558929261,0.17116433574380932,0.04504567153354768,0.7916577863310346,0.2083422136689654,0.1223430521251547,0.3127362221270998,0.1559088344029752
-0.1814130099643696,0.33360315658700307,0.19187906430443383,0.11129106608481248,0.03681757531834505,0.7514150763281517,0.24858492367184817,0.10194862943404127,0.310805179842819,0.21504188650907585
-0.15948817727660577,0.3093344640480369,0.17643511708772197,0.09568781064788623,0.031129350541758163,0.7545336116205373,0.2454663883794626,0.08220942408127342,0.3176557013647502,0.22361507059509306
-0.24662982025900093,0.2591267923909491,0.18760979173336392,0.06714669453482204,0.03519743395423618,0.6560874133780993,0.34391258662190083,0.10028938621025703,0.26809825643133073,0.22109588293303406
-0.2329204809333797,0.22695104097206178,0.17913761361912298,0.05150677499830247,0.03209028461315419,0.6161314194266667,0.3838685805733332,0.07222611922588174,0.2801166443190239,0.1539670452681619
-0.21659118464874982,0.4030303430732417,0.15138754488086742,0.1624334574377349,0.022918188745056647,0.8763529258194179,0.12364707418058218,0.11230051665732897,0.19327250752454544,0.11288491297958086
-0.20810755925154067,0.37964284617985883,0.14036043968190406,0.14412869065554396,0.01970105302769743,0.8797467872147279,0.1202532127852722,0.10546959797223743,0.11124899413149138,0.03254629447109465
-0.20564099764949395,0.45017971000289053,0.18706739777174558,0.2026617712982866,0.034994211309092485,0.8527526598524353,0.14724734014756477,0.018553069910066812,-0.03283978206274545,0.06045716601804993
-0.07519307093295273,0.3189572491439096,0.22542571250628385,0.10173372678145003,0.05081675185896574,0.6668856609834152,0.3331143390165848,0.055087503865671836,0.031026167009219348,0.0614388691995455
-0.06521950837996596,0.261400533288542,0.20419805144249398,0.06833023880353416,0.041696844212911414,0.6210310855311956,0.37896891446880454,0.03285036274740799,0.048071490731799726,-0.018850526170638454
-0.07024480138752234,0.2858069620098659,0.23257997196814545,0.08168561953330893,0.054093443360703326,0.6016068883688782,0.39839311163112173,0.02237645092574942,0.15653971111382767,0.010474809483541
-0.08478536550659724,0.21131056723468675,0.18638259576646657,0.044652155825045066,0.03473847200464608,0.5624361092197547,0.4375638907802454,0.030835653389037238,0.06515961102564853,0.07537815131472522
-0.071058390733831,0.1371249308117068,0.15111740949440944,0.018803246650115374,0.022836471452301027,0.4515699795053175,0.5484300204946825,0.12119029752797739,0.0916104518438153,0.016887473410686086
-0.1291307084852278,0.18952746197484532,0.14559990797263014,0.03592065884262644,0.021199333201638366,0.6288631625646924,0.3711368374353075,0.0742675416556652,0.07816282640514016,-0.010672829954219924
-0.20737015397113964,0.2342003339227767,0.140926148420164,0.05484979640954011,0.01986017930854209,0.7341696457848628,0.2658303542151372,-0.00192369740197584,0.11950630799461397,0.02051070863528172
-0.18494005318138562,0.14384484858084767,0.14268890273432447,0.020691340463246995,0.020360122963525507,0.5040341740838583,0.49596582591614163,-0.0071931474769611516,0.19689189318445532,0.09948606447983237
-0.19474844064787783,0.2430405043074627,0.22227245754988234,0.0590686867340258,0.049405045385264246,0.5445436934820972,0.4554563065179028,0.09633464963713984,0.23967853403862086,0.18318388275260186
-0.13877017758010915,0.29800671379972987,0.21700664621715432,0.08880800146971411,0.04709188450241718,0.653481059490556,0.34651894050944393,0.0124802694219815,0.2634479859502024,0.21227640998086117
-0.09684736013217718,0.3080188319246389,0.21924691496982215,0.09487560082021895,0.04806920972378442,0.6637218969975335,0.33627810300246647,0.020539437115285386,0.29399534207382566,0.18712660437119003
-0.22917756955607488,0.3244386955256818,0.22822840238517433,0.10526046715440604,0.05208820365528905,0.6689631797507398,0.33103682024926023,0.09864742120176687,0.21572788451220898,0.2405917832672828
-0.31387134407703077,0.3428034244534418,0.2465451541941375,0.11751418781700658,0.060784513056611034,0.6590860575047233,0.34091394249527684,0.10985597912676137,0.17860657799745377,0.3472871785657047
-0.2608088926965988,0.35024155418915326,0.20603711304079037,0.12266914628083359,0.04245129195018343,0.7429071022038435,0.25709289779615646,0.061488599132899696,0.20381687983302121,0.269955107596037
-0.3166153301050089,0.32626982950221295,0.18819905242557947,0.10645200164340311,0.03541888333388601,0.750344241952421,0.24965575804757903,0.18263910392849853,0.24991180618090572,0.3535432044860107
-0.3373780872329413,0.3032813052628596,0.1838430464492319,0.09197955012194385,0.03379826572773444,0.7312859545269256,0.26871404547307454,0.24696737509973996,0.2599229160265069,0.35807011556004087
-0.3588578438518889,0.20983309684298598,0.18639749610997203,0.04402992853071793,0.03474402655606704,0.558940178669591,0.4410598213304089,0.21418888909629002,0.16626429461248796,0.37008599563627165
-0.29926898541976354,0.18049786277041371,0.14625492094549708,0.0325794784646871,0.0213905019007736,0.6036592610201702,0.3963407389798298,0.10447970300836659,0.17300648075402753,0.3753030002554951
-0.369947023205505,0.15699046773854533,0.18037162358978073,0.02464600696076724,0.03253392259641354,0.43102548659352347,0.5689745134064765,0.09677709680920799,0.18417913425666824,0.41110357792860514
-0.3620904838674598,0.1664951488614092,0.28398769161308285,0.02772063459438281,0.08064900898772745,0.2557970449850123,0.7442029550149877,0.046739985962692195,0.11522864459853839,0.3730597131379493
-0.34376738317992284,0.23171883403320748,0.21820525130280652,0.05369361804570915,0.047613531696120946,0.5300081799018264,0.46999182009817364,-0.005524703792286541,0.15901172225833976,0.367862640797445
-0.3503645822337174,0.33842435844802154,0.19227306096390992,0.11453104639095497,0.03696892997243142,0.7559806221767448,0.24401937782325522,0.0010680466090232776,0.20711102116207414,0.37912859937955234
-0.3188394524983975,0.39315750118668197,0.18237013395032342,0.15457282073935583,0.03325886575705891,0.8229326138873073,0.17706738611269265,-0.10157119518248647,0.21070809138759855,0.4676900930686397
-0.20269911547627706,0.2573321100828267,0.2660177861457495,0.06621981487968004,0.07076546254588571,0.48340826199853604,0.5165917380014639,-0.07681069682742167,0.1912413921112512,0.34275574924101315
-0.2780527290254099,0.24220850583242284,0.2670755495183262,0.05866496029757481,0.0713293491505159,0.45128867984025783,0.5487113201597422,-0.09627761992186476,0.1374311929249817,0.27860828460578757
-0.31592299746800245,0.36189782886206084,0.2876729749397093,0.13097003853507347,0.0827557405106626,0.6127947649546134,0.3872052350453866,-0.07592043092786874,0.10480439302609618,0.23490621187682614
-0.2297121643939667,0.3254776156123665,0.2591188740042756,0.1059356782647114,0.06714259086524364,0.6120680475789255,0.3879319524210745,-0.06318406628652878,0.06032518961017632,0.14333130766846425
-0.12542060595874158,0.3764785683128381,0.3181681813011484,0.1417361123988843,0.10123099159248042,0.5833551541360996,0.4166448458639004,0.09994892014145706,-0.061085302396630334,0.205992354743338
-0.16540542756244503,0.3295548411686959,0.29309248409264016,0.10860639333772437,0.08590320423159452,0.5583600742324268,0.4416399257675731,0.005393332307292817,-0.13765212348322475,0.1897955402531044
-0.18090640190945959,0.2451611111855141,0.2765300168037715,0.060103970437716,0.07646885019349414,0.44008734797984256,0.5599126520201574,0.026209675145478478,-0.1320283146923577,0.21512671113161236
-0.23018663066598086,0.1995611227595117,0.2722071423968995,0.0398246417170369,0.07409672837188594,0.34958008041819766,0.6504199195818023,0.1255851485567059,-0.1895699012663929,0.29072340095513943
-0.22432420509621548,0.22955021827751124,0.2966391089927229,0.052693302711253054,0.08799476098399653,0.37453996684035873,0.6254600331596413,0.22365205835579954,-0.06788019967267377,0.24019376140076162
-0.21293809995358412,0.23428432959513495,0.32413998186131304,0.05488914709384183,0.10506672784105235,0.34315180430967607,0.6568481956903239,0.3057280382629386,0.03502701306775921,0.10017572852443019
-0.15527784250387655,0.23306709407442755,0.28388866971893884,0.054320270340298064,0.08059277679478874,0.402631706078863,0.5973682939211369,0.2436994564785999,-0.001614207544870943,0.18947522559031235
-0.1510999460329393,0.16205093710381566,0.32790563494804476,0.02626050621622482,0.10752210543068039,0.19629237232664165,0.8037076276733585,0.210161261417605,-0.03156071154749451,0.1876399642991194
-0.15667038941010267,0.15449116014489062,0.2501592741348839,0.02386751856291424,0.062579662435692,0.27609365958733867,0.7239063404126614,0.24145935727910334,-0.05568148222103641,0.1492930504447742
-0.30061029460313476,0.13836083090561335,0.26530191868535286,0.019143719528891733,0.07038510805812957,0.2138274346358908,0.7861725653641093,0.1544736670404153,-0.05441221711775132,0.07962298098129864
-0.20383276103439207,0.1981167857361009,0.3988642443542153,0.03925026079040411,0.15909268542425917,0.1978908831369491,0.8021091168630509,0.24935297493541683,-0.06334656217755998,0.13077092615214525
-0.12079927064777708,0.15057791610134513,0.3354963274543598,0.022673708817423734,0.11255778573536303,0.16766588946166822,0.8323341105383317,0.07314163051685599,-0.12357656703978401,0.180921595531707
-0.13233583323056644,0.15088224099212638,0.20738109911620206,0.0227654506468061,0.043006920270644025,0.3461248291532422,0.6538751708467578,0.020521742134351133,-0.2090598591113579,0.12173430373128322
-0.07961476118349421,0.1959167691829373,0.2623503533985518,0.038383380447080326,0.06882770792834501,0.3580168901249441,0.6419831098750559,-0.0403482163301181,-0.11862246336025248,0.09167675525908248
-0.02816597922431721,0.16420101148574578,0.18607051202666744,0.02696197217294202,0.03462223544586619,0.4378065938565013,0.5621934061434987,-0.03874810937726014,-0.0939556242975495,0.007757589533241875
-0.08368736335994563,0.15895007666396238,0.17172802185735472,0.02526512687147952,0.0294905134910401,0.4614159692811038,0.5385840307188963,-0.13576202314057656,-0.1085491743031397,-0.03497444575817117
-0.039197230304397604,0.11967621392354208,0.2082142974620325,0.014322396179073407,0.04335319366760775,0.24832682625607452,0.7516731737439255,-0.08223728620412146,-0.17398776557010598,-0.04589126052817029
-0.033003807671206364,0.15561792953374937,0.20347203954420526,0.024216939992370984,0.041400870876278625,0.3690604680617465,0.6309395319382535,-0.0319682978083597,-0.13426300391880158,0.03649641092826009
-0.11981039901328938,0.14322447049270265,0.21667409003877305,0.020513248947915053,0.04694766129413033,0.3040760771580882,0.6959239228419118,-0.05646817869300091,-0.08379761144063189,0.05326528164145405
-0.07233313716556947,0.1279932077378585,0.20595580548276368,0.0163822612270266,0.04241779381205399,0.27860962402396344,0.7213903759760365,-0.028907072987102995,-0.12059207158650113,-0.012960687608301838
-0.04112577391128433,0.10547378201684264,0.22233960473309045,0.011124718692936438,0.0494348998328669,0.18369862564765663,0.8163013743523434,-0.16842578369433633,-0.18721500333136118,0.0022251186018672695
-0.10115997715929209,0.14705593109620035,0.24002341873103764,0.021625446870570428,0.05761124153933503,0.27292214382683627,0.7270778561731637,-0.15836436910441457,-0.17638118205288636,0.17922588170721998
-0.11404911152962953,0.15722616617304494,0.2695482650443556,0.02472006732947394,0.07265626718842216,0.2538611404081021,0.746138859591898,-0.1994830753388912,-0.16770986832875792,0.15086143122193663
-0.12896134954375355,0.16857709855293607,0.26019398009896066,0.028418238156526318,0.06770090727973833,0.29565637550710516,0.7043436244928948,-0.13695526564848257,-0.12065674972403564,0.20041134907744937
-0.08778681771869773,0.22150773694129106,0.21908641191530698,0.0490656775248522,0.047998855885923564,0.505495424546131,0.49450457545386917,-0.13404896930819293,-0.08060710075737691,0.16557227206427064
-0.13009068971012308,0.3173154078644787,0.18945316069038182,0.10068906806820048,0.03589250009557563,0.7372083175049167,0.2627916824950833,-0.10978563393680053,-0.023577257953416864,0.08619842809644179
-0.15057557605901967,0.29482005943705286,0.2522825941629206,0.08691886744646739,0.06364650731757289,0.5772832404706791,0.42271675952932086,0.036210577380062225,0.09479775326398619,0.13135755134713634
-0.08685356582635716,0.24563872132501766,0.28362060386395405,0.060338381414189686,0.08044064693615395,0.4286034796605584,0.5713965203394415,-0.033837469688076494,0.034290808670185885,0.14720662757795155
-0.1203366236920196,0.28386849430360817,0.24150788638792636,0.08058132205819762,0.05832605918756355,0.5801082803197443,0.41989171968025557,0.0229100192299049,0.16736006161537767,0.037532505580289796
-0.11251420846432048,0.2785269477440915,0.19955048859244373,0.07757726061963986,0.039820397497483014,0.6608075651921793,0.3391924348078206,-0.03311091863361022,0.07825284701945841,-0.0611360233649569
-0.11899928926540335,0.2660867550882092,0.1788491280996505,0.07080216123337264,0.031987010622005194,0.6888095307644834,0.3111904692355167,-0.06621732448266601,0.17555734969391817,0.037292159165325016
-0.1392764478241199,0.20074525415249725,0.17053460385251104,0.04029865706475071,0.029082051111132875,0.5808337522671517,0.41916624773284833,-0.09187093582106662,0.17774138143690912,0.03877630514445324
-0.09917040169754665,0.26141427591720656,0.1512843357114405,0.06833742365331741,0.022886950231651833,0.7491136495986097,0.25088635040139035,-0.15158438673767372,0.1162264958295472,0.2010683590088233
-0.08414237600960098,0.22140081929312494,0.154285809480977,0.04901832278366697,0.023804111007200333,0.6731211830194884,0.3268788169805115,-0.17086209726091203,-0.028648728509277556,0.18791552413866128
-0.016305408598510943,0.17432534444899447,0.1973608095695179,0.03038932571726057,0.03895128915393551,0.4382615552762313,0.5617384447237687,-0.17187977064005994,-0.059489480959036584,0.13224642994713828
-0.047367826738202744,0.22082374746044148,0.18855974356090258,0.04876312744247283,0.03555477689175334,0.5783247084650204,0.42167529153497957,-0.11717033360660735,-0.13110722475768505,0.04223173771179689
-0.002375549885945287,0.2280031014880447,0.19532056266442585,0.051985414288167615,0.03815012219954791,0.5767471556044119,0.4232528443955881,-0.06592307573173313,-0.15943541444188125,-0.03023850589664067
-0.03399983680628202,0.2263837889697831,0.14653837243832613,0.05124961990831528,0.021473494596873578,0.7047225666422549,0.29527743335774526,-0.10434927411877444,-0.20082508090081747,0.1008269556927274
-0.011161474228435195,0.23782796596252015,0.17289960651105366,0.05656214139386964,0.029894273931677186,0.654227233235244,0.3457727667647561,-0.12939877338705397,-0.2295788374088561,0.10774011598458344
-0.0029283416398691413,0.13861039270647213,0.2384270908506432,0.01921284096624242,0.05684747765150087,0.2526000589453285,0.7473999410546716,-0.03512404786014718,-0.18979744350700645,0.08743660236058187
-0.0609280491220181,0.3038390789811664,0.2632022185801051,0.09231818591612348,0.06927540786548943,0.5712985506151173,0.4287014493848827,-0.04568440035193464,-0.1953397266973412,0.0786791090590843
0.0031408177781541893,0.2996039028213547,0.25776938049264003,0.08976249858578775,0.06644505351955943,0.5746361003420082,0.4253638996579918,0.1078159311888106,-0.29769216806083126,0.12156935189682608
-0.056352924842339815,0.2320009400822948,0.16761225151568704,0.05382443619906854,0.028093866858157932,0.657050185249417,0.34294981475058295,-0.05170756858860288,-0.26669567800199667,0.20717078007825696
-0.04388347712047992,0.25876383854659585,0.2370219577854861,0.06695872413936872,0.056179408472464755,0.5437692022701183,0.45623079772988173,-0.06718899617731336,-0.2361325022311207,0.14915483825645318
-0.06109401888049518,0.2743567600878483,0.18839716994955505,0.07527163180590116,0.035493493645001525,0.6795607507280418,0.3204392492719582,-0.13815871994712708,-0.21180385035050134,0.10887002650033965
0.011140279546121389,0.20495420383179586,0.2278715142644192,0.04200622566832532,0.05192542701315941,0.44719989981189107,0.5528001001881089,-0.16226937740973824,-0.21477493035515058,0.1718188960047601
-0.07836942865574181,0.15007451129437355,0.1895730544167358,0.022522358940245055,0.03593794296089067,0.3852590254893553,0.6147409745106447,-0.047097547578974164,-0.2636088084064794,0.04227467850774546
-0.07155148856172588,0.15781272485608958,0.20225291108751609,0.02490485612650383,0.04090624004337469,0.3784294378294019,0.6215705621705981,-0.020519508615831666,-0.2532142697158701,0.03576182775885464
-0.062418894522017376,0.12635055572615644,0.17756216865663685,0.015964462932308566,0.031528323738047946,0.33614500330579833,0.6638549966942016,-0.08838481531468859,-0.18206724322911821,-0.044609281236777786
-0.0034572320242487664,0.14902185820832198,0.13727378044248092,0.02220751422386122,0.01884409079697046,0.5409657968937389,0.4590342031062612,-0.09106091542941386,-0.12636711778459025,-0.09556859468761383
-0.07713327961967095,0.14439537156183446,0.1359531806203202,0.02085002332848023,0.018483267320781406,0.5300859141026795,0.4699140858973205,-0.19476520978332332,-0.04596225347104893,0.0009106161555058993
-0.06060503828139544,0.19358914018228499,0.17073619090551395,0.03747675519651639,0.029150846884924104,0.5624809242077731,0.43751907579222704,-0.11909609234581327,0.05924587201415426,0.08438025863673412
-0.015444314435951245,0.14359255369154195,0.13178474002117324,0.020618821475658355,0.017367217702448222,0.5427999844622418,0.4572000155377583,-0.1270797083363725,-0.03692739676388869,0.06983196899747349
-0.09519124666874977,0.12160086417039924,0.142740603102478,0.014786770166987885,0.02037487977405915,0.420536868769804,0.5794631312301959,-0.05058131532097737,-0.16737393043970397,0.06688415540925897
-0.11109567808344621,0.14112210052252747,0.22587574310888459,0.019915447255890346,0.051019851324990824,0.2807551057698382,0.7192448942301618,-0.05316061959692082,-0.09955545342959805,0.0354363927798967
-0.001513001725532391,0.15292299650580765,0.17119023023936714,0.02338544286031526,0.02930609492940753,0.44381780910703406,0.5561821908929659,-0.06396222997323349,-0.1269973090079549,0.04910130234418604
-0.0072256481362835655,0.14832431810248956,0.15005915946091122,0.02200010334056851,0.02251775133811518,0.49418606308319557,0.5058139369168045,-0.06006946324718057,-0.16819562999586654,-0.012962107889705459
-0.15059577022653936,0.1740498608793743,0.14346134385812595,0.030293354072129547,0.020581157181579452,0.595452483485451,0.40454751651454907,-0.05316548957644049,-0.1468158690374736,0.0413471334764618
-0.11202866634046203,0.17812527747336002,0.19874977942451097,0.031728614474961496,0.039501474821291765,0.44543836443892304,0.5545616355610768,-0.015640660747047307,-0.07756369699425603,-0.023106507263318435
-0.006282826744160891,0.3811619768979798,0.1830769651039651,0.1452844526327761,0.03351717515167845,0.8125454697085676,0.18745453029143236,-0.06469982093463526,-0.11106296171637052,-0.0035134215758795342
-0.07819269604013077,0.3880340680510895,0.1953948842594964,0.15057043796827754,0.03817916079478199,0.7977258704390205,0.20227412956097945,-0.07932095894164107,-0.053854032622625225,-0.0008041259277502891
-0.15165658454171282,0.26854705033820214,0.19301328374116486,0.07211751824534887,0.03725412770054742,0.6593803871345576,0.3406196128654423,-0.10198966633510562,0.008863401418791737,0.0427409018879943
-0.19707686156466103,0.21482072712706046,0.1918671599238624,0.04614794480339897,0.03681300705724899,0.5562610332740043,0.44373896672599566,-0.013979536253478031,0.010231759696457966,0.04794154091885265
-0.10131752734777333,0.2876595961632223,0.1859887517745421,0.08274804326478813,0.03459181578665224,0.705199784060695,0.29480021593930505,-0.06190226562093623,0.0221280527924139,0.00983446752303549
-0.13087157034405972,0.32228713333680287,0.2227981419373132,0.10386899631445415,0.04963901205071916,0.6766356844873191,0.3233643155126809,0.013291644150702872,0.09041538244675056,0.0915086802551367
-0.03177067708264796,0.2737329623527624,0.23718726583608382,0.07492973467841883,0.056257799074797096,0.5711650530710736,0.42883494692892643,-0.08819329659423457,0.10237503358300457,0.04517485326516912
-0.016665439451651456,0.23536285103145685,0.269828275813975,0.05539567164565575,0.07280729842874256,0.43209351244755656,0.5679064875524434,0.005132888450361996,0.04324157569870209,-0.052955012738522045
-0.05484613372919867,0.20951240312438418,0.21787096127605138,0.043895447062954465,0.047467755767350676,0.480449959098789,0.519550040901211,-0.18166740697840375,-0.004039223269199566,-0.03306939139841354
-0.03652631661338242,0.2692198765962606,0.29236697198209,0.0724793419545058,0.0854784463059762,0.4588526007656105,0.5411473992343894,-0.18998593392204371,-0.03541996777176222,0.06935107847319646
-0.07653855497722148,0.19750840727086613,0.2532919101776165,0.03900957094267433,0.06415679176142573,0.3781229648908035,0.6218770351091965,-0.14975959113305107,-0.005722631761717961,-0.06435603760072453
0.011980261065309302,0.22537978959331634,0.30173155719495276,0.05079604955712754,0.09104193260729104,0.3581272715671093,0.6418727284328907,-0.08623874348783256,-0.018930676193771992,-0.18720673170466817
-0.09204192274457978,0.21709234318035348,0.5194508221329949,0.047129085467536365,0.2698291566146443,0.14869178084132856,0.8513082191586715,0.0017982610293675177,-0.000580898440677503,-0.22066730821388944
-0.04497270388597791,0.21519707570498287,0.3893747638951408,0.046309781391976126,0.15161270675839664,0.2339793816496082,0.7660206183503917,0.09216678672423972,-0.06729863047713762,-0.19133489870691656
0.002676898208677579,0.2566691030444307,0.41611171255738544,0.06587902845763258,0.17314895732744015,0.2756121976314069,0.7243878023685931,0.09519076195472662,0.02888878575480008,-0.14802305595923734
0.04356598051254443,0.11514888260841528,0.4913449849874607,0.013259265165966604,0.241419894272328,0.05206262340118626,0.9479373765988137,0.09865256261380267,0.03055798833379733,-0.017675435436578554
-0.034391525037284376,0.12856780300975904,0.4623065182938937,0.016529679970756203,0.21372731685702226,0.07178795953427482,0.9282120404657253,0.15245465353886634,0.04860149130744813,0.02301923795960495
-0.14884991811467432,0.10078505381168676,0.41638457201647816,0.010157627071824596,0.1733761118133457,0.055344740065366486,0.9446552599346335,0.00026455328165423536,0.03600986242985671,0.03368750769339659
-0.13486321876109783,0.10242721158181521,0.34616819430506923,0.01049133367242594,0.11983241874843216,0.0805020840602102,0.9194979159397899,0.0773583691500389,-0.028881581432850356,0.10547475368208512
-0.3207082335739743,0.08786631628616397,0.284694151732674,0.0077204895377002035,0.0810507600307868,0.08697060788520102,0.913029392114799,0.013462985893746213,0.007270229932785727,0.1253721570482142
-0.3223425812619306,0.07952133607932965,0.2928160617663186,0.006323642891841696,0.08574124602833649,0.06868680303654524,0.9313131969634547,-0.00592505026758788,0.0027969706989435135,0.09692632966555009
-0.3488363636160332,0.08601785153382525,0.21643038220905986,0.007399070782495204,0.046842110343159736,0.13641057640973087,0.8635894235902692,0.2058754785676234,-0.14616736621406187,0.12534304563756132
-0.2978007351566067,0.10444131087646592,0.19366617531102956,0.010907987417594599,0.03750658745960243,0.22530379426572625,0.7746962057342738,0.20230341963037954,-0.15620060995466578,0.10580156089486664
-0.25827847880709953,0.10802460899867321,0.3222754656798115,0.011669316149316229,0.10386147577913937,0.10100611234918783,0.8989938876508122,0.24539960353857052,-0.005516604907231479,0.04175548565059607
-0.17618276546701558,0.1209081642588715,0.18256466979399416,0.014618784184450253,0.033329858656990126,0.30488421190131654,0.6951157880986835,0.237595269754714,-0.062033752631100475,0.06668551234632354
-0.18494211393990898,0.08624146282220731,0.17882585568859735,0.007437589909714165,0.03197868666275905,0.188693366204668,0.811306633795332,0.16050850176492212,-0.005067570408567618,0.05614851744965599
-0.07001363884726862,0.08284709849203174,0.17276493242522317,0.006863641728548408,0.02984772187589193,0.18696232050934314,0.813037679490657,0.06858985007793478,0.0017597761401744183,0.13410289197750674
-0.11854467198489134,0.06966750042785902,0.20264642727047905,0.004853560615865737,0.04106557448548955,0.10569799725436217,0.8943020027456379,0.03749130783116216,-0.08642826625665807,0.03321928919828733
-0.24650865901015565,0.07281211216804245,0.2087831929980376,0.005301603678371596,0.04359042167845582,0.10843493677504742,0.8915650632249525,0.0452179811369623,-0.0720994710157509,0.06404691009893809
-0.2000823440649614,0.07341445467212293,0.19677843591246288,0.005389682154805193,0.03872175284015526,0.1221833330840618,0.8778166669159383,0.06896047474303393,-0.09519722099616441,0.04053265007878751
-0.15012912456966016,0.08651623502617883,0.18554898148328108,0.007485058923105014,0.034428424529482984,0.1785835560905363,0.8214164439094638,-0.023359681835339444,-0.024663493821207257,-0.019198688156566578
-0.11444048821204288,0.06599835820562713,0.163553121628848,0.00435578328583827,0.026749623594540747,0.14003299498987926,0.8599670050101208,-0.03180644909365343,0.032638723643557646,0.03637935203857265
-0.09057086859786719,0.06426090947741316,0.19142624638632336,0.004129464486864288,0.03664400780555738,0.10127821484636736,0.8987217851536328,-0.03180644909365343,0.032638723643557646,0.03637935203857265
-0.007586660211992811,0.07506714055277366,0.27087266182896896,0.005635075590769876,0.07337199892631098,0.07132368367280333,0.9286763163271966,-0.03215349501789222,0.0019815417424718096,0.15516652500473155
-0.016267506507750707,0.11277848919791277,0.2574538233475702,0.012718987625763727,0.0662824711562819,0.16099687046100883,0.8390031295389913,-0.06850806934521174,-0.038800730341920345,0.11510584896294786
-0.031164600762922774,0.08265636576436725,0.21171706868452647,0.006832074801372862,0.0448241171723685,0.13226051980072095,0.867739480199279,-0.09985353784883286,-0.12937276511722162,0.03840741362859178
0.011940584516064397,0.12338881305143574,0.1777444419296207,0.01522479918624216,0.031593086636872304,0.3251919414679234,0.6748080585320766,-0.0913469885688365,-0.1093863967365483,0.10557471583071636
-0.018407901397530454,0.11374866665737032,0.2000502684229212,0.012938759166329552,0.040020109896082824,0.2443171350785671,0.755682864921433,-0.14989889713254467,-0.009943135113695996,0.023897265992192492
-0.03313930370218219,0.0722427859558883,0.17105240043008293,0.005219020122668293,0.029258923692893436,0.1513727196316351,0.848627280368365,-0.1805035909888826,-0.029020868747711433,-0.04687725234879952
-0.05314646498862723,0.07753992348872765,0.2206450485292,0.006012439734637738,0.04868423744045302,0.10992330878512387,0.8900766912148761,-0.098150967784987,-0.06339003925500314,-0.1542346516470785
-0.000263709083338691,0.08825107609379906,0.2740516482873602,0.007788252431713513,0.075104305929019,0.09395599057059541,0.9060440094294047,-0.09194463889870677,-0.15618341106649483,-0.13199044067658225
0.03781129746426779,0.11875659107701504,0.2744395284611173,0.014103127924233369,0.07531705478196041,0.15771750288826578,0.8422824971117343,-0.17157383851672936,-0.11032374206684922,-0.09482135006900165
0.09321201644218838,0.10008914102565875,0.2013241825688,0.010017836151254204,0.040531426486995516,0.19817966926532152,0.8018203307346784,-0.13018837222469282,-0.14241876422715943,-0.10930984240007445
0.06141512399178301,0.10439189401693026,0.29066952893621506,0.010897667536442,0.08448877505200117,0.11424755175598025,0.8857524482440198,-0.14243320738316634,-0.10516479638991784,-0.14594803034496118
0.04601535776744619,0.11308448713762645,0.2208687656746185,0.012788101231180002,0.04878301165062953,0.2076964445279354,0.7923035554720647,-0.08129278362560681,-0.19391142931279037,-0.23923082976749127
0.03507258985696858,0.0993453538761735,0.20134404976663572,0.009869499336782142,0.04053942637642948,0.19578872584851487,0.8042112741514852,-0.11361939783151802,-0.1900817314239302,-0.2404808104737506
0.0740655376977521,0.13276686458124418,0.3006964600816464,0.01762704033073443,0.09041836110563317,0.16314475300566791,0.8368552469943321,-0.12136970938793123,-0.1468524782795534,-0.20862952129030482
0.0391410586307445,0.1563377385032504,0.3127248508493567,0.024441488480310698,0.09779683233875239,0.19994947833494,0.8000505216650601,0.0024419992914504057,-0.07394800634920548,-0.05732348957734984
0.06487377884314453,0.1648010947787884,0.22391346811011634,0.027159400840287198,0.05013724120110009,0.35136585656263203,0.648634143437368,-0.01452382805962052,-0.001687275204421891,-0.14299557595617943
0.07426586593527,0.16596034296257375,0.3237502559146874,0.027542835436255103,0.1048142282048256,0.20809494165679285,0.7919050583432072,-0.03705113177507603,0.10520726382553955,-0.09212138145062279
0.01986083904301148,0.15066383263459493,0.36686479372598796,0.02269959046414523,0.1345897768756117,0.14431738678885012,0.8556826132111498,-0.04951210638176322,0.14051484105408796,-0.15067678355433328
-0.0004344992029523681,0.09633550508142688,0.3479108853049975,0.009280529539293625,0.1210419841137071,0.0712120206950899,0.9287879793049101,-0.10058268344692475,0.09826501272246839,-0.0061809439287279985
0.021109483859121713,0.09505383197387576,0.25678490655773184,0.009035230972917807,0.06593848823586307,0.120511974972953,0.879488025027047,-0.1111734827249321,-0.04446762246435338,0.049796944454089415
-0.034914264372301135,0.1334120199634789,0.26011581205587614,0.01779876707073569,0.06766023568148788,0.20827258097477136,0.7917274190252287,-0.21460241858982182,0.06047453615597479,0.08860219768154323
0.015592925240592338,0.15605848218858043,0.40134259692353724,0.024354249863003476,0.1610758801053289,0.1313392266249432,0.8686607733750569,-0.11707131544011953,0.07958476831055092,0.08480224695640243
-0.04694335407227182,0.2272049542044306,0.4155760554424205,0.051622091215037406,0.17270345785708174,0.23012131889819315,0.7698786811018068,-0.06403757323817456,0.26684676654892736,0.0729530559654229
-0.11293636595274062,0.2581809443354052,0.21660647424988932,0.06665740001792161,0.046918364686967966,0.586898095655542,0.413101904344458,-0.16686140670944738,0.3148358366095551,-0.06991410785559897
-0.06996977170895664,0.19231689276781308,0.20787277575072496,0.036985787243866516,0.04321109089831119,0.46118736914292285,0.538812630857077,-0.1217338087694554,0.2897228834854171,-0.09619593212194617
-0.006883909773530473,0.19384240753601958,0.23591818220141428,0.037574878959360306,0.055657388693219706,0.4030244024459326,0.5969755975540675,0.008049379992461296,0.30203161451565314,-0.058874521962833784
0.04453561865702973,0.21842929464658714,0.3108470440656207,0.04771135675980558,0.09662588480433393,0.3305547220022489,0.6694452779977511,-0.007510205756147417,0.24970058520418584,-0.026416665097106943
-0.0765826441351814,0.296679223090158,0.34990939472601185,0.08801856141337973,0.12243658451752397,0.4182295520693889,0.5817704479306111,-0.039737583157551506,0.18413155339318385,0.051203784909886085
-0.09309219253768718,0.21732898494147543,0.23104995845131546,0.04723188769569205,0.0533840833003546,0.46942734069075237,0.5305726593092476,-0.012980171275524276,0.11305768123654912,0.04541053013304252
-0.22004196529559292,0.26612010160357197,0.32587855963597073,0.07081990847749546,0.10619683563041493,0.4000746304220986,0.5999253695779013,0.16502807550592533,0.18889411381379026,0.07895889942749178
-0.2413550702608528,0.1700510268981357,0.27618372683142983,0.028917351749110472,0.07627745096649785,0.27489335026643713,0.7251066497335629,0.08523672733906867,0.25028021848749715,-0.03629283607416166
-0.2588959288475877,0.2108790699504069,0.28509901136066496,0.0444699821431486,0.08128144627882856,0.35363401196464445,0.6463659880353555,-0.0011781514628166566,0.19007805616063736,-0.10497974240547413
-0.1584526775035346,0.30391429760099636,0.26759418668349416,0.09236390028630699,0.07160664874680073,0.5632956700514405,0.43670432994855957,-0.08233961026119029,0.24089267736249675,-0.05159717425220757
-0.16956550451848762,0.28823073278801953,0.20986046676296327,0.08307695532351872,0.04404141550996881,0.6535401199590679,0.3464598800409321,-0.06721267193073471,0.1642805109028289,-0.08188410660688628
-0.17129830446220864,0.23901881252247983,0.2415156740704474,0.05712999273965636,0.058329820821702585,0.4948041312165786,0.5051958687834213,-0.11006851195469425,0.07675169437851442,0.06500750879433374
-0.16983278719404163,0.16837772570460988,0.19135957632518796,0.02835105851345684,0.03661848745135544,0.4363745827747029,0.5636254172252971,0.024268842997473478,0.06771425685903856,0.06696616972702438
-0.12309158996881536,0.14282695384567207,0.1456469323240221,0.020399538744833738,0.02121302889539827,0.4902254271161817,0.5097745728838183,0.02230475176123117,0.058306156418497485,0.08529118751105061
-0.1807928941714683,0.09984765465500348,0.1888902193271856,0.009969554140104838,0.035679514957472284,0.2183955628710506,0.7816044371289494,0.0009798315349414666,0.0929384298544069,0.09106601827387192
-0.1000581863695371,0.05108070601410084,0.1776249930693282,0.002609238526898998,0.03155063816287889,0.07638313658432482,0.9236168634156752,-0.048127276254536555,0.044560551761969366,0.08553735736989083
-0.11985870115111749,0.055410738463835076,0.14531251929411193,0.0030703499371075318,0.02111572826360165,0.12694699453247874,0.8730530054675213,0.06758873732810074,0.0030748168249666516,0.040574602823951006
-0.09932778669329095,0.06092571584657728,0.19396750927284023,0.003711942851417878,0.03762339465350936,0.08980071472684621,0.9101992852731539,-0.029126542411499683,0.02528701542729439,0.07675678590661758
-0.09889425010806119,0.05267604640754789,0.1886949316616263,0.0027747658651301388,0.035605777234785814,0.07229615948650334,0.9277038405134966,0.022680655548152344,0.03511586222362373,0.04455565894034942
-0.07891189799360983,0.051724722733146954,0.17986313472607626,0.002675446941820929,0.03235074723349066,0.07638417489579077,0.9236158251042091,-0.037561533201599155,0.06836767913924982,0.022286070197028905
-0.03279680429057395,0.03820938702387767,0.24728501225863042,0.0014599572567404711,0.061149877287750995,0.02331833756409313,0.9766816624359068,0.0035890410864366784,0.02863774021948735,-0.025814481940440274
-0.02309968177027825,0.06552412631977296,0.18588199940339933,0.004293411129969563,0.03455211770220535,0.11052523312318568,0.8894747668768143,-0.02166119607987292,-0.021720762454759526,-0.043630369812527776
-0.05802032552143094,0.043147487676832214,0.17480978335528966,0.0018617056928223877,0.030558460356723303,0.05742431084335783,0.9425756891566422,-0.04372602487813376,-0.11361549655646178,-0.007741332351265406
-0.081292100840577,0.0541713731423852,0.18452821225476335,0.002934537668131533,0.034050661117938995,0.07934356889915506,0.920656431100845,0.07812103811774199,-0.03645115256365147,0.020143754453696757
-0.09593554727463324,0.06825127382456489,0.23281985590939042,0.004658236378675736,0.054205085305669316,0.0791364850875314,0.9208635149124687,0.03922098704070408,-0.033473466518858803,0.1634615268741862
-0.0657235315011914,0.10653479591278725,0.2764667498069032,0.01134966274017923,0.07643386374879282,0.1292914877554509,0.870708512244549,0.07157436469675377,-0.1101991036980381,0.11031536272477263
-0.08887187396052265,0.12655222456287088,0.24725137433861957,0.0160154655418113,0.061133242112336186,0.20759214287305452,0.7924078571269455,0.010069582793714955,-0.17027058034083553,0.047671121025270824
-0.02755543459679821,0.17069008929901594,0.25314223654165985,0.029135106584906038,0.06408099192131367,0.3125544519862311,0.6874455480137689,0.13096505623040958,-0.2229155205110717,-0.048120799805237396
-0.02811533500218152,0.19162921411599615,0.22949492166876706,0.0367217557027143,0.05266791907175353,0.41080533960285814,0.5891946603971419,0.04973284620185939,-0.2520268889762081,-0.013651353545427302
-0.003991859101688332,0.25899034067256455,0.2859258910781316,0.06707599656169104,0.08175361518882357,0.45068985783643356,0.5493101421635663,0.04988626404963491,-0.29877369183706204,-0.07047332204891947
-0.0014920385244482125,0.16596876558982163,0.3358932329548567,0.02754563115140916,0.11282426394486562,0.196236031468974,0.8037639685310259,0.01882991033496678,-0.32459764576981065,0.019923987509934654
-0.0016073965679415068,0.1581202759928048,0.37350264238816594,0.02500202168004076,0.13950422387094216,0.15198220344948704,0.8480177965505129,0.08714878399118231,-0.35021904996111136,-0.018457676865717327
-0.06363664114201172,0.1575310760666015,0.23299431891474062,0.024816039926701387,0.05428635264654386,0.3137204719025768,0.6862795280974232,0.06631940147101464,-0.27747362337325726,-0.056003160648482236
-0.1294934177096818,0.23984534464890978,0.23524665065468744,0.05752578934975431,0.05534098664424856,0.5096786795151385,0.49032132048486154,0.07133610746839757,-0.2619017257396325,-0.05315201475026819
-0.06997099585840155,0.23292649515285674,0.27912813765480876,0.05425475214419379,0.07791251723064187,0.4105006663209747,0.5894993336790253,-0.056306053294546736,-0.1285925621282777,-0.08949063548215686
-0.1017383740686709,0.18376341765386095,0.37762281348330573,0.03376899366782733,0.1425989892630475,0.19146895659096272,0.8085310434090373,0.06808546143567387,-0.02706853761615119,-0.1421512565478923
-0.1096200100089297,0.24570515749094798,0.27764867214721034,0.060371024417651555,0.0770887851451091,0.43919036851340665,0.5608096314865932,-0.0056346543612953316,-0.012085340695113548,-0.156873363178928
-0.16037972056784822,0.3003682540489209,0.27789311822487733,0.09022108804039711,0.07722458515674566,0.5388081179868708,0.4611918820131292,-0.033564810709806145,-0.061996761738287595,-0.17942015271289902
-0.1424361768717815,0.2934392038682162,0.21178852632323683,0.08610656636681255,0.04485437988216838,0.6574980468078482,0.3425019531921519,-0.08604771268667144,-0.08561861465205606,-0.0517536394868737
-0.1480231377247381,0.28021884976240424,0.2399726736757039,0.07852260376216488,0.05758688411106588,0.5769076424363526,0.4230923575636474,-0.12990133046380886,0.013741139136901104,-0.050667784222352
-0.09135499986542495,0.260196923152048,0.1720769805862983,0.06770243881779278,0.029610487247697284,0.6957188685522631,0.3042811314477369,-0.06375233556565056,0.1510176035070327,-0.05020780511212929
-0.09493448101120261,0.2465416110756242,0.158401735144817,0.06078276599176434,0.025091109696888755,0.7078144022768946,0.29218559772310543,-0.06978687926571543,0.09705640193750315,-0.02388195001565862
-0.09465779222710181,0.24716357976818348,0.16359152954841935,0.0610898351638232,0.02676218853999136,0.6953719742391166,0.3046280257608834,-0.11278910064972822,0.08129705399285814,-0.05367679081200144
-0.0911624048815569,0.18287699108904595,0.1474634993138933,0.033443993869782994,0.02174548362989861,0.6059849700511467,0.39401502994885323,-0.11828934989351114,-0.024870975612832344,-0.03568243217969237
-0.11029305404082401,0.1451826809593123,0.19458390545835144,0.021078010850533464,0.03786289626342465,0.3576125967959843,0.6423874032040158,-0.03885179281076297,0.006557191948830251,0.06177249303257872
-0.03944496337674628,0.12609248387865357,0.21962963228658167,0.015899314490688512,0.048237175378339076,0.24789810797498155,0.7521018920250184,-0.035726122040912814,-0.02670707790015432,-0.0523832624220707
-0.13847753675241217,0.09914151787384988,0.21048901032693,0.009829040566330894,0.04430562346841044,0.1815664831691397,0.8184335168308603,-0.025416823814225168,-0.040604935928986396,-0.027595940147537648
-0.12338823249443756,0.10414639132444352,0.23324146967595666,0.010846470825904125,0.05440158317660021,0.16623439567236473,0.8337656043276354,-0.01672404270009999,0.05317655143630004,0.07182078362004743
-0.11530692928643449,0.15832630901200678,0.2323148307741644,0.02506722012536546,0.05397018059762864,0.3171564334867193,0.6828435665132807,-0.05172977815777998,0.1324263211235686,0.053712974118247214
-0.07199412410891949,0.10173185124586688,0.24268408064509844,0.010349369557911187,0.058895562998556646,0.14946031681771785,0.8505396831822822,-0.08591757179828605,0.019785149417751176,0.06568973449369161
-0.023618464497951436,0.10253786632177486,0.29547178035347604,0.010514014029822171,0.08730357298525279,0.10748592712884876,0.8925140728711513,-0.09008040422898275,0.007453587882127605,-0.0038834112455809803
0.056814536352415484,0.09956532577245868,0.23227252593812767,0.009913254096175824,0.05395052630567819,0.15522498094848194,0.844775019051518,-0.07927980336096846,-0.014136955450634717,0.08020551435835999
0.03970285398706379,0.07918972212458746,0.22061209229336956,0.006271012090169376,0.04866969526605821,0.11414145161089831,0.8858585483891016,0.008546704756495499,-0.0014014218997915988,-0.03835212372170211
0.03745758698623048,0.04853970144164769,0.23909216582164503,0.0023561026160442947,0.057165063757285,0.039584281686725065,0.9604157183132749,-0.047409485512064586,-0.05233143046941449,0.09404528240390966
0.03532991938136333,0.0564644413492277,0.18837340845157508,0.0031882331368803746,0.035484541011663935,0.08244128348884906,0.917558716511151,-0.04483073432695677,-0.07092993294589489,0.07099819570684192
0.010132454468298722,0.08042570117591724,0.1718173752197222,0.0064682934096379355,0.02952121042739481,0.1797272182169442,0.8202727817830557,-0.15734374487018354,0.011645741591497635,0.04526745114187956
0.042284412766115706,0.10283916404314651,0.23280438633505487,0.010575893661093199,0.054197882296841485,0.16327431131946646,0.8367256886805335,-0.16432487498021336,0.015921223983745354,0.09419259342074644
0.07642868819279322,0.1772751175803563,0.23080863185721762,0.031426467313129154,0.05327262453980061,0.37103665016500537,0.6289633498349947,-0.1379418343254119,-0.04231217248979306,0.06812777349107998
0.08365988251430474,0.10018269678876186,0.2524857467222406,0.010036572735868996,0.06374905229788744,0.13602341555387423,0.8639765844461258,-0.2058341051612041,0.08043244051286141,-0.08702349491709194
0.10926749917785422,0.08108271292513831,0.308632256513334,0.006574406335300392,0.09525386976051238,0.0645636613656738,0.9354363386343262,-0.1447463318190035,-0.003110752445106491,-0.06975363694543721
0.10434886393925978,0.09763477965356046,0.28436769157189434,0.009532550197999303,0.08086498400992803,0.10545144047926204,0.894548559520738,-0.11955681152489665,-0.03381323305673348,-0.023490648182944864
0.09317829382469434,0.09614183462623979,0.34795889116955386,0.009243252365299241,0.12107538994394543,0.0709280898074821,0.9290719101925179,-0.08581464231667651,-0.043625370508600186,-0.11364968634021624
0.08193869849891744,0.12835213129515444,0.2928608951237981,0.016474269608008563,0.08576750389271226,0.16113051489558147,0.8388694851044186,-0.09696911198732361,-0.12865687963906125,-0.07910257715758295
-0.013192319531093922,0.20123313514855187,0.1884103548384136,0.04049477468171534,0.03549846181033692,0.5328734049371682,0.467126595062832,-0.10192234848690179,-0.09312444296250563,0.03035943530576854
-0.08150321559829968,0.33018620861666786,0.17293557476116694,0.10902293236064971,0.02990671301797516,0.7847348351284535,0.21526516487154643,-0.1258000747583686,-0.11934110074837244,0.008632151387371053
-0.10774074232257379,0.211065144797521,0.19412573443697098,0.044548495348398505,0.03768480077069338,0.5417330625283765,0.4582669374716235,-0.10072708998624397,-0.17670005753028925,-0.00887061846698435
-0.16276056636373082,0.27987184220109285,0.20527570104214612,0.07832824805703341,0.04213811343834455,0.6502084655394751,0.34979153446052497,-0.05487799876466864,-0.18787748388106318,0.09548012160845123
-0.18330410662678764,0.2638785487706219,0.1806355271959481,0.06963188850128947,0.03262919368535811,0.6809226639533982,0.3190773360466017,-0.007648712582803405,-0.2210881984339828,0.10020773986961964
-0.10446576142668178,0.19722938609818508,0.15034614319093312,0.038899430740666964,0.022603962772388565,0.6324761695045275,0.3675238304954725,0.0082440730353486,-0.22897357829704879,0.11913098192326688
-0.11029835069695357,0.1391098299282301,0.1794481202770979,0.0193515447826611,0.03220162787098379,0.37537058897757125,0.6246294110224287,-0.11551591034214656,-0.14202002226335722,0.13898785899236796
-0.0869688202661758,0.1937215088200801,0.22390582844172816,0.03752802297952837,0.0501338200101766,0.4280998630605527,0.5719001369394472,-0.10216079762488983,-0.13878620369542488,0.1455501107111612
-0.09958316037842485,0.20135880217181837,0.2200012378191115,0.040545367212069486,0.048400544641941254,0.45584295407098263,0.5441570459290174,-0.053380529423853115,-0.1141842334034804,0.12679414491838933
-0.08474360920665312,0.2073087317862026,0.17581490965183016,0.04297691027480369,0.030910882455881205,0.581651023619708,0.418348976380292,-0.13615244770313228,-0.08003250786421043,0.14134087146362648
-0.03575947656505117,0.23256190751776404,0.16145255509664228,0.05408504082830103,0.02606692754723431,0.6747811928323063,0.3252188071676937,-0.06349064856814639,-0.10862324081509732,0.15952442989052146
-0.007550581812706125,0.21701631356564174,0.16836537376644453,0.047096080353620944,0.02834689908351457,0.6242606098671483,0.3757393901328517,-0.04955784308305761,0.000983206372178816,0.10152452239423695
-0.05157581078060947,0.1942548399418312,0.2298864376732746,0.037734942840826464,0.05284777422610837,0.41657994000050536,0.5834200599994946,-0.11465623492188717,-0.08050565888217756,0.1899167052327352
-0.10508671118348356,0.15101757081039582,0.23503907034534183,0.022806306693472916,0.055243364588802545,0.2922024695144625,0.7077975304855374,-0.10573351993434568,-0.07425274700356971,0.1577282969912709
-0.08889164205486691,0.17558588627523067,0.2534690907560715,0.03083040345905824,0.06424657996870961,0.3242677917151294,0.6757322082848706,-0.10879128933561086,-0.02594569375506549,0.1938465046874259
-0.07502922128365087,0.11106464524059283,0.20292624174584017,0.012335355422418738,0.04117905958909117,0.2305052838523161,0.7694947161476838,-0.14421359591153066,-0.028893560979672356,0.16365053739383334
-0.13885410686067057,0.1480445019963636,0.1497340684903425,0.021917174571351304,0.022420291266670576,0.4943262804288668,0.5056737195711333,-0.06078074596844365,0.04635610843250351,0.1968458431750189
-0.23112128558312375,0.08712659523248198,0.2144299884441168,0.007591043596804752,0.04598021994414406,0.141699916990054,0.8583000830099461,-0.1031847362366348,0.07619807307864271,0.2545482798677285
-0.2586891366242359,0.10660857136515249,0.21395125661311476,0.011365387488518812,0.04577514020633088,0.1989023893726347,0.8010976106273653,0.05613767921244135,0.012115677766274922,0.23455961585965776
-0.2399142597607087,0.09216538572301461,0.1812234925603806,0.008494458325472066,0.03284195425578232,0.20549577950855397,0.7945042204914461,0.014858413179338014,0.023040669882947104,0.20627179817299016
-0.21206617835500688,0.07941055063255545,0.23703158377546804,0.006306035551765653,0.05618397170710673,0.10091270314055399,0.899087296859446,-0.05102318322563765,-0.04680245000401907,0.11439317653937994
-0.18399900845534706,0.1032897559218321,0.15383128083603262,0.010668773678391648,0.023664062963654336,0.3107454763969619,0.6892545236030382,-0.027958067098637705,0.02047588609977896,0.1301097107280292
-0.2180651908601533,0.1185219909162956,0.2472745699877119,0.014047462330762457,0.06114471296260784,0.186820799849915,0.8131792001500849,0.024157115782382547,-0.039270651079597846,0.15293795577710848
-0.1116221738098269,0.11307855698888107,0.2777216864391712,0.012786760050687624,0.07712933511861735,0.14220768847458462,0.8577923115254154,0.035622762741509675,-0.04492272653796192,0.22682513704565924
-0.19575702159474218,0.15194905478910825,0.20696924595130614,0.02308851525130342,0.042836268769652255,0.3502251178246442,0.649774882175356,0.12499579898699656,-0.04215059990752376,0.2186683755047808
-0.11907157167459266,0.16830684985827787,0.19023914957238366,0.02832719570921689,0.03619093403002376,0.43905791788610965,0.5609420821138904,0.09845402910384418,0.03765190517519207,0.1315526077481047
-0.11315378805631973,0.18981543677152068,0.2545213617018896,0.036029900036763166,0.06478112356258411,0.35740039878928925,0.6425996012107108,-0.0710557175827131,0.06362266510499222,0.09047728815336842
-0.17522356220796542,0.15329300681543478,0.18932330381530788,0.023498745938516936,0.03584331336754337,0.3959880431065042,0.6040119568934958,0.03386024236006474,0.09212674713831612,0.09074127541953905
-0.2720753291940575,0.20677204216095452,0.1563369306692394,0.04275467741941155,0.024441235891078567,0.6362690126980834,0.36373098730191655,0.10480346887985287,0.08477679179287023,0.024595339775729634
-0.32130220851974983,0.20833091813769697,0.2140898957731321,0.0434017714520958,0.045834483472150564,0.48636926201060365,0.5136307379893964,0.06896182327888878,0.08245006767040472,-0.024467226826905775
-0.280445529625266,0.13554766437181046,0.24231525096016607,0.018373169316652973,0.05871668084788826,0.23833447953831957,0.7616655204616805,0.0660949894515031,0.08488606148125039,0.0568748316087351
-0.2774180799307033,0.16888921260099868,0.21753589970950732,0.02852356613298533,0.04732186766242483,0.37607492904485773,0.6239250709551423,0.059352293128537965,0.05081840439154964,-0.002763010438562693
-0.20653668811011255,0.12273148100691482,0.19934690042439307,0.015063016430150693,0.039739186708812886,0.27486151226356637,0.7251384877364336,0.082877996467923,0.06016652105540886,0.15661495226544156
-0.1392858615386103,0.17317367163334657,0.20841518066759662,0.029989120546974144,0.04343688753270694,0.40842640545609243,0.5915735945439076,0.015263492533974079,-0.162189867126213,0.21874366530351474
-0.20411768556105608,0.16772501923982916,0.24193527646659257,0.02813168207900106,0.05853267799896658,0.3246049708749061,0.6753950291250939,0.07664747907268452,-0.1853771545643544,0.1402214657696623
-0.24085150662040297,0.18406262191551187,0.30562484304191245,0.03387904878641267,0.09340654468439362,0.2661656190822808,0.7338343809177192,0.12413622898829994,-0.2391492197041132,0.17003210555634676
-0.26292675679280064,0.13727663820109892,0.2066982615210472,0.01884487539579541,0.04272417131582322,0.3060771020877154,0.6939228979122847,0.05985578974475518,-0.11447542405647575,0.2313033006371491
-0.2582795154883559,0.10041193217779731,0.1209865199964123,0.010082556123678567,0.014637738020842273,0.4078655401401576,0.5921344598598425,0.06040057254322168,-0.006956920751863133,0.15816945961550574
-0.21561727654695276,0.1459593318353008,0.12950135340579993,0.021304126549807453,0.01677060053393389,0.5595345832145107,0.44046541678548934,0.0636980577855302,0.03556706376629081,0.1269986465240356
-0.1642165133460849,0.11491692380502949,0.16013004057188085,0.013205899376810954,0.025641629893552207,0.3399418090376665,0.6600581909623335,0.06403768357504601,0.05549010787632725,0.1729820316959758
-0.19283296996197385,0.1155199303517804,0.1584025028087216,0.013344854308480196,0.02509135289606705,0.3471948789708214,0.6528051210291785,0.1373178482221849,0.023611750223880908,0.14297316871229862
-0.13342087341426154,0.10316401510362048,0.135550147688457,0.010642814012300035,0.018373842538362502,0.3667829197935979,0.633217080206402,0.06250778499897057,0.013926529264896757,0.16784783170282355
-0.22677695103240497,0.11375569849280001,0.165544450149895,0.012940358939584822,0.02740496497543107,0.32073999373118495,0.6792600062688151,0.04343086478315527,0.09990079921165756,0.2220440100050824
-0.21527186151904554,0.08538418620719114,0.1611931195172849,0.007290459254264289,0.025983221779713697,0.21910588271912304,0.780894117280877,0.13568850508096345,0.09683343662586455,0.20564874882543813
-0.327562016158391,0.09853529686094463,0.15980062907520723,0.009709204727474484,0.025536241052831966,0.27547402260122766,0.7245259773987722,0.1261185536411278,0.1123588459727452,0.16106505095436563
-0.25173596354720656,0.07757694980976397,0.18651722803556098,0.006018183141786638,0.03478867635406945,0.1474796937607458,0.8525203062392541,0.11150474734887322,0.058716280875089046,0.10729466643067735
-0.30676512196043465,0.07757177097162211,0.20138509958953493,0.0060173796516737954,0.040555958336686904,0.1292022412732714,0.8707977587267286,0.057488660044487196,-0.04627874749110185,0.11664109825796873
-0.27123912603433087,0.06572690038356346,0.22588397422518527,0.004320025434030875,0.05102356981176417,0.07805827241335765,0.9219417275866423,0.08117585396014364,-0.08894458115234419,0.06645055219853659
-0.2804352328057602,0.07190679213415839,0.2366056707616596,0.005170586755025063,0.055982243436574854,0.08455187991831171,0.9154481200816883,-0.01856918072852067,0.027413636856807377,0.0890367980152361
-0.1730086076890741,0.09987536728969482,0.26458415770153204,0.009975088991251442,0.07000477650662917,0.12472000207997065,0.8752799979200294,-0.020743951567556027,-0.010532715718503548,0.13428599735992536
-0.1983474253195302,0.0995146359081413,0.20696367477638275,0.009903162759929926,0.04283396267694433,0.18778351451453115,0.8122164854854689,-0.021432429519825262,0.05136594995095124,0.11463582597891896
-0.2726417449328885,0.10837250593066128,0.211966435725323,0.011744600041691214,0.04492976987409749,0.20722947708359662,0.7927705229164034,0.10104543965660862,0.013121037137609148,0.02329202637024174
-0.3180645871825103,0.10354168236038824,0.29006218774451414,0.010720879986019534,0.08413607275913378,0.11302155167078477,0.8869784483292152,0.11536121788516616,0.08768197951706264,0.013014620799638619
-0.31266353764245136,0.12101358339260061,0.41164796870032666,0.014644287365517903,0.16945405013510512,0.07954600548996454,0.9204539945100355,0.018597835601449904,0.11137890528862501,-0.018086466348267997
-0.2869428238143131,0.1241924907677355,0.37774265259403395,0.015423774763094068,0.14268951158877702,0.09754888484683974,0.9024511151531603,-0.06016664081672535,0.3286242134291812,-0.036327020292274345
-0.24648472513909156,0.15412373397164367,0.37448836486091347,0.023754125373361988,0.14024153541620066,0.1448460603103579,0.855153939689642,-0.03741040103079586,0.1915142204185031,0.14484367581564386
-0.28471822140244984,0.20672501468034812,0.3453579223612038,0.04273523169459015,0.11927209453764726,0.263785797151724,0.736214202848276,0.04937811862400712,0.10047440551990718,0.24881747740529697
-0.3296055737876695,0.27699024015865886,0.3280304444459292,0.07672359314315151,0.10760397248339386,0.4162350480914852,0.5837649519085147,0.049366444198767324,0.17589574839689237,0.20818020654057237
-0.27618668780763195,0.25676050146598234,0.2920703577540295,0.06592595511306272,0.08530509387856679,0.4359287034814634,0.5640712965185366,0.10558892125453262,0.11382907890656487,0.2611775177953843
-0.3060155288845744,0.40121746182457446,0.2860094079618572,0.16097545167295388,0.08180138144269207,0.6630593603479198,0.33694063965208015,0.061177623441864434,0.17249003819677436,0.27125911049883955
-0.30288984024083365,0.3308999683015518,0.27982134284039945,0.10949478902196796,0.07829998390900436,0.5830555734488677,0.4169444265511323,0.041543359198538576,0.2175388613651491,0.32433584961914375
-0.3208996989956816,0.24304169017715244,0.27857121850174504,0.059069263164166955,0.07760192377754697,0.4321998256249738,0.5678001743750262,0.09448633828655921,0.34900083980405283,0.23652262620619827
-0.25713134339045784,0.21927660955144146,0.25264967303788316,0.048082231496375305,0.06383185728614926,0.4296351962424535,0.5703648037575465,0.10614357998424927,0.38889681102860135,0.2617309213087281
-0.24455224755063706,0.22977958429810685,0.22886421527145775,0.05279865736021079,0.05237882903182016,0.5019958089073635,0.49800419109263655,0.16605256687519912,0.312296183247675,0.3213961609209659
-0.29268368744765844,0.3238019189198287,0.18372282742598744,0.1048476826961633,0.03375407731739916,0.7564671811231238,0.24353281887687614,0.18843546683220255,0.30685467348045,0.27357964778791877
-0.34949768924489166,0.3630908486343275,0.14782837684535802,0.13183496436199613,0.021853229000733183,0.8578080168516524,0.14219198314834752,0.14579237090736058,0.2565071716575177,0.2822170875175528
-0.3867932799878896,0.3205105579401636,0.15362436640466387,0.10272701775111497,0.023600445953234416,0.8131804022562524,0.1868195977437475,0.19698445543632154,0.21061278799519167,0.3513088769319253
-0.42439976281081004,0.273152751440165,0.148378484247412,0.07461242561933255,0.022016174587559494,0.77215674716988,0.22784325283012005,0.19098598936174688,0.10619247325101419,0.4511748074906765
-0.34535057542901537,0.38364087296878696,0.1149130854604112,0.14718031941225293,0.013205017210031766,0.9176669296075973,0.08233307039240269,0.18243166651213769,0.14624714880296752,0.3372994381278116
-0.32780498282501724,0.33519665439087587,0.12704968051409712,0.11235679711483629,0.016141621318734152,0.874382723806995,0.12561727619300508,0.12093217793209897,0.1579461607215427,0.31896851796647874
-0.25221110256708623,0.25408164182587006,0.11615357743055794,0.06455748071292973,0.01349165354991662,0.8271389724262574,0.17286102757374258,0.06983899754816032,0.1534140044796889,0.11867650524532722
-0.20855742118555579,0.24349769332263374,0.13165780308027722,0.05929112665344339,0.017333777111925054,0.7737840276445572,0.22621597235544283,0.07658811977957945,0.10642721238894884,0.16788248931969235
-0.2062511382969437,0.24969096985823977,0.15184687522481416,0.0623455804287484,0.02305747351554028,0.7300158196850729,0.26998418031492705,0.15012684680183025,0.12868590223116705,0.12983588662937406
-0.32043453751504164,0.23732339047698492,0.17880888307917497,0.05632239166749146,0.031972616668022064,0.6378887405896284,0.3621112594103717,0.07911344501334448,0.08141419598249448,0.17118863900397474
-0.3101277228957627,0.21470170771043726,0.1810421388834543,0.04609682329377803,0.03277625605149596,0.584443053021742,0.41555694697825796,0.03681355844318071,0.05131263457806394,0.20852209486661322
-0.29605815255538315,0.22401355384123017,0.19710152189265823,0.05018207230457773,0.03884900993240203,0.5636466618591122,0.43635333814088795,0.12831888384556384,0.10688437195525971,0.3842586523549647
-0.30818143131715664,0.15462093464928978,0.16236378220382366,0.02390763343181994,0.026361997771530685,0.4755880013344204,0.5244119986655795,0.08724891519538477,0.2589504075358605,0.41627797124909227
-0.32628898657371663,0.19885178507913867,0.18334593709001126,0.039542032429159955,0.03361573264741437,0.540503559502826,0.45949644049717403,0.17207610355947597,0.2888032303337515,0.3387321399662977
-0.3846448000550865,0.21830888949925484,0.14419192510676476,0.04765877123439786,0.020791311265994858,0.6962558625714501,0.3037441374285498,0.16254383876032832,0.2712667965700387,0.36805152550060194
-0.4194390484143248,0.13680074683839902,0.19084703180354076,0.01871444433554374,0.0364225895482217,0.33941695839126423,0.6605830416087358,0.14972789536801767,0.29093859156856255,0.29434478906739014
-0.3547360366724845,0.13839162295548874,0.17709524267466717,0.019152241304254157,0.03136272497799925,0.37913994037411836,0.6208600596258816,0.17447063564243515,0.1531194425646135,0.1875294975722978
-0.32147650596226013,0.1416432118709924,0.26940546746867117,0.020062799469130844,0.07257930590201324,0.21656243010405452,0.7834375698959454,0.033821161618428214,0.3206127034270582,0.29746754822659305
-0.2547732713100241,0.16526110150542633,0.30746852058889823,0.027311231670786827,0.09453689115312573,0.22414158739445947,0.7758584126055406,-0.04026009012396669,0.2563157366648174,0.27865355001716685
-0.31396201596625567,0.24005122123140846,0.3859188519363355,0.057624588814690604,0.14893336027985926,0.2789754113423808,0.7210245886576192,0.004993378708889773,0.331158155257643,0.260487367670236
-0.36346165183620555,0.2646668749895421,0.27806629931222165,0.07004855471672991,0.07732086681319404,0.4753262514673458,0.5246737485326542,-0.09173725032077781,0.2339801377828426,0.2926524171417363
-0.3581781168178425,0.22583427450649687,0.24519849032863342,0.051001119541875785,0.060122299659440936,0.45895923567182195,0.541040764328178,-0.12000930871682011,0.2189780579538042,0.3313509142018963
-0.38237268333466695,0.3846257910132762,0.27566751081344815,0.14793699911258842,0.07599257651808256,0.6606407335696568,0.3393592664303432,-0.09337647444103869,0.15675604650716135,0.34161611951464627
-0.32818027498369273,0.35265038586506847,0.21797726482604363,0.12436229465078169,0.04751408798104315,0.7235566210232459,0.27644337897675414,0.03455457731213083,0.07078863247425247,0.3052469086612216
-0.2175945220235769,0.39901741343087915,0.3298856875877725,0.15921489622106913,0.10882456687525742,0.5939979672465295,0.4060020327534705,0.09475019563181158,0.03637530348503498,0.2226617023295889
-0.13548952834137273,0.41600156947859845,0.357753947658985,0.17305730580865716,0.12798788706558778,0.5748549051934142,0.42514509480658585,0.19606981600719137,0.05784536168772963,0.06813826032518845
-0.13756664563563223,0.32801282436133433,0.3187190725996959,0.10759241294549957,0.10158184723881022,0.5143673645633866,0.48563263543661334,0.1816377088402979,-0.03218858580954513,0.126932677051623
-0.17244443530670403,0.2635379240007029,0.31808929923057633,0.06945223738660027,0.10118080228499912,0.40702690123945606,0.592973098760544,0.0829393931273801,-0.18582524381304003,0.04647987115065931
-0.11153766862361586,0.28727956578172753,0.26077081477241487,0.08252954891573791,0.0680014178370691,0.5482562870353647,0.4517437129646352,0.1483242431453633,-0.25544053504004843,-0.019526925149800832
-0.0956261747944739,0.40192450462448137,0.27404911158128575,0.16154330741763476,0.07510291555849201,0.6826363226339408,0.31736367736605925,0.09154440561045046,-0.20490433989190573,-0.06839765272037233
-0.11951803616940182,0.29559333891944517,0.27434888816571773,0.08737542201354598,0.0752673124377655,0.5372230263363076,0.46277697366369247,0.04204997085992096,-0.1827549191114452,0.0015678265019139978
-0.05850894090411177,0.32954671837312255,0.22951731658489072,0.10860103959049415,0.052678198612328954,0.6733727217505739,0.32662727824942595,0.14723302359390714,-0.1185759379124899,-0.07459455652228875
-0.022479759016877078,0.41687051017043314,0.20188614698265284,0.1737810222497572,0.040758016343501305,0.8100205136987966,0.1899794863012034,0.14921273287584494,-0.06810350551797513,-0.16970145784717586
0.003986232831015145,0.2659303876334644,0.2279393304541889,0.07071897106688463,0.05195633836790393,0.5764727343482043,0.42352726565179566,0.15913099263159072,-0.1123325563624451,-0.1890666218113473
0.04264205583140164,0.4310948824656918,0.20754195286013982,0.1858427976881086,0.0430736621970005,0.8118367625525104,0.18816323744748953,0.19731959083204034,-0.20752333625436917,-0.1597994443652283
0.01981179630846956,0.5768743780730249,0.25080604164018017,0.33278404807713924,0.06290367052321579,0.8410269827283962,0.1589730172716039,0.14840519422056414,-0.19417798548387125,-0.19465126784005907
-0.005900828302800795,0.3057985984972677,0.2915838447005758,0.09351278284289313,0.0850211384903695,0.5237815992868734,0.4762184007131267,0.10473438735796617,-0.03755898324292656,-0.1447879308299781
-0.035582009257340105,0.2310533777410141,0.25413810005799187,0.053385663365531744,0.06458617390108588,0.45252887979424755,0.5474711202057524,0.025778742305401114,-0.10669321542289581,-0.24430224974430612
-0.09071277923360314,0.21874896244393932,0.3051016224543128,0.04785110857029998,0.09308700002425405,0.3395185947042643,0.6604814052957357,0.01418075915003185,-0.08347672712740843,-0.2172341853638326
-0.09457398932367463,0.2300081195238501,0.24527951198885273,0.05290373504689772,0.060162039001489746,0.46790229397144634,0.5320977060285537,-0.009862763444804894,-0.08998632199018412,-0.2175763865579255
-0.039152631214814354,0.2490177935262917,0.22431093686459277,0.06200986149270284,0.050315396397071326,0.5520562574942289,0.447943742505771,-0.09731273685988233,-0.12762782251903798,-0.20152231150343275
-0.046124518213263965,0.32599349703461483,0.2487674770201759,0.10627176010885743,0.06188525762298375,0.6319793342096984,0.3680206657903017,-0.11224798616897266,-0.157359585603436,-0.21025381756351383
0.09760914641334906,0.31453331536454215,0.27984562710228683,0.09893120647421053,0.07831357500827217,0.5581614626210477,0.4418385373789524,-0.1401493154797195,-0.19273036018531495,-0.2170444832022695
0.13053196161739875,0.30144933898315635,0.21251595673472692,0.0908717039733819,0.04516303186687633,0.6680036787081353,0.33199632129186485,-0.23184894789722382,-0.17682931851075764,-0.26906289160181657
0.1579814225692937,0.2892309374436795,0.2957695244869255,0.08365453517454964,0.08747961161522202,0.48882433309650564,0.5111756669034943,-0.22884841629533897,-0.08197574409196964,-0.19382508317368174
0.1971716597123337,0.23126272966358163,0.3201409874516415,0.053482450131450844,0.10249025184651207,0.34289622128240926,0.6571037787175907,-0.31296232495799886,-0.2358022718363773,-0.3102093219291976
0.11198165243662994,0.2923720767964362,0.37809410416697375,0.08548143129026117,0.1429551516058264,0.3742020223141992,0.6257979776858008,-0.24532375497668304,-0.24126080534171437,-0.26767811494092564
0.0801089720826135,0.2691776157258825,0.36632021026515116,0.07245658880787087,0.13419049644870457,0.3506296191785523,0.6493703808214477,-0.1996325095045612,-0.32170059074995416,-0.2695389638855474
0.14577042917141914,0.21972280341875353,0.33515740134937994,0.04827811034219621,0.11233048367926934,0.3005948133494262,0.6994051866505738,-0.36706085421245344,-0.26561167919534157,-0.29876942425104813
0.11938913505680591,0.2647793977270812,0.22935125653443766,0.07010812946071586,0.052601998873925436,0.5713312373818471,0.428668762618153,-0.40012311366570136,-0.1995265752903121,-0.20940340065392243
0.10742988486808426,0.25007946040756684,0.22565240386176622,0.0625397365177398,0.050919007368593644,0.5512112542017394,0.44878874579826056,-0.3383824330060106,-0.28014294634963405,-0.1388606215487442
0.20112693808058502,0.35309681029742024,0.15385439627472458,0.12467735744221238,0.023671175253059985,0.8404353934414455,0.15956460655855445,-0.32427036060666237,-0.24022572731147993,-0.11290126860975384
0.2378012274304607,0.3299172224850999,0.1686257341022017,0.10884537369228292,0.028434638201506428,0.7928712431675362,0.20712875683246376,-0.4132754779068535,-0.3938186978200893,-0.13089676962429928
0.1768219624207988,0.3752568475172976,0.22313199457381605,0.14081770160862034,0.04978788700248948,0.7387910429842061,0.2612089570157939,-0.41090485794349113,-0.44099138293268547,-0.22718945928177595
0.11531384629484988,0.30741494366554584,0.1608203588045211,0.09450394758889072,0.02586318780601491,0.7851308189634832,0.21486918103651684,-0.40304138740029116,-0.4733892037418766,-0.20952826173650227
0.16570471223416305,0.3401522777352567,0.1907763587121091,0.11570357204848321,0.03639561904345132,0.7607112912161877,0.23928870878381217,-0.31343012080584376,-0.5118202750307874,-0.28089636462231393
0.21904923569010668,0.35634226493879273,0.19981211940694085,0.12697980978170875,0.03992488306189359,0.7607923277549474,0.2392076722450525,-0.3258147266795433,-0.4621579235226326,-0.2691182150536653
0.14883945552567363,0.326933376897495,0.26332881452609475,0.10688543292959952,0.0693420645597184,0.6065196093253178,0.39348039067468227,-0.35555172374572563,-0.5059715407695526,-0.34831284382365285
0.1485691196571721,0.4425554164280731,0.23102420674465435,0.1958552966098252,0.053372184101996796,0.7858495220929901,0.21415047790701,-0.3776308261110105,-0.5222495417578725,-0.3188473488839888
0.17244022878400728,0.623394467525922,0.19499979695206815,0.3886206621419278,0.038024920811347805,0.9108746877252633,0.08912531227473679,-0.2809350832063645,-0.5566226693433107,-0.193493093865863
0.268522671067799,0.4928114478734623,0.23734823401662622,0.24286312315513828,0.05633418419081116,0.811715604359787,0.18828439564021301,-0.4163108905711608,-0.5121504468671357,-0.14604578609586105
0.2693936374038461,0.44405069499658323,0.2456047477680399,0.1971810197269486,0.060321692126202496,0.7657434685169342,0.23425653148306574,-0.4978682521401196,-0.4503092912216732,-0.2677685933951435
0.33646069139659923,0.45200935044505386,0.1981473667716917,0.20431245288975952,0.03926237895855531,0.8388077345240423,0.16119226547595766,-0.5779712123550785,-0.47285323235865834,-0.21500907617525622
0.3668369341987416,0.5196152543224462,0.2411333362917387,0.2700000125245804,0.05814528587118475,0.8228062807681686,0.17719371923183141,-0.5173937793393948,-0.5912886175208952,-0.22542389213253616
0.34439672190006587,0.49405640613351887,0.24739387140033894,0.24409173244156854,0.06120372760644744,0.7995262438661174,0.20047375613388255,-0.48292955952508776,-0.6010545567609792,-0.3127331533624633
0.3081619360063111,0.6263363506736801,0.21080147052943488,0.39229722417522317,0.044437259977372204,0.8982510848356875,0.10174891516431249,-0.4134979510138033,-0.5581706625329299,-0.2294690133253022
0.4118965532680338,0.653066089018721,0.21540754735241222,0.426495316626208,0.04640041145638171,0.9018802482219124,0.0981197517780876,-0.4142531324312786,-0.5563992658224544,-0.2644978017640001
0.3505562472544706,0.41031402572823544,0.25690209572266687,0.16835759970931105,0.06599868678669829,0.718383117545165,0.28161688245483496,-0.4782122155204707,-0.6151521730606259,-0.24789666118709344
0.3786840666929941,0.4455563415347742,0.17280547501740703,0.19852045348185235,0.029861732195991687,0.869246666033249,0.13075333396675104,-0.44217410005947916,-0.49274478868059723,-0.24920052938306142
0.33053688801149317,0.38224647759606556,0.13915102628781947,0.14611236963459945,0.019363008116953427,0.8829855632901148,0.11701443670988518,-0.5335037814691005,-0.4742047111980474,-0.25779639044986874
0.36613100301859297,0.6365783419081865,0.16831984642030642,0.405231985386576,0.02833157069895554,0.9346541693800334,0.06534583061996661,-0.5619890142317188,-0.49632728030125084,-0.37982297732514725
0.3318493096023622,0.639105712760677,0.19744801236935708,0.40845611208333293,0.03898571758860979,0.9128697519916869,0.08713024800831316,-0.4438716681916735,-0.5105812890828738,-0.38721529450525843
0.3226937272375632,0.7206191776631149,0.21565980496691478,0.519291999215864,0.04650915147836772,0.9177994752727145,0.08220052472728538,-0.4280050823873459,-0.5361418967105933,-0.3859754000900702
0.3454502731004666,0.46471677918844145,0.16141029980999033,0.21596168485927866,0.026053284884750966,0.8923484571540902,0.10765154284590978,-0.5294126985197046,-0.5176191600370869,-0.23747584768502478
0.41650447330841117,0.6110821819731387,0.1947437598697152,0.37342143312505216,0.0379251320081933,0.9078024828141973,0.09219751718580269,-0.548141150434256,-0.4718218122909528,-0.24498433417565693
0.40621684401247776,0.5349278140605299,0.1857898170601206,0.28614776625557686,0.034517856123233076,0.8923556074793191,0.10764439252068098,-0.6065707645531901,-0.5440477328471282,-0.3749585095252223
0.415192995868015,0.7093363206035174,0.18550118710406147,0.503158015727336,0.03441069041701602,0.9359882931731226,0.0640117068268773,-0.5851957811316467,-0.5635484884552316,-0.5177692957159551
0.452385776036661,0.6629765489321371,0.17363092209582628,0.43953790443396634,0.030147697107846896,0.9358130268228735,0.06418697317712652,-0.5687149474015935,-0.5698549421715333,-0.47147103258467365
0.40732732685283524,0.817008576274435,0.23526807379959805,0.6675030137059793,0.055351066549373114,0.9234270538670543,0.0765729461329457,-0.5130616846711359,-0.5630616389454863,-0.5673160029393146
0.4447758890115266,0.649940499452917,0.1500063262358866,0.4224226528291072,0.022501897910787244,0.9494253624050024,0.050574637594997515,-0.5339229356017855,-0.6375462823475705,-0.599891063177089
0.471984584790901,0.5341855870800997,0.20436277199321498,0.28535424144411076,0.041764142576750776,0.8723271310422978,0.12767286895770225,-0.573411736421095,-0.5931368293185865,-0.5515758768441056
0.4549455935744364,0.5317378261666204,0.22422367551668823,0.282745115776403,0.050276256662213095,0.8490299397481457,0.15097006025185436,-0.6195286023208602,-0.6454825636415537,-0.545460076522263
0.3741829577873022,0.48719100105429736,0.19814233988426502,0.23735507150828836,0.039260386854811605,0.8580687171745971,0.1419312828254029,-0.5674122341518958,-0.5898968663743378,-0.5471444680402867
0.472681921002134,0.42334617392513196,0.3372298182390723,0.17922198297704808,0.11372395030955773,0.6117920155652236,0.3882079844347765,-0.6500526106967256,-0.5875243837872051,-0.4806441257525761
0.3706527508494196,0.5280538876689815,0.25875211663103453,0.2788409082823254,0.0669526578610405,0.8063796888769124,0.1936203111230877,-0.5031642718933048,-0.5358201779915743,-0.3994777533634723
0.36271212157992605,0.4782275677909614,0.2698152071011652,0.2287016065952586,0.07280024598304466,0.758541297970507,0.24145870202949302,-0.4677151764304568,-0.5654720014649969,-0.4008555485404071
0.3232759525335654,0.4755619743652625,0.262686425292838,0.22615919146218658,0.06900415803312974,0.7662170518422555,0.23378294815774447,-0.5382444602280961,-0.46983725809908927,-0.23774893343744885
0.2508297296046171,0.46843036102372615,0.26825882984487387,0.2194270031288184,0.07196279978974099,0.7530359708234062,0.24696402917659366,-0.5078678174940867,-0.5175185872914014,-0.2008467034178447
0.20675712191220819,0.8456323854370129,0.2634880941981148,0.7150941312998927,0.06942597578415462,0.9115051670986466,0.08849483290135336,-0.4244756524226542,-0.5634697905071142,-0.3703210515068174
0.2181042620144549,0.900280845973985,0.24821075964244732,0.8105056016276342,0.06160858120228076,0.9293572075592583,0.07064279244074172,-0.4710468502273363,-0.427152874819164,-0.39885799322617926
0.21907821099750352,0.8905328370455335,0.21690923572816675,0.7930487338563668,0.047049616544177414,0.9439951089991487,0.05600489100085125,-0.5609725244867412,-0.37812154835632295,-0.3591753447790085
0.23488010235344287,0.856407242932979,0.22058246968430675,0.7334333657480665,0.04865662593202811,0.9377864101962187,0.06221358980378126,-0.5399984287131021,-0.4610295384773658,-0.41634677668851233
0.1903169479099811,0.8926488997725774,0.23029483072165924,0.796822058265193,0.053035709057117686,0.9375946057135891,0.06240539428641094,-0.4735467966764036,-0.3863111498503202,-0.3797413842679186
0.13694672347851844,1.0907597414627945,0.20908374601902016,1.1897568135959824,0.04371601284934613,0.9645585926888,0.03544140731120011,-0.4321806524762403,-0.47298901283410577,-0.35813973952543804
0.1857336030054305,1.1899079903797,0.24154600842722518,1.4158810255694565,0.058344474187125135,0.9604236433322049,0.03957635666779522,-0.5054306538590743,-0.3969799928037966,-0.36707221143882923
0.17471443322589006,1.0613271175072867,0.2274636833744672,1.126415250356326,0.05173972725427987,0.956084107577076,0.043915892422924055,-0.42367113199428963,-0.26432881885598364,-0.17124249477300024
0.1718957559913598,0.6681688857042337,0.3289701378451451,0.44644965982323737,0.10822135159385378,0.8048909184610775,0.19510908153892237,-0.4851271396369157,-0.18705406508497452,-0.08175992223432835
0.3200362909595045,0.7285204006620064,0.25097100865381305,0.5307419741807303,0.0629864471847123,0.8939137071460088,0.10608629285399132,-0.3750108121558428,-0.15258024652985713,-0.17589124037248344
0.27147281590752803,0.6924584732504842,0.21185133278576854,0.47949873717639147,0.044880987203106446,0.9144112841963629,0.0855887158036372,-0.45498087426538697,0.0035396128217747708,-0.15600162979166324
0.17701520864524067,0.6191278543394991,0.19635383636728573,0.383319300019032,0.03855482905615082,0.9086105869049868,0.09138941309501324,-0.5569976841131303,-0.11176111524463037,-0.1028210063670681
0.1586065547008714,0.6893166265438857,0.166400440861351,0.47515741162984276,0.027689106718851973,0.9449352720790816,0.055064727920918384,-0.5269266124384759,-0.049074945942065934,-0.15558837856644675
0.1443228078932306,0.5618229822964774,0.21038264788907976,0.315645063436508,0.04426085853282052,0.8770210329115049,0.12297896708849504,-0.45496170112337264,-0.16800706263063392,-0.07403937493592692
0.1574335788005799,0.49842133877392353,0.2697030774345348,0.24842383094519024,0.07273974997765868,0.7735118354059812,0.2264881645940188,-0.4534381967387343,-0.16174674206318157,0.01596711543622388
0.16097834562155502,0.5246437804548268,0.30479807947856136,0.27525109636993256,0.09290186925381941,0.7476541602852005,0.2523458397147995,-0.3601556184712632,-0.12117024220427683,0.1852703359230978
0.17818804046444583,0.45360998955932574,0.29597898771580766,0.2057620226280116,0.08760356116927422,0.7013843272433489,0.29861567275665113,-0.4041946815207229,-0.21150025043951654,0.09954772316901474
0.25813494194963993,0.2549445632149673,0.236081010258018,0.06499673031287044,0.0557342434044464,0.5383600273535087,0.46163997264649126,-0.4625122614100284,-0.2092178962527458,-0.002004864016638739
0.3051306706445283,0.2610189557330536,0.23886233099866008,0.0681308952519738,0.05705521317011345,0.5442368655015488,0.45576313449845124,-0.3697940584072655,-0.3304467636548072,-0.005269309288678434
0.3051306706445283,0.29098102163291417,0.27383340983892474,0.08466995495053446,0.07498473634401252,0.5303317695458559,0.4696682304541441,-0.40474903357321773,-0.2943965645904568,-0.04216984798671763
0.2588611521138915,0.399613505882294,0.24223639229565805,0.15969095408353823,0.05867846975241594,0.7312880680745074,0.26871193192549253,-0.4158465462776425,-0.2955113475322275,-0.1340069172083858
0.24428541932080217,0.4694805110741523,0.24399459046337843,0.22041195027844723,0.05953336017539176,0.7873393196732675,0.21266068032673258,-0.4351625732624354,-0.24212482642275124,-0.12348345888387628
0.2223013539154892,0.39404396770238936,0.21532567095288457,0.15527064848264166,0.04636514457130992,0.7700549893991092,0.22994501060089081,-0.4473999184862902,-0.14206090052746073,-0.256127425080392
0.2583443021669598,0.46678130381994176,0.20479357734752582,0.2178847855958448,0.04194040932279704,0.8385822077957849,0.1614177922042152,-0.5523488348136005,-0.14096279692151376,-0.24506364240597897
0.22937064459469542,0.4294854737023209,0.20682712373209083,0.18445777212130696,0.04277745911128961,0.8117481216303872,0.18825187836961282,-0.5954385943399214,-0.11741727758872311,-0.25088929732869836
0.184660781897621,0.49930869599386807,0.17255766284520258,0.24930917389509696,0.029776147006598606,0.8933080861781086,0.10669191382189139,-0.5281212999906094,-0.11792679434382476,-0.29757282417514636
0.14656975654072274,0.49119136276449044,0.22947238104330014,0.24126895485443725,0.052657573661681535,0.8208478359285156,0.17915216407148435,-0.4730500058994904,-0.0765174938070724,-0.23010172971323983
0.24405354866292303,0.4496158118249721,0.1696766393695476,0.20215437824302873,0.028790161947743514,0.8753373345654272,0.1246626654345729,-0.45732393182335396,0.0032067001624797933,-0.22346402787102085
0.2306400188503236,0.4455820546790662,0.185156542885237,0.19854336745201834,0.03428294537321261,0.8527531319067583,0.1472468680932417,-0.3613396634286432,-0.04311021584404435,-0.23878101975654745
0.18365296572327702,0.5262105199586509,0.1741632165384946,0.2768975113151537,0.030332825995034556,0.901270082047888,0.0987299179521119,-0.4261681713965329,0.059456830879919126,-0.3040164453142963
0.18742836564435011,0.6953227287133739,0.20266006706073866,0.4834736970654121,0.041071102781063094,0.9217014394326588,0.07829856056734118,-0.27043622001458134,0.053898512562484485,-0.32404237170233113
0.2207806461167502,1.0289612085231148,0.275075917726333,1.0587611686453489,0.07566676051298432,0.9332996318513386,0.06670036814866133,-0.29137779838533295,0.08941100957025612,-0.33142722079182396
0.17417517226693421,0.9028424825912649,0.25394249423127196,0.8151245483715585,0.0644867903763996,0.9266871770113942,0.07331282298860577,-0.34953172596202076,0.08363918992690528,-0.3407958890296091
0.13637102843103782,0.5665974020584095,0.29172503865412236,0.3210326160193389,0.08510349817774919,0.7904557235792863,0.20954427642071374,-0.25551814218166313,0.21116750193076944,-0.28114843180623916
0.11384754535556124,0.5638121038430745,0.361470078092525,0.31788408843995375,0.13066061735621615,0.7087010153775136,0.2912989846224863,-0.18302314628598668,0.16583070936798588,-0.41455329405719377
0.012364728686859295,0.6869321867766343,0.426892336712424,0.4718758292297287,0.1822370671437936,0.7213981437239091,0.27860185627609085,-0.23961380136896257,0.3129076216755284,-0.413847026827575
0.026506434457592577,0.559624164446489,0.3758820233867349,0.31317920543243094,0.14128729550530592,0.6891139496227409,0.310886050377259,-0.27785822071722877,0.3012151406662484,-0.3547627316496708
-0.015761997110801597,0.5382920649780223,0.3411186170032548,0.28975834721830335,0.11636191086621324,0.7134791763034941,0.2865208236965059,-0.1744879380466732,0.24073356415502106,-0.4250201258569379
-0.06141651041231607,0.46511098950280677,0.33722256297883507,0.21632823255628003,0.11371905698201439,0.6554461721497643,0.34455382785023564,-0.23747642123366158,0.147422562318931,-0.4154826928659781
-0.17871739690061003,0.45345318703847337,0.28782223098450066,0.2056197928353487,0.08284163664889525,0.7128155511223376,0.2871844488776623,-0.20420582576256122,0.0403224517802189,-0.3850807600399888
-0.2266094454005062,0.6566075477811635,0.37889335226483445,0.4311334718031929,0.14356017239048394,0.7501970417788318,0.24980295822116816,-0.15832125639444886,-0.05466509947489874,-0.3141734448827762
-0.16316084072162873,0.541961674475961,0.31050788607293867,0.2937224566007875,0.09641514731348506,0.7528688689679066,0.24713113103209344,-0.05249368173201735,-0.05208329713901471,-0.30617181202515753
-0.22072424668788837,0.46237752788064684,0.2449122256359984,0.21379297828901836,0.05998199826597819,0.7809076672355084,0.2190923327644916,-0.029373317185555352,-0.08546438336258236,-0.22856738646013885
-0.23783249304033968,0.2671468854914415,0.18290088105531127,0.07136745842777735,0.03345273229080912,0.6808560253375177,0.31914397466248223,-0.0008940119564747814,0.009404966729725482,-0.18869928696483462
-0.15089968658340833,0.38799103902684995,0.1965761201473483,0.1505370463651346,0.038642171012184715,0.795737758365325,0.20426224163467507,0.012704921497310562,0.024987721741361366,-0.09095955683494762
-0.22141934278196743,0.5123211608699573,0.23937620408533938,0.2624729718751406,0.05730096708230605,0.8208078892572567,0.1791921107427434,0.09330235562107748,0.02697128307450869,-0.09338706713078805
-0.16826943577354142,0.7695038832143473,0.23678485923459575,0.5921362262819598,0.056067069562747325,0.9135038807698695,0.08649611923013047,0.08487623930905686,-0.015690774851911147,-0.071908282570625
-0.12633979901051404,0.7109760981983173,0.34460765805269955,0.5054870122093034,0.1187544379885663,0.8097620112363189,0.19023798876368106,0.09951266911893229,-0.14194277647579667,-0.16513450732979068
-0.042523515252571926,0.9386148054343803,0.3584216275302553,0.8809977529806194,0.12846606308143707,0.8727383180681142,0.12726168193188575,0.026693925458541844,0.027970656065123566,-0.2941819400973144
0.07770023203695828,0.7483379588544486,0.253086991839178,0.5600097006624425,0.06405302543820414,0.8973612382870085,0.10263876171299148,-0.005512510279808086,0.09827385250133544,-0.3408977258793464
-0.016836695850905428,0.7503120208366729,0.2681446388214681,0.562968128612012,0.07190154732869558,0.8867459731445565,0.11325402685544346,-0.019999561066973807,0.08383629529024496,-0.3273502863177314
-0.024801568015253753,0.613705282446398,0.2296156226087794,0.37663417370261315,0.05272333414601741,0.8772041173561941,0.12279588264380589,-0.08631335568131634,0.011647050228505911,-0.40301922691141084
0.026748615886025,0.5531879088210568,0.24452314771615538,0.3060168624658139,0.05979156976901674,0.836549503783353,0.16345049621664698,-0.0659791997872497,-0.07743604361452318,-0.30545195154173577
0.15381659301847597,0.579960832397385,0.19603123474222883,0.3363545671150677,0.03842824499456282,0.8974652952245796,0.1025347047754204,-0.1896199404495805,-0.14601554266525413,-0.27398999969603766
0.1590833658677638,0.5138015645425044,0.2148251822801643,0.2639920477263253,0.04614985894170582,0.8511976035824672,0.1488023964175328,-0.16847729113012183,-0.024783817875818785,-0.2717345996293423
0.1421424582211135,0.6734540150722179,0.19673959768171526,0.45354031041689113,0.03870646929596318,0.9213677551764948,0.07863224482350517,-0.11529872758552746,-0.11430549613960045,-0.163511730163294
0.10969557328776122,0.5370947128091493,0.1885509218158328,0.2884707305275426,0.035551450117600296,0.8902808133479759,0.10971918665202408,-0.08848134553539971,-0.146278785797209,-0.13180595966599873
0.12491623063497934,0.46082901578454827,0.19877463472449117,0.21236338178895545,0.03951135540985489,0.8431309314730215,0.15686906852697857,-0.10477150231673038,-0.12116076153240049,-0.1254500502698774
0.08390510281451778,0.28622628612428597,0.21261394114637583,0.08192548686850162,0.045204687969794564,0.6444220419951999,0.35557795800479997,-0.15477027902474996,-0.1586429469010908,-0.10372245660954449
0.05273565559763026,0.29651430423474484,0.19683413604159347,0.08792073261581482,0.03874367711124053,0.6941234148193016,0.30587658518069843,-0.15187580197902756,-0.1213352269145178,-0.12315546078297232
0.08531774437651848,0.17968876174364093,0.25339154276331,0.03228805109696296,0.06420727394397036,0.3346074131909123,0.6653925868090877,-0.22458617104810807,0.014035333834702835,0.05828448703416273
-0.005736806641445985,0.14738190276701332,0.16990650043319377,0.02172142526322537,0.028868218889454875,0.42936505340242775,0.5706349465975722,-0.1569627265920609,0.02749390923386515,0.12104683839462586
-0.12683863362892173,0.20725363093847757,0.2227416943518386,0.042954067537182665,0.04961386240272789,0.4640275262184843,0.5359724737815156,-0.05448852698572414,-0.05958409330624881,0.21225676160052778
-0.1245514044937451,0.28874421379036636,0.3347614484486206,0.08337322099741679,0.11206522736741847,0.4265957988050519,0.5734042011949481,-0.008981621219598567,-0.013941791040282984,0.21090964737350879
-0.10516447180692852,0.25452513441898494,0.28355877245384215,0.06478304405100235,0.08040557743552983,0.4461991813663696,0.5538008186336305,-0.09032612528031102,-0.05169974649934085,0.09601276770038708
-0.058353231874507985,0.16931407008367783,0.3797429817095594,0.028667254328300567,0.14420473215766677,0.1658293799419468,0.8341706200580533,-0.05890852510901689,0.04722189794223997,0.08539139672606126
-0.06488761239508142,0.1814858248992971,0.27519153719021744,0.03293710463937833,0.07573038214111483,0.30309990241985474,0.6969000975801453,-0.011394178793669482,0.09450778606975885,0.036410476129775146
1.3611597413226706e-05,0.1421390289683225,0.33418968270071675,0.020203503556057625,0.11168274402360574,0.15318885726773054,0.8468111427322695,0.057095195144544766,-0.02437195238776843,0.012864611878906453
0.02208123111823359,0.0722163585182503,0.2980831053810037,0.005215202437636462,0.08885353771358255,0.05544033468772761,0.9445596653122724,0.0046784643951027875,-0.012807606065980469,-0.006133162608736635
-0.07010126270107926,0.050520540429698696,0.2558049436333305,0.0025523250053088205,0.0654361691872514,0.037540543228976445,0.9624594567710236,-0.055458980631355966,-0.02370204134652592,-0.039401170720502685
-0.13391101387049997,0.05450417446076421,0.18038767445745468,0.002970705033649421,0.03253971309616865,0.08365728116152264,0.9163427188384774,-0.09754736675365744,-0.04294994887302628,0.012733832219646829
-0.06525336735642308,0.08373144922672326,0.2002732212108278,0.007010955589607336,0.04010936313416116,0.1487883736675758,0.8512116263324242,-0.12140446339517816,-0.011589418395938848,-0.02648537663319299
-0.07550393966612584,0.0814283376141143,0.19850626320687229,0.0066305741665981825,0.03940473653235606,0.1440323539892782,0.8559676460107218,-0.0001985436547327496,-0.053205267557733416,0.007820588421786213
-0.04150785475373803,0.0842979349704715,0.24929765950670169,0.007106141840285842,0.06214932303551937,0.10260766934463843,0.8973923306553616,-0.019236921700700682,-0.0733778582557282,0.01985004700450459
0.03684117494176828,0.08413095424531071,0.2509082539954095,0.007078017462226564,0.06295495192302493,0.10106693353655158,0.8989330664634484,-0.07664880996819731,-0.022965083695812787,-0.01998994622566325
-0.0823310650712352,0.1050806366067129,0.2313290188953786,0.011041940189672049,0.05351311498309843,0.17104687092467352,0.8289531290753265,-0.09763898196318657,-0.06724975844202331,-0.03518835507581265
-0.12196245735296848,0.09574256399767063,0.17773295003234296,0.009166638560848057,0.03158900152719932,0.2249170554319525,0.7750829445680476,-0.06676194777062427,-0.05427117474851758,-0.008106510904274333
-0.11147804502891598,0.1277514051893657,0.14669817872202914,0.016320421527857495,0.021520355640360405,0.43129192234362607,0.5687080776563738,-0.05417694762016252,-0.08422199861333157,0.05175719189927232
-0.06644540521195971,0.1291087541049599,0.12900273006336485,0.016669070386535,0.016641704363801378,0.5004107683315493,0.4995892316684507,-0.017604505933180012,-0.024018649404075002,0.006598900938503738
-0.010271171854174914,0.10391758896381283,0.1544853572612501,0.010798865296051953,0.023865725608136077,0.3115243830772363,0.6884756169227637,-0.14866322672233173,0.03851796072299714,0.007415321519226872
0.07640782183356214,0.11938635053732113,0.14476571622762824,0.014253100694620118,0.020957112594898186,0.4048001804880606,0.5951998195119395,-0.06324375727358852,0.045707881405834136,-0.10219491482023038
0.08836673240885368,0.11581072445977644,0.1887238779471624,0.013412123899898262,0.035616702107415445,0.2735558852234715,0.7264441147765286,-0.12399747882897008,-0.0038102662112314695,-0.08726787893981815
0.03783983278941541,0.09605223452608157,0.16650298786721054,0.009226031757453375,0.02772324496870846,0.2496945156959164,0.7503054843040836,-0.07737007016774965,0.1022751993088481,-0.16611396297188924
0.04633038157834593,0.12324443409722234,0.19409668987923165,0.01518919053594458,0.037673525022074626,0.28733277085006653,0.7126672291499335,-0.22742937953876474,0.10360143186613573,-0.16295724291347388
-0.011146058447189813,0.16873748524135188,0.2020119437919799,0.028472338925575442,0.040808825434614046,0.4109679620502493,0.5890320379497506,-0.18546744268452903,0.10286807881378235,-0.11491874878930977
-0.036729012070600746,0.17367979752846058,0.1970032464251628,0.03016467206952706,0.03881027910205342,0.43732792205231324,0.5626720779476867,-0.07824716262535597,0.17358968990312995,-0.0410222416232233
0.0035643568630018517,0.16272562194261722,0.19533832790852534,0.026479628036611587,0.038157062350098574,0.40966868628620284,0.5903313137137972,-0.0922310997107399,0.07045642796720841,-0.0020714144450248925
0.021691727096307883,0.16574898030708965,0.18588291033695695,0.027472724472839993,0.03455245635533718,0.44292856717250423,0.5570714328274958,-0.129484034105562,0.07911677113119514,-0.010454562844724648
0.01169745465483664,0.13818204743622392,0.2473395883287756,0.01909427823366684,0.06117687195464818,0.23787223914036268,0.7621277608596374,-0.09956962810605027,0.06159113067512481,-0.06685230480492045
